"time","SIMULATED_Brownian"
0,0
0.001,-0.0177237961616049
0.002,-0.0250026474902711
0.003,0.0242880373152538
0.004,0.0265177084258173
0.005,0.0306061455921495
0.006,0.0848412625297293
0.007,0.0994167127438215
0.008,0.0594119639344088
0.009,0.0376917696407504
0.01,0.0235987007204131
0.011,0.0623075659430288
0.012,0.0736858782142607
0.013,0.0863593842647292
0.014,0.0898594790647293
0.015,0.0722822390343748
0.016,0.128789393966113
0.017,0.144532808420197
0.018,0.0823429134150596
0.019,0.10452173440848
0.02,0.0895707573427044
0.021,0.0558032068383004
0.022,0.04891023480729
0.023,0.0164651253461364
0.024,-0.00658443916466404
0.025,-0.0263499162991411
0.026,-0.0796878420603029
0.027,-0.0531946895124676
0.028,-0.0483446056704197
0.029,-0.0843356557716732
0.03,-0.0446865466228211
0.031,-0.0312005638184488
0.032,-0.040531543406641
0.033,-0.0122251845969797
0.034,0.0155438345057352
0.035,0.0415245095105272
0.036,0.0633012264248611
0.037,0.0808176406384092
0.038,0.0788598204458134
0.039,0.0691844314819099
0.04,0.0571528820134763
0.041,0.0351843184154423
0.042,0.0286093967809983
0.043,-0.0114059493572306
0.044,0.0571824605935586
0.045,0.0953815730092808
0.046,0.0598657611832077
0.047,0.0471254240403389
0.048,0.0323684860427321
0.049,0.0570331487369873
0.05,0.0543967873724577
0.051,0.0624074221495844
0.052,0.0615046944824894
0.053,0.0601490115887541
0.054,0.103428015872697
0.055,0.0962885104300525
0.056,0.144243521576948
0.057,0.0952676576375446
0.058,0.113754767640559
0.059,0.117671382724827
0.06,0.124500054712235
0.061,0.13650530926473
0.062,0.120620446925268
0.063,0.110083504269458
0.064,0.0778733224774883
0.065,0.0439803079590065
0.066,0.0535787263783459
0.067,0.0677523640786344
0.068,0.0694285048994781
0.069,0.0985931630032397
0.07,0.16342253303136
0.071,0.14789476416269
0.072,0.0748724326727391
0.073,0.106676677351516
0.074,0.0842497800706294
0.075,0.0624930372920486
0.076,0.0949244516050501
0.077,0.0859191384208864
0.078,0.0473166549125427
0.079,0.053049974349758
0.08,0.0486578438234446
0.081,0.0488401233864473
0.082,0.0610237594402723
0.083,0.049302460059728
0.084,0.0696794357009031
0.085,0.0627070384128354
0.086,0.0731989053382094
0.087,0.107884000419043
0.088,0.121645647484868
0.089,0.111338785768181
0.09,0.147667272444772
0.091,0.179084622934774
0.092,0.19642645747434
0.093,0.203975817801502
0.094,0.184119684232069
0.095,0.227147292644467
0.096,0.208165417817095
0.097,0.27733496040875
0.098,0.325800363857971
0.099,0.3183468640572
0.1,0.2858885852275
0.101,0.263423557167267
0.102,0.271546933314536
0.103,0.26374585115247
0.104,0.252755589172147
0.105,0.222662767809511
0.106,0.221238866126997
0.107,0.196418007435693
0.108,0.143673052190386
0.109,0.131649233881291
0.11,0.160710458347324
0.111,0.142516389880302
0.112,0.161741909823818
0.113,0.110579966371863
0.114,0.10882294274853
0.115,0.125248040724139
0.116,0.134771346218783
0.117,0.138113120898471
0.118,0.117852217930474
0.119,0.0909822072183738
0.12,0.058596411261722
0.121,0.0623167233197676
0.122,0.0323549452596351
0.123,0.0168421568071958
0.124,0.00874381062387512
0.125,0.0670518468996659
0.126,0.0464353808028607
0.127,0.0538789577932609
0.128,0.0563442963226916
0.129,0.025927718858747
0.13,0.0236727591813668
0.131,0.0693534682670589
0.132,0.0836312800723377
0.133,0.0849351795531551
0.134,0.0715746566091601
0.135,0.00664527841435644
0.136,0.0424213023753244
0.137,-0.00376819228299884
0.138,0.0196310025504471
0.139,0.0800021582292887
0.14,0.0343422473631785
0.141,0.0565346166232941
0.142,0.0482432039903975
0.143,-0.00147235953990228
0.144,-0.0493703563812391
0.145,-0.100015377017704
0.146,-0.116804115364672
0.147,-0.163028885675261
0.148,-0.141275047242895
0.149,-0.0748637713774533
0.15,-0.115563248600673
0.151,-0.0906527590064971
0.152,-0.0663335080220671
0.153,-0.0558283400814243
0.154,-0.0877160082953317
0.155,-0.0914934313893018
0.156,-0.100360310433545
0.157,-0.0825570181954273
0.158,-0.0943345657775077
0.159,-0.0634399546245579
0.16,-0.0752852414089913
0.161,-0.0419955819069449
0.162,-0.0751734720043692
0.163,-0.115023079792795
0.164,-0.0125323979729757
0.165,-0.0257145923580898
0.166,-0.0162838078543395
0.167,0.00384629273903954
0.168,-0.0114521939119709
0.169,0.00489241904924799
0.17,0.0165601018726924
0.171,0.00974917219518189
0.172,0.0118139192079992
0.173,0.0107366180535949
0.174,0.0780441769636132
0.175,0.0546010712044132
0.176,0.0199426260944317
0.177,0.021137600199554
0.178,0.0309558635783177
0.179,0.0447599480332842
0.18,0.0302651635150045
0.181,-0.00336016127429861
0.182,0.0365852613557379
0.183,0.0255283452487906
0.184,-0.00184157465278088
0.185,-0.00931339067694732
0.186,-0.0155486399351688
0.187,0.0195501214321218
0.188,0.0222297498931054
0.189,0.0460750242876495
0.19,0.0302860243696071
0.191,0.037067380487785
0.192,0.0267999104429962
0.193,0.0297909042246281
0.194,0.00147702877797092
0.195,-0.0399741552796041
0.196,0.0231832774121736
0.197,0.0421793583458267
0.198,0.00261068360907641
0.199,-0.0167160796406718
0.2,-0.0542042515216378
0.201,0.0153282369305825
0.202,0.0568303792934903
0.203,0.0484457563985407
0.204,0.0656230607849989
0.205,0.0525204811748075
0.206,0.0374602320191334
0.207,0.0125224206503413
0.208,-0.00628102836203446
0.209,0.0459252496676053
0.21,0.0442167303378206
0.211,0.047987595810185
0.212,0.0556936689570356
0.213,0.0946679783293415
0.214,0.0783486070911656
0.215,0.0469627751987444
0.216,0.0999529649442573
0.217,0.0860021590911813
0.218,0.0631368054554928
0.219,0.0240424167983796
0.22,-0.0165838614851469
0.221,-0.0347344965962783
0.222,-0.0151920691570122
0.223,0.0199044106021568
0.224,0.0422803190414528
0.225,0.0307804655758375
0.226,0.0326699244977153
0.227,0.010388627932424
0.228,-0.0122918017657012
0.229,0.015683303334014
0.23,-0.0164325538974939
0.231,0.0453992703638947
0.232,0.0425431140211578
0.233,0.0493274274080409
0.234,0.0259731307869071
0.235,0.00780936556798937
0.236,-0.0338383413647129
0.237,-0.0396229500559999
0.238,-0.0263735630650374
0.239,-0.0161181592386665
0.24,-0.0408325129748636
0.241,-0.0657709293823593
0.242,-0.0816518472621675
0.243,-0.034342254917051
0.244,-0.0703069532416499
0.245,-0.0759690618109102
0.246,-0.0158110989083853
0.247,-0.0190042051495189
0.248,-0.0620061439403393
0.249,-0.0830279992836384
0.25,-0.0676764068216713
0.251,-0.0795540125234355
0.252,-0.0973221032457367
0.253,-0.10819772111005
0.254,-0.105335965854365
0.255,-0.0547866800885885
0.256,-0.0575873548444595
0.257,-0.0234094738264476
0.258,-0.00346327733663714
0.259,-0.00705688636526651
0.26,-0.0555315039549495
0.261,-0.0720106804711816
0.262,-0.0875017443745452
0.263,-0.0860105902815483
0.264,-0.0448946979598857
0.265,0.0276188261595933
0.266,0.0765576362608342
0.267,0.0723470330615612
0.268,0.0168007596371046
0.269,0.00450646084833089
0.27,0.00732744093483426
0.271,0.0340490983879765
0.272,0.0644869053082271
0.273,0.0861266695210897
0.274,0.0420042204593215
0.275,0.0688722926825594
0.276,0.0547509135876115
0.277,0.060278660324182
0.278,0.0626361755453396
0.279,0.0761759975022676
0.28,0.076956288971829
0.281,0.0242260964720067
0.282,0.0475161438340788
0.283,0.0597233757673152
0.284,0.0513227337672678
0.285,0.0550587912468121
0.286,0.0592974653852914
0.287,0.0662867146642188
0.288,0.118174826408654
0.289,0.111247845211127
0.29,0.116562539300187
0.291,0.153510081503261
0.292,0.186846212503244
0.293,0.223062611992952
0.294,0.204801470400824
0.295,0.268125534429604
0.296,0.270234801170167
0.297,0.329269840003774
0.298,0.28655054615281
0.299,0.287214105416392
0.3,0.326739874665341
0.301,0.304121930762695
0.302,0.280319815670193
0.303,0.250640615913999
0.304,0.217357223611164
0.305,0.203533025354104
0.306,0.214005830355716
0.307,0.150310901751203
0.308,0.157014311639663
0.309,0.196121410361371
0.31,0.260555158349584
0.311,0.301701956070417
0.312,0.325633275363729
0.313,0.2710292657012
0.314,0.252007953449488
0.315,0.240875266999561
0.316,0.263122646210387
0.317,0.259781025221984
0.318,0.219979060836821
0.319,0.27324559493378
0.32,0.302066318150964
0.321,0.309574522616425
0.322,0.348094499077345
0.323,0.305758738872035
0.324,0.3266557115229
0.325,0.310119770264486
0.326,0.331741702154372
0.327,0.329818343069679
0.328,0.349834318295515
0.329,0.392067093484152
0.33,0.392297626381649
0.331,0.424475655837099
0.332,0.386894071837777
0.333,0.364074935823086
0.334,0.412116818119636
0.335,0.424050873682734
0.336,0.35915388989528
0.337,0.316019238271749
0.338,0.309669985069915
0.339,0.337048333759524
0.34,0.333826502324589
0.341,0.353565043309868
0.342,0.383891456131466
0.343,0.436734849673763
0.344,0.438506254316073
0.345,0.436862442109585
0.346,0.381420208771703
0.347,0.384561223089925
0.348,0.366477736459434
0.349,0.335676849014521
0.35,0.329987714460854
0.351,0.362083035675931
0.352,0.299066795394788
0.353,0.285555037948965
0.354,0.289243432711128
0.355,0.260997729264347
0.356,0.271556667421645
0.357,0.284567223888525
0.358,0.283522528803962
0.359,0.205543981100193
0.36,0.286860627587514
0.361,0.280368495032106
0.362,0.30096103470027
0.363,0.309618291287346
0.364,0.342021304081731
0.365,0.367877966090675
0.366,0.361243723504357
0.367,0.373202438482863
0.368,0.343305986218973
0.369,0.370404271157485
0.37,0.355824958762133
0.371,0.43225004262588
0.372,0.380039292239076
0.373,0.36536672730873
0.374,0.391467530320294
0.375,0.407599337887486
0.376,0.388958310695598
0.377,0.357437335963909
0.378,0.362006058898346
0.379,0.361553618768021
0.38,0.304939955147833
0.381,0.306032555825157
0.382,0.312048166601167
0.383,0.317573500419341
0.384,0.284210932170147
0.385,0.299267588462539
0.386,0.342861803933353
0.387,0.357289265788664
0.388,0.321378805278569
0.389,0.307602485912966
0.39,0.318547243355144
0.391,0.298085863904871
0.392,0.229855095867241
0.393,0.257817562008849
0.394,0.231587176800348
0.395,0.213449608490242
0.396,0.261007121479928
0.397,0.23652650931369
0.398,0.263270888874094
0.399,0.223404595831641
0.4,0.212192980623408
0.401,0.209866935062546
0.402,0.172910932142735
0.403,0.152838429563214
0.404,0.151926379578117
0.405,0.17313564836504
0.406,0.120940783751626
0.407,0.109880583579556
0.408,0.133800255405755
0.409,0.116761613708843
0.41,0.123949215371274
0.411,0.139514849479388
0.412,0.14798453633533
0.413,0.168642357996588
0.414,0.164761969423408
0.415,0.151680369448721
0.416,0.0680966606137344
0.417,0.0651576075492251
0.418,0.0787644043773403
0.419,0.0956952023149142
0.42,0.078135759059584
0.421,0.13440858203745
0.422,0.143466117472639
0.423,0.147460575645934
0.424,0.187693183790811
0.425,0.164973286978176
0.426,0.150732329278695
0.427,0.226546433468462
0.428,0.226898369269706
0.429,0.278556338523466
0.43,0.233066764251297
0.431,0.227042093981427
0.432,0.239008908546871
0.433,0.248496960433808
0.434,0.216695949656744
0.435,0.217304981395733
0.436,0.183233948776333
0.437,0.20577160681381
0.438,0.240075207143544
0.439,0.169714918276028
0.44,0.208790976582506
0.441,0.169545703707182
0.442,0.183926770705531
0.443,0.204794724410377
0.444,0.198473653031376
0.445,0.178073358490971
0.446,0.18330126821327
0.447,0.197177933954605
0.448,0.22511042170148
0.449,0.160209827748175
0.45,0.108462971718718
0.451,0.153696265404637
0.452,0.186793575621723
0.453,0.200558620810213
0.454,0.223174547808634
0.455,0.252178165333863
0.456,0.168032398123655
0.457,0.203142442716631
0.458,0.187805788295953
0.459,0.195098532811592
0.46,0.185764823612006
0.461,0.213338776559336
0.462,0.202319110154171
0.463,0.218715638909987
0.464,0.206361095108853
0.465,0.171804129322258
0.466,0.2100680213796
0.467,0.233497336920311
0.468,0.288023296511875
0.469,0.290083644766551
0.47,0.325659355274157
0.471,0.388127590714112
0.472,0.379226344672865
0.473,0.337390957179258
0.474,0.329821996042386
0.475,0.323053417726781
0.476,0.32784997643571
0.477,0.381997814207429
0.478,0.371684238754729
0.479,0.383479681656635
0.48,0.376279679336681
0.481,0.376926387523714
0.482,0.386857762856819
0.483,0.42885959946867
0.484,0.43269602341774
0.485,0.45523807685631
0.486,0.479867793582135
0.487,0.508795464367594
0.488,0.490631513762644
0.489,0.542078014956598
0.49,0.530031105094997
0.491,0.526685915993414
0.492,0.571085883946874
0.493,0.61200841021475
0.494,0.577539840735838
0.495,0.549930911532228
0.496,0.506984680830326
0.497,0.512735193978187
0.498,0.5179479199192
0.499,0.529462237334821
0.5,0.546922997380451
0.501,0.527889474373715
0.502,0.496465965817992
0.503,0.528935760264197
0.504,0.552686404050686
0.505,0.504962367786004
0.506,0.501953541203577
0.507,0.473621183357783
0.508,0.408138284856337
0.509,0.412885500228315
0.51,0.410380606042193
0.511,0.407301519447758
0.512,0.414136862989024
0.513,0.442042861741506
0.514,0.448544425695647
0.515,0.429051012747187
0.516,0.405814620156596
0.517,0.401646649876777
0.518,0.41145024778609
0.519,0.378572668255434
0.52,0.372744310070322
0.521,0.403331986552735
0.522,0.399907869417217
0.523,0.37782186867188
0.524,0.369095716256446
0.525,0.404343998195819
0.526,0.421737915502399
0.527,0.460845038057088
0.528,0.465243698519888
0.529,0.478217736241439
0.53,0.460557778060588
0.531,0.479701279485384
0.532,0.463689606994794
0.533,0.418767381391742
0.534,0.422814874352158
0.535,0.484348092710594
0.536,0.509675227947998
0.537,0.546523775582623
0.538,0.557871789946234
0.539,0.538627522246989
0.54,0.532232104866103
0.541,0.523591241027556
0.542,0.508769652598249
0.543,0.531037377308173
0.544,0.493173418761862
0.545,0.520570321412929
0.546,0.54789722243464
0.547,0.509993455344026
0.548,0.530215967932198
0.549,0.607066482450747
0.55,0.589445781746308
0.551,0.61616399982217
0.552,0.591428605600723
0.553,0.62655238464749
0.554,0.634452535955306
0.555,0.686690687349488
0.556,0.640553981932569
0.557,0.638931800339488
0.558,0.622268963209066
0.559,0.616030900322906
0.56,0.596121872389777
0.561,0.569753423121771
0.562,0.588054231488663
0.563,0.553661909531108
0.564,0.600591088149701
0.565,0.563079942298878
0.566,0.566276345722539
0.567,0.583130946870943
0.568,0.601685147423383
0.569,0.592143080081633
0.57,0.594657153919291
0.571,0.625054995447175
0.572,0.578997499123501
0.573,0.554276718865057
0.574,0.564408729673354
0.575,0.550343488535948
0.576,0.593666818780708
0.577,0.614956975297798
0.578,0.617239088387479
0.579,0.569559615565463
0.58,0.570384977160208
0.581,0.560379028846987
0.582,0.557142547913964
0.583,0.519778364435124
0.584,0.53554731635579
0.585,0.50269262894508
0.586,0.495538861763536
0.587,0.507600605558388
0.588,0.482823660798537
0.589,0.501259467781059
0.59,0.459627753455835
0.591,0.370774876481998
0.592,0.385478455381552
0.593,0.412058658554358
0.594,0.403019432581514
0.595,0.418961304509508
0.596,0.382408014466592
0.597,0.378387222477729
0.598,0.316991020604133
0.599,0.354343240060271
0.6,0.413158785733896
0.601,0.447122035508262
0.602,0.446257248498627
0.603,0.445203250530778
0.604,0.397260982770825
0.605,0.422255161929847
0.606,0.415591162011493
0.607,0.394823127198063
0.608,0.350170951001014
0.609,0.340691628536006
0.61,0.3138419579422
0.611,0.301286750493823
0.612,0.262782858090562
0.613,0.316149123305104
0.614,0.315643078962144
0.615,0.349635826999809
0.616,0.267362859542577
0.617,0.253031485808282
0.618,0.231670860202873
0.619,0.192998538832434
0.62,0.241906614606581
0.621,0.197151470629309
0.622,0.207219854706344
0.623,0.233986520272789
0.624,0.239621388793744
0.625,0.211943380359503
0.626,0.241705656410685
0.627,0.247100125213648
0.628,0.21346936850377
0.629,0.16957540355927
0.63,0.235563202821086
0.631,0.214107049429979
0.632,0.155428721549712
0.633,0.172291863248827
0.634,0.182102205331323
0.635,0.139290204577079
0.636,0.0778485279635681
0.637,0.074170719445248
0.638,0.110201593838762
0.639,0.130317602094289
0.64,0.114729552051405
0.641,0.0883502039602586
0.642,0.096922087453124
0.643,0.101898037199668
0.644,0.121811271088788
0.645,0.109295040927398
0.646,0.137735113237658
0.647,0.1114625459106
0.648,0.101009804701836
0.649,0.124436416888903
0.65,0.155742067910528
0.651,0.0944411667951542
0.652,0.0978308250900695
0.653,0.117082107777948
0.654,0.0712030146241421
0.655,0.0864017305980463
0.656,0.060212560658026
0.657,0.0924757937388967
0.658,0.109504090744099
0.659,0.133823659663758
0.66,0.137641140045307
0.661,0.164952101541071
0.662,0.208607804065341
0.663,0.270786025801598
0.664,0.269888095328676
0.665,0.198766855133321
0.666,0.199763794933741
0.667,0.206264211106526
0.668,0.201351759897668
0.669,0.21932262399778
0.67,0.251283067485859
0.671,0.234903024813065
0.672,0.225602913982808
0.673,0.238183789274422
0.674,0.220784186816368
0.675,0.223670314895437
0.676,0.161635673738062
0.677,0.126221335032017
0.678,0.0842340202453249
0.679,0.0572400687818158
0.68,0.0353158545781285
0.681,0.0474054046945473
0.682,0.0784625447709296
0.683,0.0554606579268501
0.684,0.0239378414792607
0.685,-0.00900325259702745
0.686,-0.0221136992724025
0.687,-0.0296724620958997
0.688,-0.0143791328626749
0.689,-0.0245403165631372
0.69,-0.0902679183812947
0.691,-0.0931593240507536
0.692,-0.0556171807530539
0.693,-0.0179354400406689
0.694,-0.0428846476339458
0.695,-0.091829639502723
0.696,-0.0140989416950425
0.697,-0.0192351744972807
0.698,-0.0223168536089254
0.699,-0.00901712999528953
0.7,-0.060057539158259
0.701,-0.0830858494285378
0.702,-0.131798915478784
0.703,-0.153716491621472
0.704,-0.149958142552332
0.705,-0.193114044868457
0.706,-0.174457154399961
0.707,-0.16530729281564
0.708,-0.193901082570727
0.709,-0.186744059478421
0.71,-0.163087655996951
0.711,-0.129532877849948
0.712,-0.13626373141564
0.713,-0.139224786831187
0.714,-0.141966928549928
0.715,-0.0963839054583287
0.716,-0.060806008347988
0.717,-0.0344199139747125
0.718,-0.0435064278966238
0.719,-0.0317034974054875
0.72,-0.0189503373556764
0.721,-0.0518909392329276
0.722,-0.106544726820597
0.723,-0.0862482792399173
0.724,-0.134609324522038
0.725,-0.134556081617235
0.726,-0.126642550667679
0.727,-0.108811498151061
0.728,-0.102821314559633
0.729,-0.125996186757861
0.73,-0.0948045595228588
0.731,-0.0398241323198386
0.732,-0.0119588116990515
0.733,-0.0734224499432809
0.734,-0.0291639648952469
0.735,-0.0309366095586912
0.736,-0.0143373625687435
0.737,0.00533305548802955
0.738,0.00227557339451987
0.739,-0.000104457891054178
0.74,0.0321241184344236
0.741,0.0546269470585348
0.742,0.0859417888422732
0.743,0.16129654738373
0.744,0.182307221811943
0.745,0.188865189823338
0.746,0.118958832819319
0.747,0.204078303419595
0.748,0.18881472211312
0.749,0.263910427496845
0.75,0.275757697353124
0.751,0.324407131850121
0.752,0.320937786872666
0.753,0.33711191228678
0.754,0.343877857679155
0.755,0.337992204381917
0.756,0.334185017361658
0.757,0.366213651298576
0.758,0.359842985322307
0.759,0.295405807015444
0.76,0.289211245061026
0.761,0.306280922791587
0.762,0.3257749641946
0.763,0.345272550546477
0.764,0.291763602164664
0.765,0.303424249888797
0.766,0.334030645466836
0.767,0.374399607925359
0.768,0.3672857079071
0.769,0.357106570564503
0.77,0.404156133941516
0.771,0.351411617962154
0.772,0.337597841189311
0.773,0.352064062328574
0.774,0.300905563953859
0.775,0.309748173379144
0.776,0.369131447805218
0.777,0.369003038668743
0.778,0.36019754924348
0.779,0.375215576281902
0.78,0.366390539369348
0.781,0.392112517686576
0.782,0.420713278329509
0.783,0.420798396131276
0.784,0.383588122897804
0.785,0.341902323321656
0.786,0.323150100102151
0.787,0.348365485537577
0.788,0.28644160075914
0.789,0.226790761666405
0.79,0.206116428321328
0.791,0.218588288491873
0.792,0.189698793439868
0.793,0.217740260141715
0.794,0.228282344233643
0.795,0.222886245706687
0.796,0.248779864943404
0.797,0.261061049727117
0.798,0.246959345982722
0.799,0.25426784192314
0.8,0.274744012189071
0.801,0.286010680810545
0.802,0.265202571002931
0.803,0.292246439282943
0.804,0.328705483979772
0.805,0.337442052562071
0.806,0.341999042110374
0.807,0.339607567075389
0.808,0.407957537526361
0.809,0.416695401870666
0.81,0.411689705163708
0.811,0.332382380769438
0.812,0.282883825195188
0.813,0.280427582924343
0.814,0.286951173418674
0.815,0.295706649332413
0.816,0.321684974727308
0.817,0.315545336460689
0.818,0.35395400657152
0.819,0.324813110612987
0.82,0.286598796428485
0.821,0.247734841089144
0.822,0.271208334057088
0.823,0.268586175244671
0.824,0.293562410942406
0.825,0.285096790578671
0.826,0.266379518858094
0.827,0.254731187664213
0.828,0.196146299702696
0.829,0.159159817612701
0.83,0.113558678139019
0.831,0.146899275811875
0.832,0.128010039775246
0.833,0.152974952336028
0.834,0.200930595851886
0.835,0.194866143905572
0.836,0.203843183143082
0.837,0.148469566162756
0.838,0.122580954677697
0.839,0.124358624301428
0.84,0.133816582630116
0.841,0.109802305615034
0.842,0.194705001954604
0.843,0.18020943298967
0.844,0.18224099262908
0.845,0.202789215681666
0.846,0.201966434206727
0.847,0.18161504649864
0.848,0.214670513990626
0.849,0.265758542836302
0.85,0.264819537023377
0.851,0.28259999167748
0.852,0.279519537999119
0.853,0.31166267427413
0.854,0.2751014510513
0.855,0.348493495438411
0.856,0.329408161617465
0.857,0.283275292489192
0.858,0.272178296434317
0.859,0.276817626054006
0.86,0.328161036790234
0.861,0.356976016836066
0.862,0.361480948007676
0.863,0.317541620936878
0.864,0.290155102808486
0.865,0.284991579874178
0.866,0.365725354318407
0.867,0.306899793310606
0.868,0.342666881890228
0.869,0.325994270756965
0.87,0.378677528807705
0.871,0.342652841465331
0.872,0.347194606929883
0.873,0.312423753138245
0.874,0.340995451245032
0.875,0.387916678543557
0.876,0.449603893141193
0.877,0.474826240553502
0.878,0.533115437539439
0.879,0.572530822354044
0.88,0.568360571478066
0.881,0.583445813495028
0.882,0.552708657687394
0.883,0.54685205085828
0.884,0.585462313446158
0.885,0.602579220993534
0.886,0.617042129718664
0.887,0.584213543767362
0.888,0.565097156931744
0.889,0.540918191770511
0.89,0.553418544759516
0.891,0.522095943239009
0.892,0.539869252559011
0.893,0.504565065769983
0.894,0.562388275956972
0.895,0.576953453306186
0.896,0.554785772678928
0.897,0.562408314353158
0.898,0.551262765571424
0.899,0.562999494589074
0.9,0.570700675349632
0.901,0.538631569418957
0.902,0.513608027407237
0.903,0.523082011571031
0.904,0.574913383920045
0.905,0.609211985283632
0.906,0.589461427592729
0.907,0.615579403001743
0.908,0.614043536832619
0.909,0.623571911127947
0.91,0.631805264385191
0.911,0.713248136912275
0.912,0.6757660136466
0.913,0.678957379802837
0.914,0.622669555669366
0.915,0.641321805292739
0.916,0.675999610013499
0.917,0.72171546410533
0.918,0.660837025880692
0.919,0.673889943478448
0.92,0.724276725494889
0.921,0.711184394348349
0.922,0.704475605466394
0.923,0.703320197050967
0.924,0.714863103482959
0.925,0.735897305638078
0.926,0.77757046104472
0.927,0.774550878303845
0.928,0.780757735087636
0.929,0.859435136144473
0.93,0.873067681241479
0.931,0.87903657865069
0.932,0.836591124154705
0.933,0.836681440310627
0.934,0.82968249281292
0.935,0.829333193004478
0.936,0.811136889481892
0.937,0.789417871538157
0.938,0.766625007998725
0.939,0.759841779628186
0.94,0.803105932718265
0.941,0.836280964745765
0.942,0.824897552008887
0.943,0.771584192597905
0.944,0.744876119515829
0.945,0.730400460436096
0.946,0.733677781891252
0.947,0.712724300037115
0.948,0.776181115234205
0.949,0.767571259817402
0.95,0.729182965028168
0.951,0.724715876035262
0.952,0.692923045372193
0.953,0.697861122418438
0.954,0.705249266003446
0.955,0.716493933608297
0.956,0.665206272200416
0.957,0.67218577604825
0.958,0.682003069591194
0.959,0.637063674628993
0.96,0.667274988827113
0.961,0.692072649354259
0.962,0.764792998680953
0.963,0.769748382243552
0.964,0.771226226144063
0.965,0.774280538398139
0.966,0.77648674033224
0.967,0.718032898703443
0.968,0.66518722105497
0.969,0.662735223630207
0.97,0.644360259664027
0.971,0.64609118056787
0.972,0.579328909820648
0.973,0.531935909724415
0.974,0.497103945004401
0.975,0.528285843845243
0.976,0.49354853975185
0.977,0.46826568860797
0.978,0.470791520532223
0.979,0.460585384433222
0.98,0.465215502164888
0.981,0.538107962276153
0.982,0.50254487161452
0.983,0.492885073433056
0.984,0.476543704797001
0.985,0.524369847513131
0.986,0.500036597698208
0.987,0.497440781878185
0.988,0.522332132319588
0.989,0.488856560288635
0.99,0.541197815346354
0.991,0.56256729924671
0.992,0.52859790360948
0.993,0.542972916113396
0.994,0.536227551975393
0.995,0.54613271545739
0.996,0.543287449902471
0.997,0.577140139382032
0.998,0.534414593718487
0.999,0.517888002654751
1,0.510007901520869
