"years","discount","spot","forward"
0.01,0.999898883024391,0.0101122088275009,0.0102241269760454
0.0600667779632721,0.999359572894317,0.0106653342903199,0.0113203572385552
0.110133555926544,0.998766794160597,0.0112042769624001,0.0123744712643377
0.160200333889816,0.998122711515722,0.0117293937728481,0.0133878814771477
0.210267111853088,0.997429423007105,0.0122410327330649,0.0143619562048627
0.260333889816361,0.996688961396393,0.0127395331587579,0.0152980209965305
0.310400667779633,0.995903295536008,0.0132252258864358,0.0161973599012463
0.360467445742905,0.995074331758574,0.0136984334845251,0.0170612167099422
0.410534223706177,0.99420391527517,0.0141594704592408,0.0178907961611412
0.460601001669449,0.993293831578738,0.0146086434553416,0.0186872651116991
0.510667779632721,0.992345807849236,0.0150462514518971,0.0194517536735265
0.560734557595993,0.991361514357447,0.0154725859531891,0.0201853563172607
0.610801335559265,0.990342565864591,0.0158879311748708,0.0208891329438236
0.660868113522537,0.989290523015187,0.0162925642254975,0.0215641099247807
0.71093489148581,0.988206893720811,0.0166867552835484,0.0222112811123896
0.761001669449082,0.987093134532641,0.0170707677700463,0.0228316088201982
0.811068447412354,0.985950652000886,0.0174448585168896,0.0234260247750341
0.861135225375626,0.98478080401938,0.0178092779309984,0.0239954310411993
0.911202003338898,0.983584901153833,0.018164270154382,0.0245407009176621
0.96126878130217,0.982364207952354,0.0185100732202272,0.0250626798090177
1.01133555926544,0.98111994423708,0.0188469192051068,0.0255621860709655
1.06140233722871,0.979853286375825,0.0191750343774045,0.02604001183103
1.11146911519199,0.978565368532862,0.0194946393420501,0.0264969237852349
1.16153589315526,0.977257283898033,0.0198059491816564,0.0269336639714149
1.21160267111853,0.975930085893516,0.020109173594148,0.0273509505198357
1.2616694490818,0.974584789357695,0.0204045170269675,0.0277494783817704
1.31173622704507,0.973222371705655,0.0206921788079456,0.0281299200366638
1.36180300500835,0.971843774065943,0.0209723532729171,0.0284929261784978
1.41186978297162,0.970449902393302,0.021245229890164,0.0288391263819544
1.46193656093489,0.969041628557164,0.0215109933817639,0.029169129748956
1.51200333889816,0.967619791405775,0.0217698238419209,0.0294835255361445
1.56207011686144,0.96618519780587,0.0220218968523547,0.0297828837638488
1.61213689482471,0.964738623657883,0.0222673835948189,0.0300677558070707
1.66220367278798,0.963280814886745,0.0225064509608219,0.030338674969007
1.71227045075125,0.961812488408344,0.022739261658619,0.0305961570376097
1.76233722871452,0.960334333071786,0.0229659743175431,0.0308407008256723
1.8124040066778,0.958847010577646,0.0231867435897403,0.031072788694918
1.86247078464107,0.957351156372387,0.0234017202493758,0.0312928870645479
1.91253756260434,0.955847380519232,0.0236110512893709,0.0315014469046999
1.96260434056761,0.954336268545717,0.023814880015735,0.0316989042152531
2.01267111853088,0.952818382268256,0.0240133461395494,0.0318856804903988
2.06273789649416,0.951294260594025,0.0242065858666643,0.0320621831693918
2.11280467445743,0.949764420300499,0.0243947319851631,0.0322288060738795
2.1628714524207,0.948229356793009,0.0245779139506508,0.0323859298321981
2.21293823038397,0.946689544840688,0.0247562579694212,0.0325339222910123
2.26300500834724,0.94514543929119,0.0249298870795534,0.032673138914665
2.31307178631052,0.943597475764574,0.0250989212299913,0.0328039231725942
2.36313856427379,0.942046071326767,0.0252634773576551,0.0329266069151606
2.41320534223706,0.940491625143008,0.0254236694626334,0.0330415107382257
2.46327212020033,0.938934519111692,0.0255796086815047,0.0331489443368028
2.51333889816361,0.937375118479042,0.0257314033588335,0.0332492068481022
2.56340567612688,0.935813772435022,0.0258791591168872,0.0333425871842764
2.61347245409015,0.934250814690926,0.0260229789236178,0.0334293643551652
2.66353923205342,0.932686564039065,0.026162963158951,0.0335098077813332
2.71360601001669,0.931121324894976,0.0262992096794261,0.0335841775976807
2.76367278797997,0.929555387822586,0.0264318138812258,0.0336527249479038
2.81373956594324,0.927989030042735,0.0265608687616372,0.0337156922700706
2.86380634390651,0.926422515925505,0.0266864649789832,0.0337733135735716
2.91387312186978,0.92485609746674,0.0268086909110608,0.0338258147076984
2.96393989983305,0.92329001474919,0.0269276327121248,0.0338734136220931
3.01400667779633,0.921724496388683,0.0270433743684533,0.0339163206193077
3.0640734557596,0.920159759965718,0.027155997752528,0.0339547385997041
3.11414023372287,0.918596012442877,0.0272655826758668,0.0339888632989184
3.16420701168614,0.917033450568462,0.0273722069405398,0.0340188835181088
3.21427378964942,0.915472261266716,0.0274759463894022,0.0340449813471968
3.26434056761269,0.913912622015025,0.0275768749550768,0.0340673323813098
3.31440734557596,0.912354701208468,0.0276750647077159,0.0340861059306231
3.36447412353923,0.910798658512072,0.0277705859015733,0.0341014652237953
3.4145409015025,0.909244645201134,0.0278635070204166,0.0341135676051874
3.46460767946578,0.907692804489964,0.0279538948218081,0.0341225647260464
3.51467445742905,0.906143271849387,0.0280418143802824,0.0341286027298329
3.56474123539232,0.904596175313331,0.028127329129448,0.0341318224318643
3.61480801335559,0.903051635774854,0.0282105009030405,0.0341323594934423
3.66487479131886,0.901509767271896,0.0282913899749522,0.0341303445906274
3.71494156928214,0.899970677263103,0.0283700550982645,0.0341259035778179
3.76500834724541,0.898434466894001,0.0284465535433078,0.0341191576462877
3.81507512520868,0.896901231253837,0.0285209411347721,0.0341102234778334
3.86514190317195,0.895371059623369,0.0285932722878937,0.0340992133936725
3.91520868113522,0.893844035713889,0.0286636000437392,0.0340862354987372
3.9652754590985,0.892320237897759,0.0287319761036099,0.0340713938214979
4.01534223706177,0.890799739430724,0.0287984508625893,0.0340547884494503
4.06540901502504,0.889282608666271,0.0288630734422536,0.034036515660395
4.11547579298831,0.887768909262281,0.0289258917225668,0.0340166680496345
4.16554257095158,0.886258700380229,0.0289869523729806,0.0339953346532094
4.21560934891486,0.884752036877166,0.0290463008827592,0.0339726010672925
4.26567612687813,0.883248969490732,0.0291039815905471,0.0339485495638541
4.3157429048414,0.881749545017402,0.0291600377132004,0.0339232592027108
4.36580968280467,0.880253806484222,0.0292145113738985,0.0338968059400667
4.41587646076795,0.878761793314212,0.0292674436295547,0.0338692627336495
4.46594323873122,0.877273541485681,0.0293188744975436,0.0338406996445466
4.51601001669449,0.875789083685627,0.0293688429817608,0.0338111839358376
4.56607679465776,0.874308449457442,0.0294173870980337,0.0337807801681207
4.61614357262103,0.872831665343094,0.0294645438988976,0.0337495502920257
4.66621035058431,0.871358755019989,0.0295103494977535,0.0337175537378051
4.71627712854758,0.869889739432683,0.0295548390924238,0.0336848475020895
4.76634390651085,0.868424636919612,0.0295980469881195,0.0336514862318949
4.81641068447412,0.866963463335034,0.0296400066198347,0.033617522305963
4.8664774624374,0.865506232166309,0.0296807505741823,0.0335830059135161
4.91654424040067,0.864052954646717,0.0297203106106837,0.033547985130504
4.96661101836394,0.862603639863938,0.0297587176825288,0.0335125059934193
5.01667779632721,0.861158294864351,0.0297960019568161,0.0334766125707546
5.06674457429048,0.859716924753311,0.0298321928342884,0.0334403470321729
5.11681135225376,0.858279532791516,0.0298673189685758,0.0334037497154606
5.16687813021703,0.85684612048763,0.0299014082849578,0.0333668591913308
5.2169449081803,0.85541668768727,0.029934487998657,0.0333297123261419
5.26701168614357,0.853991232658494,0.0299665846326765,0.0332923443425952
5.31707846410684,0.852569752173915,0.0299977240351909,0.033254788878473
5.36714524207012,0.851152241589554,0.0300279313965036,0.0332170780434766
5.41721202003339,0.849738694920549,0.0300572312655804,0.0331792424742236
5.46727879799666,0.848329104913836,0.0300856475661701,0.0331413113874587
5.51734557595993,0.846923463117903,0.0301132036125219,0.0331033126315345
5.5674123539232,0.845521759949721,0.030139922124711,0.0330652727362147
5.61747913188648,0.844123984758967,0.0301658252435803,0.0330272169608507
5.66754590984975,0.842730125889612,0.0301909345453093,0.0329891693409825
5.71761268781302,0.841340170738993,0.0302152710556188,0.0329511527334113
5.76767946577629,0.83995410581444,0.0302388552636205,0.0329131888597924
5.81774624373957,0.838571916787564,0.0302617071353204,0.032875298348792
5.86781302170284,0.837193588546274,0.0302838461267847,0.0328375007768542
5.91787979966611,0.835819105244617,0.0303052911969765,0.0327998147076201
5.96794657762938,0.834448450350523,0.0303260608202716,0.0327622577300404
6.01801335559265,0.833081606691511,0.0303461729986614,0.0327248464952236
6.06808013355593,0.831718556498462,0.0303656452736501,0.0326875967520566
6.1181469115192,0.830359281447506,0.0303844947378554,0.0326505233816389
6.16821368948247,0.829003762700095,0.0304027380463182,0.0326136404305639
6.21828046744574,0.827651980941349,0.0304203914275293,0.0325769611430865
6.26834724540901,0.826303916416707,0.0304374706941811,0.032540497992209
6.31841402337229,0.824959548966983,0.0304539912536493,0.0325042627097215
6.36848080133556,0.823618858061847,0.0304699681182132,0.032468266315227
6.41854757929883,0.82228182283183,0.0304854159150194,0.032432519144186
6.4686143572621,0.820948422098875,0.0305003488957969,0.0323970308750082
6.51868113522537,0.819618634405507,0.0305147809463285,0.0323618105552234
6.56874791318865,0.818292438042674,0.0305287255956856,0.0323268666267608
6.61881469115192,0.8169698110763,0.0305421960252308,0.032292206950362
6.66888146911519,0.815650731372607,0.0305552050773966,0.0322578388291594
6.71894824707846,0.814335176622254,0.0305677652642431,0.0322237690314418
6.76901502504174,0.813023124363324,0.0305798887758017,0.0321900038126368
6.81908180300501,0.81171455200323,0.03059158748821,0.0321565489365323
6.86914858096828,0.810409436839554,0.0306028729716429,0.0321234096957624
6.91921535893155,0.809107756079874,0.0306137564980446,0.0320905909315809
6.96928213689482,0.807809486860625,0.0306242490486677,0.032058097052945
7.0193489148581,0.806514606265012,0.0306343613214222,0.0320259320549313
7.06941569282137,0.805223091340035,0.0306441037380417,0.0319940995365056
7.11948247078464,0.803934919112639,0.0306534864510691,0.0319626027176666
7.16954924874791,0.80265006660504,0.0306625193506671,0.0319314444559846
7.21961602671118,0.801368510849256,0.0306712120712586,0.0319006272625537
7.26968280467446,0.800090228900869,0.0306795739980004,0.0318701533173767
7.31974958263773,0.798815197852048,0.0306876142730938,0.0318400244842015
7.369816360601,0.797543394843877,0.0306953418019384,0.0318102423248258
7.41988313856427,0.796274797078,0.0307027652591303,0.0317808081128878
7.46994991652755,0.795009381827615,0.0307098930943101,0.0317517228471602
7.52001669449082,0.79374712644785,0.0307167335378648,0.0317229872643622
7.57008347245409,0.792488008385538,0.030723294606486,0.0316946018515063
7.62015025041736,0.79123200518842,0.0307295841085885,0.0316665668577952
7.67021702838063,0.789979094513798,0.0307356096495938,0.0316388823060824
7.72028380634391,0.788729254136665,0.0307413786370798,0.0316115480039119
7.77035058430718,0.787482461957328,0.0307468982858023,0.0315845635541502
7.82041736227045,0.786238696008544,0.0307521756225896,0.0315579283652243
7.87048414023372,0.784997934462199,0.0307572174911144,0.0315316416609788
7.92055091819699,0.783760155635544,0.0307620305565463,0.0315057024901638
7.97061769616027,0.782525337996999,0.030766621310087,0.0314801097355671
8.02068447412354,0.781293460171559,0.0307709960733914,0.0314548621228018
8.07075125208681,0.78006450094581,0.030775161002878,0.0314299582287603
8.12081803005008,0.778838439272567,0.0307791220939311,0.0314053964897472
8.17088480801335,0.777615254275165,0.0307828851849968,0.0313811752093003
8.22095158597663,0.776394925251402,0.0307864559615764,0.0313572925657111
8.2710183639399,0.775177431677169,0.0307898399601195,0.0313337466192544
8.32108514190317,0.773962753209751,0.0307930425718189,0.0313105353191375
8.37115191986644,0.772750869690856,0.0307960690463106,0.0312876565101769
8.42121869782972,0.771541761149334,0.0307989244952797,0.031265107939214
8.47128547579299,0.770335407803653,0.030801613895977,0.0312428872612766
8.52135225375626,0.769131790064095,0.0308041420946457,0.0312209920454956
8.57141903171953,0.76793088853472,0.0308065138098631,0.0311994197807857
8.6214858096828,0.76673268401509,0.0308087336357972,0.0311781678812974
8.67155258764608,0.765537157501775,0.0308108060453818,0.0311572336916485
8.72161936560935,0.764344290189637,0.030812735393412,0.0311366144919428
8.77168614357262,0.763154063472925,0.0308145259195607,0.0311163075025829
8.82175292153589,0.761966458946164,0.0308161817513204,0.0310963098888844
8.87181969949916,0.760781458404872,0.0308177069068697,0.0310766187654991
8.92188647746244,0.759599043846097,0.0308191052978685,0.0310572312006522
8.97195325542571,0.758419197468791,0.0308203807321825,0.0310381442202015
9.02202003338898,0.757241901674027,0.0308215369165383,0.0310193548115244
9.07208681135225,0.756067139065066,0.030822577459113,0.0310008599272384
9.12215358931553,0.754894892447282,0.0308235058720572,0.030982656488761
9.1722203672788,0.753725144827962,0.0308243255739549,0.0309647413897148
9.22228714524207,0.752557879415964,0.0308250398922215,0.0309471114991841
9.27235392320534,0.751393079621273,0.0308256520654411,0.0309297636648261
9.32242070116861,0.750230729054425,0.0308261652456446,0.0309126947158447
9.37248747913189,0.749070811525846,0.0308265825005308,0.0308959014658292
9.42255425709516,0.747913311045067,0.0308269068156314,0.0308793807154646
9.47262103505843,0.746758211819863,0.0308271410964204,0.030863129255117
9.5226878130217,0.745605498255294,0.0308272881703717,0.0308471438672998
9.57275459098497,0.744455154952659,0.0308273507889635,0.030831421329023
9.62282136894825,0.743307166708379,0.0308273316296329,0.0308159584140325
9.67288814691152,0.7421615185128,0.0308272332976803,0.0308007518949411
9.72295492487479,0.741018195548931,0.0308270583281266,0.0307857985452564
9.77302170283806,0.73987718319111,0.0308268091875226,0.0307710951413096
9.82308848080134,0.738738467003618,0.0308264882757131,0.0307566384640872
9.87315525876461,0.73760203273923,0.0308260979275564,0.030742425300972
9.92322203672788,0.736467866337717,0.0308256404146002,0.0307284524473936
9.97328881469115,0.7353359539243,0.0308251179467147,0.0307147167083946
10.0233555926544,0.73420628180805,0.0308245326736854,0.0307012149001137
10.0734223706177,0.733078836480264,0.0308238866867643,0.0306879438511898
10.123489148581,0.73195360461278,0.030823182020183,0.0306749004040903
10.1735559265442,0.730830573056279,0.0308224206526265,0.0306620814163652
10.2236227045075,0.729709728838536,0.0308216045086702,0.0306494837618315
10.2736894824708,0.728591059162655,0.0308207354601808,0.0306371043316898
10.3237562604341,0.72747455140527,0.0308198153276804,0.0306249400355749
10.3738230383973,0.726360193114725,0.0308188458816779,0.0306129878025452
10.4238898163606,0.725247972009233,0.0308178288439648,0.0306012445820105
10.4739565943239,0.724137875975009,0.0308167658888796,0.0305897073446031
10.5240233722871,0.723029893064399,0.0308156586445391,0.0305783730829929
10.5740901502504,0.721924011493983,0.0308145086940387,0.0305672388126493
10.6241569282137,0.72082021964267,0.030813317576623,0.0305563015725518
10.674223706177,0.719718506049784,0.0308120867888253,0.0305455584258523
10.7242904841402,0.718618859413133,0.0308108177855794,0.0305350064604888
10.7743572621035,0.717521268587086,0.0308095119813024,0.0305246427897556
10.8244240400668,0.716425722580627,0.0308081707509504,0.0305144645528293
10.87449081803,0.71533221055542,0.0308067954310471,0.0305044689152531
10.9245575959933,0.714240721823865,0.0308053873206863,0.030494653069382
10.9746243739566,0.713151245847151,0.0308039476825091,0.0304850142347893
11.0246911519199,0.712063772233315,0.0308024777436559,0.0304755496586371
11.0747579298831,0.710978290735303,0.0308009786966944,0.0304662566160112
11.1248247078464,0.709894791249028,0.0307994517005241,0.0304571324102233
11.1748914858097,0.708813263811437,0.0307978978812574,0.0304481743730809
11.224958263773,0.707733698598587,0.0307963183330785,0.0304393798651262
11.2750250417362,0.706656085923718,0.0307947141190802,0.0304307462758463
11.3250918196995,0.705580416235341,0.0307930862720799,0.0304222710238556
11.3751585976628,0.704506680115334,0.0307914357954143,0.0304139515570505
11.425225375626,0.703434868277041,0.0307897636637135,0.03040578535274
11.4752921535893,0.702364971563391,0.0307880708236566,0.0303977699177508
11.5253589315526,0.701296980945018,0.0307863581947064,0.0303899027885097
11.5754257095159,0.700230887518398,0.0307846266698269,0.0303821815311041
11.6254924874791,0.699166682504001,0.0307828771161811,0.0303746037413212
11.6755592654424,0.698104357244446,0.0307811103758119,0.0303671670446666
11.7256260434057,0.69704390320268,0.0307793272663055,0.0303598690963652
11.7756928213689,0.695985311960166,0.0307775285814372,0.0303527075813421
11.8257595993322,0.694928575215087,0.0307757150918014,0.030345680214188
11.8758263772955,0.693873684780562,0.0307738875454251,0.0303387847391069
11.9258931552588,0.69282063258288,0.0307720466683659,0.0303320189298489
11.975959933222,0.691769410659755,0.0307701931652943,0.0303253805896278
12.0260267111853,0.690720011158584,0.0307683277200618,0.0303188675510256
12.0760934891486,0.689672426334735,0.0307664509962536,0.0303124776758823
12.1261602671119,0.688626648549845,0.0307645636377278,0.0303062088551745
12.1762270450751,0.687582670270138,0.0307626662691404,0.0303000590088813
12.2262938230384,0.686540484064755,0.0307607594964568,0.0302940260858396
12.2763606010017,0.685500082604112,0.0307588439074508,0.0302881080635882
12.3264273789649,0.684461458658265,0.0307569200721895,0.0302823029482027
12.3764941569282,0.683424605095302,0.0307549885435073,0.0302766087741203
12.4265609348915,0.682389514879744,0.0307530498574666,0.0302710236039563
12.4766277128548,0.681356181070975,0.030751104533807,0.0302655455283123
12.526694490818,0.680324596821681,0.030749153076383,0.0302601726655763
12.5767612687813,0.679294755376317,0.0307471959735903,0.0302549031617163
12.6268280467446,0.67826665006958,0.0307452336987815,0.0302497351900658
12.6768948247078,0.677240274324917,0.0307432667106706,0.0302446669511051
12.7269616026711,0.676215621653036,0.0307412954537271,0.0302396966722342
12.7770283806344,0.675192685650447,0.0307393203585605,0.0302348226075429
12.8270951585977,0.674171459998018,0.0307373418422944,0.0302300430375734
12.8771619365609,0.673151938459548,0.0307353603089307,0.0302253562690803
12.9272287145242,0.672134114880365,0.0307333761497052,0.030220760634785
12.9772954924875,0.671117983185932,0.0307313897434335,0.030216254493127
13.0273622704507,0.670103537380485,0.0307294014568477,0.030211836228011
13.077429048414,0.669090771545683,0.030727411644925,0.0302075042485514
13.1274958263773,0.668079679839272,0.0307254206512075,0.0302032569888134
13.1775626043406,0.667070256493778,0.0307234288081135,0.0301990929075517
13.2276293823038,0.666062495815214,0.0307214364372414,0.0301950104879469
13.2776961602671,0.665056392181803,0.0307194438496648,0.0301910082373395
13.3277629382304,0.66405194004272,0.0307174513462207,0.030187084686963
13.3778297161937,0.663049133916859,0.0307154592177902,0.0301832383916741
13.4278964941569,0.66204796839161,0.0307134677455711,0.030179467929683
13.4779632721202,0.661048438121659,0.0307114772013446,0.0301757719022814
13.5280300500835,0.660050537827804,0.030709487847734,0.0301721489335707
13.5780968280467,0.659054262295787,0.0307074999384575,0.0301685976701889
13.62816360601,0.658059606375154,0.0307055137185739,0.0301651167810371
13.6782303839733,0.657066564978114,0.030703529424722,0.0301617049570062
13.7282971619366,0.656075133078437,0.0307015472853541,0.0301583609107029
13.7783639398998,0.655085305710352,0.0306995675209628,0.0301550833761761
13.8284307178631,0.65409707796747,0.0306975903443025,0.0301518711086438
13.8784974958264,0.653110445001726,0.0306956159606047,0.0301487228842199
13.9285642737896,0.652125402022334,0.030693644567788,0.030145637499642
13.9786310517529,0.651141944294756,0.0306916763566622,0.0301426137719995
14.0286978297162,0.650160067139697,0.0306897115111275,0.0301396505384629
14.0787646076795,0.649179765932107,0.0306877502083683,0.0301367466560139
14.1288313856427,0.648201036100205,0.0306857926190417,0.0301339010011765
14.178898163606,0.647223873124513,0.0306838389074614,0.0301311124697494
14.2289649415693,0.646248272536917,0.0306818892317769,0.0301283799765394
14.2790317195326,0.645274229919729,0.0306799437441473,0.0301257024550969
14.3290984974958,0.644301740904779,0.0306780025909113,0.0301230788574519
14.3791652754591,0.64333080117251,0.0306760659127522,0.0301205081538526
14.4292320534224,0.642361406451096,0.0306741338448591,0.0301179893325046
14.4792988313856,0.641393552515575,0.0306722065170832,0.0301155213993127
14.5293656093489,0.640427235186989,0.0306702840540904,0.0301131033776242
14.5794323873122,0.639462450331549,0.0306683665755101,0.0301107343079739
14.6294991652755,0.638499193859808,0.0306664541960792,0.0301084132478312
14.6795659432387,0.63753746172585,0.0306645470257834,0.0301061392713495
14.729632721202,0.636577249926493,0.0306626451699939,0.0301039114691168
14.7796994991653,0.635618554500503,0.030660748729601,0.0301017289479094
14.8297662771285,0.63466137152783,0.0306588578011438,0.0300995908304472
14.8798330550918,0.633705697128847,0.0306569724769369,0.0300974962551512
14.9298998330551,0.632751527463612,0.0306550928451932,0.0300954443759037
14.9799666110184,0.631798858731134,0.030653218990144,0.0300934343618098
15.0300333889816,0.630847687168658,0.0306513509921552,0.0300914653969624
15.0801001669449,0.629898009050964,0.0306494889278415,0.0300895366802088
15.1301669449082,0.628949820689673,0.0306476328701762,0.0300876474249199
15.1802337228715,0.628003118432568,0.0306457828885993,0.0300857968587615
15.2303005008347,0.62705789866293,0.0306439390491219,0.0300839842234687
15.280367278798,0.626114157798882,0.0306421014144283,0.030082208774622
15.3304340567613,0.625171892292747,0.030640270043975,0.0300804697814261
15.3805008347245,0.624231098630417,0.0306384449940873,0.0300787665264916
15.4305676126878,0.623291773330735,0.0306366263180533,0.0300770983056184
15.4806343906511,0.622353912944883,0.0306348140662152,0.0300754644275825
15.5307011686144,0.621417514055793,0.0306330082860586,0.0300738642139242
15.5807679465776,0.620482573277553,0.0306312090222985,0.03007229699874
15.6308347245409,0.619549087254839,0.030629416316964,0.0300707621284761
15.6809015025042,0.618617052662346,0.0306276302094804,0.0300692589617249
15.7309682804674,0.617686466204236,0.0306258507367485,0.030067786869024
15.7810350584307,0.616757324613597,0.0306240779332224,0.0300663452326573
15.831101836394,0.615829624651906,0.0306223118309854,0.0300649334464592
15.8811686143573,0.61490336310851,0.030620552459823,0.0300635509156209
15.9312353923205,0.613978536800109,0.0306187998472945,0.0300621970564994
15.9813021702838,0.613055142570253,0.0306170540188028,0.030060871296429
16.0313689482471,0.612133177288851,0.0306153149976618,0.0300595730735351
16.0814357262104,0.611212637851685,0.0306135828051624,0.0300583018365508
16.1315025041736,0.610293521179931,0.0306118574606363,0.0300570570446359
16.1815692821369,0.609375824219698,0.0306101389815186,0.030055838167198
16.2316360601002,0.608459543941567,0.0306084273834082,0.0300546446837166
16.2817028380634,0.607544677340145,0.0306067226801269,0.0300534760835692
16.3317696160267,0.606631221433622,0.0306050248837763,0.0300523318658603
16.38183639399,0.60571917326334,0.0306033340047941,0.0300512115392524
16.4319031719533,0.604808529893372,0.030601650052008,0.0300501146217995
16.4819699499165,0.603899288410105,0.0305999730326885,0.0300490406407831
16.5320367278798,0.602991445921834,0.0305983029526001,0.0300479891325505
16.5821035058431,0.602084999558359,0.0305966398160515,0.0300469596423554
16.6321702838063,0.601179946470602,0.0305949836259434,0.0300459517242013
16.6822370617696,0.600276283830213,0.0305933343838166,0.0300449649406862
16.7323038397329,0.599374008829202,0.0305916920898969,0.0300439988628505
16.7823706176962,0.598473118679565,0.0305900567431403,0.0300430530700272
16.8324373956594,0.597573610612925,0.0305884283412762,0.0300421271496937
16.8825041736227,0.596675481880176,0.0305868068808492,0.0300412206973261
16.932570951586,0.595778729751136,0.0305851923572605,0.0300403333162564
16.9826377295492,0.594883351514206,0.0305835847648075,0.0300394646175307
17.0327045075125,0.593989344476037,0.0305819840967224,0.0300386142197707
17.0827712854758,0.5930967059612,0.0305803903452102,0.0300377817490364
17.1328380634391,0.592205433311868,0.0305788035014845,0.0300369668386918
17.1829048414023,0.5913155238875,0.0305772235558039,0.0300361691292722
17.2329716193656,0.590426975064531,0.0305756504975059,0.0300353882683535
17.2830383973289,0.589539784236075,0.0305740843150409,0.0300346239104241
17.3331051752922,0.588653948811623,0.0305725249960042,0.0300338757167583
17.3831719532554,0.587769466216754,0.0305709725271684,0.030033143355292
17.4332387312187,0.586886333892856,0.0305694268945136,0.0300324265005004
17.483305509182,0.586004549296838,0.0305678880832575,0.0300317248332775
17.5333722871452,0.585124109900865,0.0305663560778847,0.0300310380408179
17.5834390651085,0.584245013192086,0.0305648308621743,0.0300303658165001
17.6335058430718,0.583367256672373,0.030563312419228,0.0300297078597719
17.6835726210351,0.582490837858064,0.0305618007314962,0.030029063876038
17.7336393989983,0.58161575427971,0.0305602957808041,0.0300284335765488
17.7837061769616,0.580742003481829,0.0305587975483768,0.0300278166782917
17.8337729549249,0.579869583022666,0.0305573060148636,0.0300272129038837
17.8838397328881,0.578998490473953,0.0305558211603617,0.0300266219814662
17.9339065108514,0.57812872342068,0.0305543429644391,0.0300260436446013
17.9839732888147,0.577260279460864,0.0305528714061571,0.0300254776321699
18.034040066778,0.57639315620533,0.0305514064640918,0.0300249236882717
18.0841068447412,0.57552735127749,0.0305499481163553,0.0300243815621265
18.1341736227045,0.57466286231313,0.030548496340616,0.0300238510079778
18.1842404006678,0.573799686960203,0.0305470511141182,0.0300233317849974
18.2343071786311,0.572937822878619,0.0305456124137016,0.0300228236571919
18.2843739565943,0.572077267740048,0.0305441802158202,0.030022326393311
18.3344407345576,0.571218019227723,0.0305427544965596,0.0300218397667573
18.3845075125209,0.570360075036243,0.0305413352316553,0.0300213635554972
18.4345742904841,0.56950343287139,0.0305399223965096,0.0300208975419743
18.4846410684474,0.568648090449941,0.0305385159662077,0.0300204415130232
18.5347078464107,0.567794045499485,0.0305371159155342,0.0300199952597855
18.584774624374,0.566941295758248,0.0305357222189885,0.0300195585776275
18.6348414023372,0.56608983897492,0.0305343348507997,0.0300191312660583
18.6849081803005,0.565239672908482,0.0305329537849414,0.0300187131286506
18.7349749582638,0.564390795328041,0.0305315789951461,0.0300183039729622
18.785041736227,0.563543204012666,0.0305302104549182,0.0300179036104588
18.8351085141903,0.562696896751228,0.030528848137548,0.0300175118564385
18.8851752921536,0.561851871342245,0.0305274920161245,0.0300171285299577
18.9352420701169,0.561008125593724,0.0305261420635475,0.0300167534537578
18.9853088480801,0.560165657323018,0.0305247982525402,0.030016386454194
19.0353756260434,0.559324464356672,0.0305234605556608,0.0300160273611648
19.0854424040067,0.558484544530281,0.0305221289453134,0.0300156760080427
19.13550918197,0.557645895688352,0.0305208033937599,0.0300153322316069
19.1855759599332,0.556808515684161,0.0305194838731298,0.030014995871976
19.2356427378965,0.555972402379622,0.0305181703554311,0.0300146667725433
19.2857095158598,0.555137553645151,0.03051686281256,0.0300143447799124
19.335776293823,0.554303967359537,0.0305155612163109,0.030014029743834
19.3858430717863,0.553471641409818,0.0305142655383851,0.0300137215171442
19.4359098497496,0.55264057369115,0.0305129757504008,0.0300134199557037
19.4859766277129,0.551810762106695,0.0305116918239009,0.0300131249183384
19.5360434056761,0.55098220456749,0.0305104137303624,0.0300128362667806
19.5861101836394,0.550154898992339,0.0305091414412037,0.0300125538656117
19.6361769616027,0.549328843307695,0.0305078749277935,0.0300122775822061
19.6862437395659,0.54850403544755,0.0305066141614575,0.0300120072866752
19.7363105175292,0.547680473353321,0.0305053591134865,0.0300117428518138
19.7863772954925,0.546858154973747,0.0305041097551433,0.0300114841530466
19.8364440734558,0.546037078264783,0.0305028660576698,0.0300112310683758
19.886510851419,0.545217241189494,0.0305016279922933,0.0300109834783297
19.9365776293823,0.544398641717959,0.0305003955302333,0.0300107412659128
19.9866444073456,0.543581277827166,0.0304991686427079,0.0300105043165559
20.0367111853088,0.542765147500924,0.0304979473009392,0.0300102725180681
20.0867779632721,0.541950248729757,0.0304967314761598,0.0300100457605886
20.1368447412354,0.541136579510823,0.0304955211396179,0.0300098239365408
20.1869115191987,0.540324137847815,0.030494316262583,0.0300096069405859
20.2369782971619,0.539512921750874,0.030493116816351,0.0300093946695784
20.2870450751252,0.538702929236506,0.0304919227722493,0.0300091870225218
20.3371118530885,0.537894158327491,0.0304907341016417,0.0300089839005256
20.3871786310518,0.537086607052803,0.0304895507759327,0.0300087852067626
20.437245409015,0.536280273447527,0.0304883727665726,0.0300085908464276
20.4873121869783,0.53547515555278,0.0304872000450613,0.0300084007266963
20.5373789649416,0.534671251415631,0.0304860325829529,0.0300082147566859
20.5874457429048,0.533868559089028,0.0304848703518594,0.030008032847415
20.6375125208681,0.533067076631718,0.0304837133234545,0.0300078549117658
20.6875792988314,0.532266802108176,0.0304825614694779,0.030007680864446
20.7376460767947,0.531467733588533,0.0304814147617382,0.030007510621952
20.7877128547579,0.530669869148507,0.0304802731721165,0.0300073441025324
20.8377796327212,0.52987320686933,0.03047913667257,0.0300071812261525
20.8878464106845,0.529077744837683,0.030478005235135,0.0300070219144592
20.9379131886477,0.52828348114563,0.0304768788319295,0.0300068660907473
20.987979966611,0.527490413890554,0.030475757435157,0.0300067136799252
21.0380467445743,0.526698541175089,0.0304746410171084,0.0300065646084825
21.0881135225376,0.525907861107063,0.0304735295501652,0.0300064188044575
21.1381803005008,0.525118371799436,0.030472423006802,0.0300062761974056
21.1882470784641,0.524330071370238,0.0304713213595889,0.0300061367183684
21.2383138564274,0.523542957942512,0.0304702245811935,0.0300060002998429
21.2883806343906,0.522757029644258,0.0304691326443837,0.0300058668757522
21.3384474123539,0.521972284608376,0.0304680455220297,0.0300057363814158
21.3885141903172,0.521188720972611,0.0304669631871057,0.0300056087535212
21.4385809682805,0.5204063368795,0.0304658856126921,0.0300054839300957
21.4886477462437,0.519625130476319,0.0304648127719774,0.0300053618504789
21.538714524207,0.51884509991503,0.0304637446382599,0.0300052424552956
21.5887813021703,0.518066243352235,0.0304626811849492,0.0300051256864293
21.6388480801336,0.51728855894912,0.0304616223855682,0.0300050114869965
21.6889148580968,0.516512044871414,0.0304605682137543,0.0300048998013211
21.7389816360601,0.515736699289337,0.0304595186432607,0.0300047905749092
21.7890484140234,0.514962520377553,0.0304584736479582,0.0300046837544253
21.8391151919866,0.514189506315129,0.0304574332018361,0.0300045792876677
21.8891819699499,0.513417655285485,0.0304563972790036,0.0300044771235453
21.9392487479132,0.512646965476355,0.030455365853691,0.0300043772120548
21.9893155258765,0.511877435079741,0.0304543389002504,0.0300042795042578
22.0393823038397,0.511109062291875,0.0304533163931571,0.0300041839522588
22.089449081803,0.510341845313172,0.0304522983070107,0.0300040905091837
22.1395158597663,0.509575782348197,0.0304512846165351,0.0300039991291584
22.1895826377295,0.508810871605621,0.0304502752965805,0.0300039097672881
22.2396494156928,0.508047111298182,0.0304492703221232,0.0300038223796368
22.2897161936561,0.507284499642652,0.030448269668267,0.0300037369232075
22.3397829716194,0.506523034859795,0.0304472733102433,0.0300036533559224
22.3898497495826,0.505762715174333,0.030446281223412,0.0300035716366042
22.4399165275459,0.505003538814911,0.0304452933832623,0.0300034917249565
22.4899833055092,0.504245504014061,0.0304443097654125,0.0300034135815463
22.5400500834725,0.503488609008169,0.0304433303456111,0.0300033371677852
22.5901168614357,0.502732852037441,0.0304423550997371,0.0300032624459122
22.640183639399,0.501978231345869,0.0304413840038001,0.0300031893789762
22.6902504173623,0.501224745181204,0.0304404170339407,0.030003117930819
22.7403171953255,0.500472391794916,0.0304394541664311,0.0300030480660589
22.7903839732888,0.499721169442173,0.0304384953776751,0.0300029797500741
22.8404507512521,0.498971076381803,0.030437540644208,0.030002912948987
22.8905175292154,0.498222110876269,0.0304365899426975,0.0300028476296482
22.9405843071786,0.497474271191637,0.0304356432499431,0.0300027837596219
22.9906510851419,0.496727555597551,0.0304347005428768,0.0300027213071701
23.0407178631052,0.495981962367203,0.0304337617985627,0.0300026602412384
23.0907846410684,0.495237489777304,0.0304328269941973,0.0300026005314414
23.1408514190317,0.494494136108061,0.0304318961071092,0.0300025421480486
23.190918196995,0.493751899643151,0.0304309691147597,0.0300024850619709
23.2409849749583,0.493010778669689,0.030430045994742,0.0300024292447466
23.2910517529215,0.49227077147821,0.0304291267247816,0.0300023746685283
23.3411185308848,0.491531876362641,0.0304282112827359,0.0300023213060702
23.3911853088481,0.490794091620278,0.0304272996465943,0.0300022691307151
23.4412520868113,0.49005741555176,0.0304263917944779,0.0300022181163819
23.4913188647746,0.489321846461047,0.0304254877046393,0.0300021682375536
23.5413856427379,0.488587382655401,0.0304245873554625,0.0300021194692653
23.5914524207012,0.487854022445355,0.0304236907254626,0.0300020717870924
23.6415191986644,0.487121764144699,0.0304227977932854,0.0300020251671392
23.6915859766277,0.486390606070456,0.0304219085377073,0.0300019795860278
23.741652754591,0.485660546542858,0.0304210229376352,0.0300019350208868
23.7917195325543,0.484931583885329,0.0304201409721056,0.030001891449341
23.8417863105175,0.484203716424463,0.0304192626202848,0.0300018488495003
23.8918530884808,0.483476942490006,0.0304183878614683,0.0300018071999498
23.9419198664441,0.482751260414831,0.0304175166750806,0.0300017664797396
23.9919866444073,0.482026668534926,0.0304166490406746,0.0300017266683748
24.0420534223706,0.48130316518937,0.0304157849379313,0.0300016877458057
24.0921202003339,0.480580748720318,0.0304149243466594,0.0300016496924188
24.1421869782972,0.479859417472979,0.030414067246795,0.0300016124890268
24.1922537562604,0.479139169795601,0.0304132136184009,0.0300015761168602
24.2423205342237,0.478420004039453,0.0304123634416661,0.0300015405575577
24.292387312187,0.477701918558807,0.0304115166969058,0.0300015057931581
24.3424540901502,0.476984911710924,0.0304106733645605,0.0300014718060914
24.3925208681135,0.476268981856033,0.0304098334251955,0.0300014385791704
24.4425876460768,0.475554127357317,0.0304089968595006,0.0300014060955827
24.4926544240401,0.474840346580899,0.0304081636482896,0.0300013743388826
24.5427212020033,0.474127637895822,0.0304073337724995,0.0300013432929832
24.5927879799666,0.473415999674038,0.0304065072131903,0.0300013129421487
24.6428547579299,0.472705430290391,0.0304056839515441,0.030001283270987
24.6929215358932,0.471995928122601,0.030404863968865,0.0300012542644422
24.7429883138564,0.471287491551251,0.0304040472465782,0.0300012259077873
24.7930550918197,0.470580118959773,0.0304032337662293,0.0300011981866175
24.843121869783,0.469873808734433,0.0304024235094844,0.0300011710868428
24.8931886477462,0.469168559264316,0.0304016164581287,0.0300011445946817
24.9432554257095,0.468464368941317,0.0304008125940663,0.0300011186966541
24.9933222036728,0.467761236160122,0.0304000118993199,0.0300010933795751
25.0433889816361,0.467059159318198,0.0303992143560296,0.0300010686305488
25.0934557595993,0.466358136815781,0.0303984199464527,0.0300010444369617
25.1435225375626,0.46565816705586,0.0303976286529629,0.0300010207864766
25.1935893155259,0.464959248444168,0.0303968404580499,0.0300009976670271
25.2436560934891,0.464261379389168,0.0303960553443185,0.0300009750668114
25.2937228714524,0.463564558302041,0.0303952732944883,0.0300009529742867
25.3437896494157,0.462868783596674,0.0303944942913928,0.0300009313781634
25.393856427379,0.46217405368965,0.0303937183179787,0.0300009102674001
25.4439232053422,0.461480367000236,0.0303929453573058,0.0300008896311977
25.4939899833055,0.460787721950369,0.0303921753925457,0.0300008694589945
25.5440567612688,0.460096116964649,0.0303914084069817,0.0300008497404609
25.594123539232,0.459405550470326,0.0303906443840075,0.0300008304654946
25.6441903171953,0.458716020897288,0.0303898833071276,0.0300008116242155
25.6942570951586,0.458027526678055,0.0303891251599555,0.0300007932069606
25.7443238731219,0.457340066247763,0.0303883699262139,0.0300007752042801
25.7943906510851,0.456653638044158,0.0303876175897335,0.030000757606932
25.8444574290484,0.455968240507583,0.0303868681344528,0.0300007404058778
25.8945242070117,0.455283872080973,0.0303861215444171,0.0300007235922784
25.944590984975,0.454600531209837,0.030385377803778,0.0300007071574895
25.9946577629382,0.453918216342258,0.030384636896793,0.0300006910930572
26.0447245409015,0.453236925928875,0.030383898807824,0.0300006753907142
26.0947913188648,0.45255665842288,0.0303831635213379,0.0300006600423757
26.144858096828,0.451877412280007,0.0303824310219047,0.0300006450401352
26.1949248747913,0.45119918595852,0.0303817012941978,0.0300006303762609
26.2449916527546,0.450521977919209,0.0303809743229928,0.0300006160431916
26.2950584307179,0.449845786625376,0.0303802500931671,0.0300006020335334
26.3451252086811,0.449170610542833,0.0303795285896991,0.0300005883400554
26.3951919866444,0.448496448139887,0.0303788097976675,0.030000574955687
26.4452587646077,0.447823297887335,0.030378093702251,0.0300005618735138
26.495325542571,0.447151158258455,0.0303773802887273,0.0300005490867742
26.5453923205342,0.446480027729,0.0303766695424725,0.0300005365888563
26.5954590984975,0.445809904777186,0.0303759614489605,0.0300005243732948
26.6455258764608,0.445140787883686,0.0303752559937626,0.0300005124337672
26.695592654424,0.444472675531624,0.0303745531625462,0.0300005007640912
26.7456594323873,0.443805566206564,0.030373852941075,0.0300004893582215
26.7957262103506,0.443139458396505,0.0303731553152077,0.0300004782102467
26.8457929883139,0.442474350591873,0.0303724602708976,0.0300004673143865
26.8958597662771,0.441810241285512,0.030371767794192,0.0300004566649887
26.9459265442404,0.441147128972679,0.0303710778712316,0.0300004462565267
26.9959933222037,0.440485012151037,0.0303703904882495,0.0300004360835963
27.0460601001669,0.439823889320644,0.0303697056315711,0.0300004261409132
27.0961268781302,0.43916375898395,0.0303690232876132,0.0300004164233107
27.1461936560935,0.438504619645791,0.0303683434428833,0.0300004069257366
27.1962604340568,0.437846469813376,0.030367666083979,0.0300003976432511
27.24632721202,0.437189307996288,0.0303669911975876,0.030000388571024
27.2963939899833,0.436533132706471,0.0303663187704852,0.0300003797043326
27.3464607679466,0.435877942458228,0.0303656487895363,0.0300003710385591
27.3965275459098,0.435223735768212,0.0303649812416929,0.0300003625691885
27.4465943238731,0.434570511155421,0.0303643161139941,0.0300003542918062
27.4966611018364,0.433918267141189,0.0303636533935657,0.0300003462020959
27.5467278797997,0.433267002249183,0.030362993067619,0.0300003382958372
27.5967946577629,0.432616715005397,0.0303623351234508,0.0300003305689039
27.6468614357262,0.431967403938141,0.0303616795484423,0.0300003230172615
27.6969282136895,0.431319067578042,0.0303610263300589,0.0300003156369655
27.7469949916528,0.430671704458031,0.0303603754558494,0.0300003084241593
27.797061769616,0.430025313113343,0.0303597269134454,0.0300003013750721
27.8471285475793,0.429379892081509,0.0303590806905607,0.0300002944860174
27.8971953255426,0.428735439902348,0.0303584367749908,0.0300002877533908
27.9472621035058,0.428091955117965,0.0303577951546124,0.0300002811736683
27.9973288814691,0.427449436272742,0.0303571558173826,0.0300002747434046
28.0473956594324,0.426807881913336,0.0303565187513382,0.0300002684592312
28.0974624373957,0.426167290588669,0.0303558839445957,0.0300002623178548
28.1475292153589,0.425527660849928,0.0303552513853501,0.0300002563160559
28.1975959933222,0.424888991250555,0.0303546210618747,0.0300002504506866
28.2476627712855,0.424251280346242,0.0303539929625203,0.0300002447186694
28.2977295492487,0.423614526694931,0.030353367075715,0.0300002391169957
28.347796327212,0.422978728856801,0.0303527433899631,0.0300002336427241
28.3978631051753,0.422343885394268,0.030352121893845,0.0300002282929789
28.4479298831386,0.421709994871978,0.0303515025760166,0.0300002230649488
28.4979966611018,0.421077055856804,0.0303508854252084,0.0300002179558854
28.5480634390651,0.420445066917838,0.0303502704302253,0.0300002129631019
28.5981302170284,0.419814026626388,0.030349657579946,0.0300002080839712
28.6481969949917,0.41918393355597,0.0303490468633224,0.0300002033159257
28.6982637729549,0.418554786282309,0.0303484382693788,0.0300001986564546
28.7483305509182,0.417926583383329,0.0303478317872121,0.0300001941031039
28.7983973288815,0.41729932343915,0.0303472274059905,0.0300001896534743
28.8484641068447,0.416673005032083,0.0303466251149533,0.0300001853052203
28.898530884808,0.416047626746626,0.0303460249034103,0.0300001810560491
28.9485976627713,0.415423187169457,0.0303454267607416,0.0300001769037191
28.9986644407346,0.414799684889433,0.0303448306763965,0.0300001728460391
29.0487312186978,0.414177118497582,0.0303442366398935,0.0300001688808672
29.0987979966611,0.413555486587101,0.0303436446408196,0.0300001650061092
29.1488647746244,0.41293478775335,0.0303430546688296,0.0300001612197182
29.1989315525876,0.412315020593847,0.030342466713646,0.0300001575196931
29.2489983305509,0.411696183708266,0.0303418807650581,0.0300001539040779
29.2990651085142,0.411078275698429,0.0303412968129219,0.0300001503709603
29.3491318864775,0.410461295168305,0.0303407148471592,0.0300001469184712
29.3991986644407,0.409845240724004,0.0303401348577574,0.0300001435447833
29.449265442404,0.409230110973773,0.0303395568347689,0.0300001402481105
29.4993322203673,0.408615904527991,0.0303389807683106,0.0300001370267066
29.5493989983305,0.408002619999167,0.0303384066485635,0.0300001338788652
29.5994657762938,0.407390256001932,0.0303378344657722,0.0300001308029176
29.6495325542571,0.406778811153038,0.0303372642102443,0.0300001277972332
29.6995993322204,0.406168284071353,0.0303366958723502,0.0300001248602178
29.7496661101836,0.405558673377857,0.0303361294425224,0.0300001219903131
29.7997328881469,0.404949977695637,0.030335564911255,0.0300001191859959
29.8497996661102,0.404342195649884,0.0303350022691035,0.0300001164457775
29.8998664440735,0.403735325867887,0.0303344415066841,0.0300001137682023
29.9499332220367,0.403129366979033,0.0303338826146734,0.0300001111518479
30,0.402524317614799,0.0303333255838079,0.0300001085953238
