"chapter","body_block","source_chapter","source_line_at_extraction","section","file","network_opt_in","packages_detected","note","status"
"CH01",1,"CH1-R语言概述.tex",139,"简单数学运算","","","","仅正文，未包含章末习题。当前数据或包版本可能影响复现。","excluded_console_or_raw_data"
"CH01",2,"CH1-R语言概述.tex",163,"简单数学运算","","","","仅正文，未包含章末习题。当前数据或包版本可能影响复现。","excluded_console_or_raw_data"
"CH01",3,"CH1-R语言概述.tex",203,"For 循环","R/manual/example_03.R","","","仅正文，未包含章末习题。当前数据或包版本可能影响复现。","parse_only_not_executed"
"CH01",4,"CH1-R语言概述.tex",213,"For 循环","R/manual/example_04.R","","","仅正文，未包含章末习题。当前数据或包版本可能影响复现。","parse_only_not_executed"
"CH01",5,"CH1-R语言概述.tex",239,"While 循环","R/manual/example_05.R","","","仅正文，未包含章末习题。当前数据或包版本可能影响复现。","parse_only_not_executed"
"CH01",6,"CH1-R语言概述.tex",264,"Repeat 循环","R/manual/example_06.R","","","仅正文，未包含章末习题。当前数据或包版本可能影响复现。","parse_only_not_executed"
"CH01",7,"CH1-R语言概述.tex",271,"Repeat 循环","R/manual/example_07.R","","","仅正文，未包含章末习题。当前数据或包版本可能影响复现。","parse_only_not_executed"
"CH01",8,"CH1-R语言概述.tex",304,"lapply","R/manual/example_08.R","","","仅正文，未包含章末习题。当前数据或包版本可能影响复现。","parse_only_not_executed"
"CH01",9,"CH1-R语言概述.tex",312,"lapply","R/manual/example_09.R","","","仅正文，未包含章末习题。当前数据或包版本可能影响复现。","parse_only_not_executed"
"CH01",10,"CH1-R语言概述.tex",328,"lapply","R/manual/example_10.R","","","仅正文，未包含章末习题。当前数据或包版本可能影响复现。","parse_only_not_executed"
"CH01",11,"CH1-R语言概述.tex",338,"lapply","R/manual/example_11.R","","","仅正文，未包含章末习题。当前数据或包版本可能影响复现。","parse_only_not_executed"
"CH01",12,"CH1-R语言概述.tex",354,"R 中的函数\label","R/manual/example_12.R","","","仅正文，未包含章末习题。当前数据或包版本可能影响复现。","parse_only_not_executed"
"CH01",13,"CH1-R语言概述.tex",369,"R 中的函数\label","R/manual/example_13.R","","","仅正文，未包含章末习题。当前数据或包版本可能影响复现。","parse_only_not_executed"
"CH01",14,"CH1-R语言概述.tex",435,"R 中的函数\label","R/manual/example_14.R","","","仅正文，未包含章末习题。当前数据或包版本可能影响复现。","parse_only_not_executed"
"CH01",15,"CH1-R语言概述.tex",512,"向量","R/manual/example_15.R","","","仅正文，未包含章末习题。当前数据或包版本可能影响复现。","parse_only_not_executed"
"CH01",16,"CH1-R语言概述.tex",526,"列表","R/manual/example_16.R","","","仅正文，未包含章末习题。当前数据或包版本可能影响复现。","parse_only_not_executed"
"CH01",17,"CH1-R语言概述.tex",550,"数据框","R/manual/example_17.R","","","仅正文，未包含章末习题。当前数据或包版本可能影响复现。","parse_only_not_executed"
"CH01",18,"CH1-R语言概述.tex",565,"矩阵","R/manual/example_18.R","","","仅正文，未包含章末习题。当前数据或包版本可能影响复现。","parse_only_not_executed"
"CH01",19,"CH1-R语言概述.tex",584,"数组","R/manual/example_19.R","","","仅正文，未包含章末习题。当前数据或包版本可能影响复现。","parse_only_not_executed"
"CH01",20,"CH1-R语言概述.tex",598,"因子","R/manual/example_20.R","","","仅正文，未包含章末习题。当前数据或包版本可能影响复现。","parse_only_not_executed"
"CH01",21,"CH1-R语言概述.tex",625,"导入数据对象","R/manual/example_21.R","","","仅正文，未包含章末习题。当前数据或包版本可能影响复现。","parse_only_not_executed"
"CH01",22,"CH1-R语言概述.tex",638,"导入数据对象","","","","仅正文，未包含章末习题。当前数据或包版本可能影响复现。","excluded_console_or_raw_data"
"CH01",23,"CH1-R语言概述.tex",690,"导入数据对象","R/manual/example_23.R","","","仅正文，未包含章末习题。当前数据或包版本可能影响复现。","parse_only_not_executed"
"CH01",24,"CH1-R语言概述.tex",703,"导入数据对象","R/manual/example_24.R","","","仅正文，未包含章末习题。当前数据或包版本可能影响复现。","parse_only_not_executed"
"CH01",25,"CH1-R语言概述.tex",725,"子集提取","","","","仅正文，未包含章末习题。当前数据或包版本可能影响复现。","excluded_console_or_raw_data"
"CH01",26,"CH1-R语言概述.tex",735,"过滤","R/manual/example_26.R","","","仅正文，未包含章末习题。当前数据或包版本可能影响复现。","parse_only_not_executed"
"CH01",27,"CH1-R语言概述.tex",751,"汇总","","","","仅正文，未包含章末习题。当前数据或包版本可能影响复现。","dependency_installation_documented_only"
"CH01",28,"CH1-R语言概述.tex",756,"汇总","R/manual/example_28.R","","dplyr","仅正文，未包含章末习题。当前数据或包版本可能影响复现。","parse_only_not_executed"
"CH01",29,"CH1-R语言概述.tex",761,"汇总","R/manual/example_29.R","","","仅正文，未包含章末习题。当前数据或包版本可能影响复现。","parse_only_not_executed"
"CH01",30,"CH1-R语言概述.tex",785,"插补缺失值","R/manual/example_30.R","","","仅正文，未包含章末习题。当前数据或包版本可能影响复现。","parse_only_not_executed"
"CH01",31,"CH1-R语言概述.tex",824,"插补缺失值","R/manual/example_31.R","","VIM","仅正文，未包含章末习题。当前数据或包版本可能影响复现。","parse_only_not_executed"
"CH01",32,"CH1-R语言概述.tex",851,"导出数据对象","R/manual/example_32.R","","haven;writexl","仅正文，未包含章末习题。当前数据或包版本可能影响复现。","parse_only_not_executed"
"CH01",33,"CH1-R语言概述.tex",864,"导出数据对象","R/manual/example_33.R","","","仅正文，未包含章末习题。当前数据或包版本可能影响复现。","parse_only_not_executed"
"CH01",34,"CH1-R语言概述.tex",875,"导出数据对象","","","","仅正文，未包含章末习题。当前数据或包版本可能影响复现。","dependency_installation_documented_only"
"CH01",35,"CH1-R语言概述.tex",888,"基本折线图","R/manual/example_35.R","","","仅正文，未包含章末习题。当前数据或包版本可能影响复现。","parse_only_not_executed"
"CH01",36,"CH1-R语言概述.tex",909,"改进折线图","R/manual/example_36.R","","","仅正文，未包含章末习题。当前数据或包版本可能影响复现。","parse_only_not_executed"
"CH01",37,"CH1-R语言概述.tex",927,"改进折线图","R/manual/example_37.R","","","仅正文，未包含章末习题。当前数据或包版本可能影响复现。","parse_only_not_executed"
"CH01",38,"CH1-R语言概述.tex",979,"R 中的其他图形","R/manual/example_38.R","","","仅正文，未包含章末习题。当前数据或包版本可能影响复现。","parse_only_not_executed"
"CH01",39,"CH1-R语言概述.tex",986,"R 中的其他图形","R/manual/example_39.R","","","仅正文，未包含章末习题。当前数据或包版本可能影响复现。","parse_only_not_executed"
"CH01",40,"CH1-R语言概述.tex",993,"R 中的其他图形","R/manual/example_40.R","","","仅正文，未包含章末习题。当前数据或包版本可能影响复现。","parse_only_not_executed"
"CH01",41,"CH1-R语言概述.tex",1001,"R 中的其他图形","R/manual/example_41.R","","","仅正文，未包含章末习题。当前数据或包版本可能影响复现。","parse_only_not_executed"
"CH01",42,"CH1-R语言概述.tex",1007,"R 中的其他图形","R/manual/example_42.R","","","仅正文，未包含章末习题。当前数据或包版本可能影响复现。","parse_only_not_executed"
"CH01",43,"CH1-R语言概述.tex",1015,"R 中的其他图形","R/manual/example_43.R","","","仅正文，未包含章末习题。当前数据或包版本可能影响复现。","parse_only_not_executed"
"CH01",44,"CH1-R语言概述.tex",1087,"使用内置函数生成随机数","R/manual/example_44.R","","","仅正文，未包含章末习题。当前数据或包版本可能影响复现。","parse_only_not_executed"
"CH01",45,"CH1-R语言概述.tex",1096,"使用内置函数生成随机数","R/manual/example_45.R","","","仅正文，未包含章末习题。当前数据或包版本可能影响复现。","parse_only_not_executed"
"CH01",46,"CH1-R语言概述.tex",1104,"使用内置函数生成随机数","R/manual/example_46.R","","","仅正文，未包含章末习题。当前数据或包版本可能影响复现。","parse_only_not_executed"
"CH01",47,"CH1-R语言概述.tex",1142,"采用分位数转换法生成随机数","R/manual/example_47.R","","","仅正文，未包含章末习题。当前数据或包版本可能影响复现。","parse_only_not_executed"
"CH01",48,"CH1-R语言概述.tex",1219,"采用分位数转换法生成随机数","R/manual/example_48.R","","","仅正文，未包含章末习题。当前数据或包版本可能影响复现。","parse_only_not_executed"
"CH01",49,"CH1-R语言概述.tex",1318,"\texttt","","","","仅正文，未包含章末习题。当前数据或包版本可能影响复现。","dependency_installation_documented_only"
"CH01",50,"CH1-R语言概述.tex",1356,"\texttt","R/manual/example_50.R","","","仅正文，未包含章末习题。当前数据或包版本可能影响复现。","parse_only_not_executed"
"CH01",51,"CH1-R语言概述.tex",1401,"\texttt","R/manual/example_51.R","","","仅正文，未包含章末习题。当前数据或包版本可能影响复现。","parse_only_not_executed"
"CH01",52,"CH1-R语言概述.tex",1412,"\texttt","R/manual/example_52.R","","","仅正文，未包含章末习题。当前数据或包版本可能影响复现。","parse_only_not_executed"
"CH01",53,"CH1-R语言概述.tex",1433,"\texttt","R/manual/example_53.R","","","仅正文，未包含章末习题。当前数据或包版本可能影响复现。","parse_only_not_executed"
"CH01",54,"CH1-R语言概述.tex",1452,"\texttt","","","","仅正文，未包含章末习题。当前数据或包版本可能影响复现。","excluded_console_or_raw_data"
"CH01",55,"CH1-R语言概述.tex",1519,"\texttt","R/manual/example_55.R","","tidyr","仅正文，未包含章末习题。当前数据或包版本可能影响复现。","parse_only_not_executed"
"CH01",56,"CH1-R语言概述.tex",1540,"\texttt","","","","仅正文，未包含章末习题。当前数据或包版本可能影响复现。","excluded_console_or_raw_data"
"CH01",57,"CH1-R语言概述.tex",1568,"\texttt","R/manual/example_57.R","","","仅正文，未包含章末习题。当前数据或包版本可能影响复现。","parse_only_not_executed"
"CH01",58,"CH1-R语言概述.tex",1592,"\texttt","R/manual/example_58.R","","","仅正文，未包含章末习题。当前数据或包版本可能影响复现。","parse_only_not_executed"
"CH01",59,"CH1-R语言概述.tex",1604,"\texttt","","","","仅正文，未包含章末习题。当前数据或包版本可能影响复现。","excluded_console_or_raw_data"
"CH01",60,"CH1-R语言概述.tex",1668,"\texttt","R/manual/example_60.R","","","仅正文，未包含章末习题。当前数据或包版本可能影响复现。","parse_only_not_executed"
"CH01",61,"CH1-R语言概述.tex",1701,"\texttt","R/manual/example_61.R","","","仅正文，未包含章末习题。当前数据或包版本可能影响复现。","parse_only_not_executed"
"CH01",62,"CH1-R语言概述.tex",1719,"\texttt","R/manual/example_62.R","","","仅正文，未包含章末习题。当前数据或包版本可能影响复现。","parse_only_not_executed"
"CH01",63,"CH1-R语言概述.tex",1737,"\texttt","","","","仅正文，未包含章末习题。当前数据或包版本可能影响复现。","excluded_console_or_raw_data"
"CH01",64,"CH1-R语言概述.tex",1773,"\texttt","R/manual/example_64.R","","","仅正文，未包含章末习题。当前数据或包版本可能影响复现。","parse_only_not_executed"
"CH01",65,"CH1-R语言概述.tex",1794,"\texttt","R/manual/example_65.R","","","仅正文，未包含章末习题。当前数据或包版本可能影响复现。","parse_only_not_executed"
"CH01",66,"CH1-R语言概述.tex",1818,"\texttt","","","","仅正文，未包含章末习题。当前数据或包版本可能影响复现。","excluded_console_or_raw_data"
"CH01",67,"CH1-R语言概述.tex",1858,"\texttt","R/manual/example_67.R","","","仅正文，未包含章末习题。当前数据或包版本可能影响复现。","parse_only_not_executed"
"CH01",68,"CH1-R语言概述.tex",1878,"\texttt","R/manual/example_68.R","","","仅正文，未包含章末习题。当前数据或包版本可能影响复现。","parse_only_not_executed"
"CH01",69,"CH1-R语言概述.tex",1903,"\texttt","","","","仅正文，未包含章末习题。当前数据或包版本可能影响复现。","excluded_console_or_raw_data"
"CH01",70,"CH1-R语言概述.tex",1928,"\texttt","R/manual/example_70.R","","","仅正文，未包含章末习题。当前数据或包版本可能影响复现。","parse_only_not_executed"
"CH01",71,"CH1-R语言概述.tex",1946,"\texttt","R/manual/example_71.R","","","仅正文，未包含章末习题。当前数据或包版本可能影响复现。","parse_only_not_executed"
"CH01",72,"CH1-R语言概述.tex",1954,"\texttt","","","","仅正文，未包含章末习题。当前数据或包版本可能影响复现。","excluded_console_or_raw_data"
"CH01",73,"CH1-R语言概述.tex",2001,"初始化数据层","R/manual/example_73.R","","","仅正文，未包含章末习题。当前数据或包版本可能影响复现。","parse_only_not_executed"
"CH01",74,"CH1-R语言概述.tex",2010,"完善美学层","R/manual/example_74.R","","","仅正文，未包含章末习题。当前数据或包版本可能影响复现。","parse_only_not_executed"
"CH01",75,"CH1-R语言概述.tex",2020,"设置几何层","R/manual/example_75.R","","","仅正文，未包含章末习题。当前数据或包版本可能影响复现。","parse_only_not_executed"
"CH01",76,"CH1-R语言概述.tex",2032,"设置几何层","R/manual/example_76.R","","","仅正文，未包含章末习题。当前数据或包版本可能影响复现。","parse_only_not_executed"
"CH01",77,"CH1-R语言概述.tex",2052,"设置几何层","R/manual/example_77.R","","","仅正文，未包含章末习题。当前数据或包版本可能影响复现。","parse_only_not_executed"
"CH01",78,"CH1-R语言概述.tex",2068,"扩展面板层","R/manual/example_78.R","","","仅正文，未包含章末习题。当前数据或包版本可能影响复现。","parse_only_not_executed"
"CH01",79,"CH1-R语言概述.tex",2075,"扩展面板层","R/manual/example_79.R","","","仅正文，未包含章末习题。当前数据或包版本可能影响复现。","parse_only_not_executed"
"CH01",80,"CH1-R语言概述.tex",2085,"应用统计层","R/manual/example_80.R","","","仅正文，未包含章末习题。当前数据或包版本可能影响复现。","parse_only_not_executed"
"CH01",81,"CH1-R语言概述.tex",2095,"调整坐标层","R/manual/example_81.R","","","仅正文，未包含章末习题。当前数据或包版本可能影响复现。","parse_only_not_executed"
"CH01",82,"CH1-R语言概述.tex",2113,"调整坐标层","R/manual/example_82.R","","","仅正文，未包含章末习题。当前数据或包版本可能影响复现。","parse_only_not_executed"
"CH01",83,"CH1-R语言概述.tex",2129,"定义主题层","R/manual/example_83.R","","","仅正文，未包含章末习题。当前数据或包版本可能影响复现。","parse_only_not_executed"
"CH01",84,"CH1-R语言概述.tex",2160,"使用 \texttt","R/manual/example_84.R","","","仅正文，未包含章末习题。当前数据或包版本可能影响复现。","parse_only_not_executed"
"CH01",85,"CH1-R语言概述.tex",2207,"保存和提取图表","R/manual/example_85.R","","","仅正文，未包含章末习题。当前数据或包版本可能影响复现。","parse_only_not_executed"
"CH01",86,"CH1-R语言概述.tex",2328,"方式 A：使用 \texttt","R/manual/example_86.R","FIN_ECON_ENABLE_NETWORK=1","WDI;dplyr;ggplot2","仅正文，未包含章末习题。当前数据或包版本可能影响复现。","parse_only_not_executed"
"CH01",87,"CH1-R语言概述.tex",2359,"方式 B：直接调用世界银行 API（\texttt","R/manual/example_87.R","FIN_ECON_ENABLE_NETWORK=1","dplyr;ggplot2;httr2;jsonlite;purrr;tibble","仅正文，未包含章末习题。当前数据或包版本可能影响复现。","parse_only_not_executed"
"CH01",88,"CH1-R语言概述.tex",2464,"其他常用公共数据 API 与 R 包速览","R/manual/example_88.R","FIN_ECON_ENABLE_NETWORK=1","fredr","仅正文，未包含章末习题。当前数据或包版本可能影响复现。","parse_only_not_executed"
"CH01",89,"CH1-R语言概述.tex",2476,"其他常用公共数据 API 与 R 包速览","R/manual/example_89.R","","OECD","仅正文，未包含章末习题。当前数据或包版本可能影响复现。","parse_only_not_executed"
"CH01",90,"CH1-R语言概述.tex",2488,"其他常用公共数据 API 与 R 包速览","R/manual/example_90.R","","imfr","仅正文，未包含章末习题。当前数据或包版本可能影响复现。","parse_only_not_executed"
"CH02",1,"CH2-引言和背景.tex",326,"股票指数的编制方法","R/manual/example_01.R","FIN_ECON_ENABLE_NETWORK=1","","仅正文，未包含章末习题。当前数据或包版本可能影响复现。","parse_only_not_executed"
"CH02",2,"CH2-引言和背景.tex",471,"收益率的统计性质","R/manual/example_02.R","FIN_ECON_ENABLE_NETWORK=1","","仅正文，未包含章末习题。当前数据或包版本可能影响复现。","parse_only_not_executed"
"CH03",1,"CH3-回归模型及其应用.tex",511,"案例：汽车重量与燃油效率","R/manual/example_01.R","","","仅正文，未包含章末习题。当前数据或包版本可能影响复现。","parse_only_not_executed"
"CH03",2,"CH3-回归模型及其应用.tex",543,"案例：A公司股票的风险与收益关系 \label","R/manual/example_02.R","","ggplot2;zoo","仅正文，未包含章末习题。当前数据或包版本可能影响复现。","parse_only_not_executed"
"CH03",3,"CH3-回归模型及其应用.tex",603,"案例：A公司股票的风险与收益关系 \label","","","","仅正文，未包含章末习题。当前数据或包版本可能影响复现。","excluded_console_or_raw_data"
"CH03",4,"CH3-回归模型及其应用.tex",628,"案例：A公司股票的风险与收益关系 \label","R/manual/example_04.R","","","仅正文，未包含章末习题。当前数据或包版本可能影响复现。","parse_only_not_executed"
"CH03",5,"CH3-回归模型及其应用.tex",685,"案例：Fama-French因子模型下的个股超额收益 OLS 回归","R/manual/example_05.R","FIN_ECON_ENABLE_NETWORK=1","","仅正文，未包含章末习题。当前数据或包版本可能影响复现。","parse_only_not_executed"
"CH03",6,"CH3-回归模型及其应用.tex",882,"案例：Fama-French因子模型下的个股超额收益 OLS 回归","","","","仅正文，未包含章末习题。当前数据或包版本可能影响复现。","excluded_console_or_raw_data"
"CH04",1,"CH4-自回归移动平均模型.tex",178,"遍历性和混合性条件 \label","R/manual/example_01.R","","ggplot2;ragg;rstudioapi","仅正文，未包含章末习题。当前数据或包版本可能影响复现。","parse_only_not_executed"
"CH04",2,"CH4-自回归移动平均模型.tex",531,"移动平均（MA）模型","R/manual/example_02.R","","ggplot2;rstudioapi","仅正文，未包含章末习题。当前数据或包版本可能影响复现。","parse_only_not_executed"
"CH04",3,"CH4-自回归移动平均模型.tex",705,"自回归移动平均过程\label","R/manual/example_03.R","","ggplot2;rstudioapi;stats","仅正文，未包含章末习题。当前数据或包版本可能影响复现。","parse_only_not_executed"
"CH04",4,"CH4-自回归移动平均模型.tex",877,"MA 模型的自相关结构","R/manual/example_04.R","","","仅正文，未包含章末习题。当前数据或包版本可能影响复现。","parse_only_not_executed"
"CH04",5,"CH4-自回归移动平均模型.tex",942,"偏自相关系数\label","R/manual/example_05.R","","","仅正文，未包含章末习题。当前数据或包版本可能影响复现。","parse_only_not_executed"
"CH04",6,"CH4-自回归移动平均模型.tex",1042,"利用尤尔–沃克方程对 AR 模型进行参数估计","R/manual/example_06.R","","","仅正文，未包含章末习题。当前数据或包版本可能影响复现。","parse_only_not_executed"
"CH04",7,"CH4-自回归移动平均模型.tex",1071,"利用尤尔–沃克方程对 AR 模型进行参数估计","","","","仅正文，未包含章末习题。当前数据或包版本可能影响复现。","excluded_console_or_raw_data"
"CH04",8,"CH4-自回归移动平均模型.tex",1083,"利用尤尔–沃克方程对 AR 模型进行参数估计","R/manual/example_08.R","","","仅正文，未包含章末习题。当前数据或包版本可能影响复现。","parse_only_not_executed"
"CH04",9,"CH4-自回归移动平均模型.tex",1179,"极大似然法初探 \label","R/manual/example_09.R","","","仅正文，未包含章末习题。当前数据或包版本可能影响复现。","parse_only_not_executed"
"CH04",10,"CH4-自回归移动平均模型.tex",1219,"极大似然法初探 \label","R/manual/example_10.R","","","仅正文，未包含章末习题。当前数据或包版本可能影响复现。","parse_only_not_executed"
"CH04",11,"CH4-自回归移动平均模型.tex",1286,"ARMA过程的极大似然估计 \label","R/manual/example_11.R","","","仅正文，未包含章末习题。当前数据或包版本可能影响复现。","parse_only_not_executed"
"CH04",12,"CH4-自回归移动平均模型.tex",1321,"ARMA过程的极大似然估计 \label","R/manual/example_12.R","","","仅正文，未包含章末习题。当前数据或包版本可能影响复现。","parse_only_not_executed"
"CH04",13,"CH4-自回归移动平均模型.tex",1397,"基于 AIC 和 BIC 的 ARMA(p,q) 阶数选择","R/manual/example_13.R","","","仅正文，未包含章末习题。当前数据或包版本可能影响复现。","parse_only_not_executed"
"CH04",14,"CH4-自回归移动平均模型.tex",1425,"基于 AIC 和 BIC 的 ARMA(p,q) 阶数选择","","","","仅正文，未包含章末习题。当前数据或包版本可能影响复现。","excluded_console_or_raw_data"
"CH04",15,"CH4-自回归移动平均模型.tex",1716,"R中验证极大似然估计的性质","R/manual/example_15.R","","","仅正文，未包含章末习题。当前数据或包版本可能影响复现。","parse_only_not_executed"
"CH04",16,"CH4-自回归移动平均模型.tex",1845," 单位根 ","R/manual/example_16.R","","forecast;ggplot2;rstudioapi","仅正文，未包含章末习题。当前数据或包版本可能影响复现。","parse_only_not_executed"
"CH04",17,"CH4-自回归移动平均模型.tex",1920," 单位根 ","R/manual/example_17.R","","","仅正文，未包含章末习题。当前数据或包版本可能影响复现。","parse_only_not_executed"
"CH04",18,"CH4-自回归移动平均模型.tex",2305,"案例：采用ARMA模型对上证指数收益率进行建模及预测 \label","R/manual/example_18.R","","dplyr;forecast;ggplot2;rstudioapi;tseries","仅正文，未包含章末习题。当前数据或包版本可能影响复现。","parse_only_not_executed"
"CH04",19,"CH4-自回归移动平均模型.tex",2408,"案例：采用ARMA模型对上证指数收益率进行建模及预测 \label","","","","仅正文，未包含章末习题。当前数据或包版本可能影响复现。","excluded_console_or_raw_data"
"CH04",20,"CH4-自回归移动平均模型.tex",2450,"案例：采用ARMA模型对上证指数收益率进行建模及预测 \label","R/manual/example_20.R","","","仅正文，未包含章末习题。当前数据或包版本可能影响复现。","parse_only_not_executed"
"CH04",21,"CH4-自回归移动平均模型.tex",3014,"The A-model","R/manual/example_21.R","","vars","仅正文，未包含章末习题。当前数据或包版本可能影响复现。","parse_only_not_executed"
"CH04",22,"CH4-自回归移动平均模型.tex",3060,"The A-model","R/manual/example_22.R","","","仅正文，未包含章末习题。当前数据或包版本可能影响复现。","parse_only_not_executed"
"CH05",1,"CH5-波动率模型.tex",151,"ARCH模型","R/manual/example_01.R","","","仅正文，未包含章末习题。当前数据或包版本可能影响复现。","parse_only_not_executed"
"CH05",2,"CH5-波动率模型.tex",211,"ARCH模型","","","","仅正文，未包含章末习题。当前数据或包版本可能影响复现。","excluded_console_or_raw_data"
"CH05",3,"CH5-波动率模型.tex",320,"GARCH 模型","R/manual/example_03.R","","","仅正文，未包含章末习题。当前数据或包版本可能影响复现。","parse_only_not_executed"
"CH05",4,"CH5-波动率模型.tex",602,"IGARCH 模型","R/manual/example_04.R","","","仅正文，未包含章末习题。当前数据或包版本可能影响复现。","parse_only_not_executed"
"CH05",5,"CH5-波动率模型.tex",726,"ARCH、GARCH 模型的估计","R/manual/example_05.R","","MSGARCH;rstudioapi","仅正文，未包含章末习题。当前数据或包版本可能影响复现。","parse_only_not_executed"
"CH05",6,"CH5-波动率模型.tex",903,"Box–Pierce 型混成检验","R/manual/example_06.R","","","仅正文，未包含章末习题。当前数据或包版本可能影响复现。","parse_only_not_executed"
"CH05",7,"CH5-波动率模型.tex",1043,"案例：基于BEKK-GARCH的股指期现货的波动率研究 \label","R/manual/example_07.R","","rstudioapi","仅正文，未包含章末习题。当前数据或包版本可能影响复现。","parse_only_not_executed"
"CH05",8,"CH5-波动率模型.tex",1105,"案例：基于BEKK-GARCH的股指期现货的波动率研究 \label","","","","仅正文，未包含章末习题。当前数据或包版本可能影响复现。","excluded_console_or_raw_data"
"CH05",9,"CH5-波动率模型.tex",1225,"案例：基于 DCC–GARCH 模型的股指联动性分析 \label","R/manual/example_09.R","","rstudioapi","仅正文，未包含章末习题。当前数据或包版本可能影响复现。","parse_only_not_executed"
"CH05",10,"CH5-波动率模型.tex",1313,"章节总结","","","","仅正文，未包含章末习题。当前数据或包版本可能影响复现。","excluded_console_or_raw_data"
"CH06",1,"CH6-收益可预测性与有效市场假说.tex",530,"案例：2023 年中国股市的弱式有效性检验——以贵州茅台为例 \label","R/manual/example_01.R","","rstudioapi","仅正文，未包含章末习题。当前数据或包版本可能影响复现。","parse_only_not_executed"
"CH06",2,"CH6-收益可预测性与有效市场假说.tex",574,"案例：2023 年中国股市的弱式有效性检验——以贵州茅台为例 \label","","","","仅正文，未包含章末习题。当前数据或包版本可能影响复现。","excluded_console_or_raw_data"
"CH06",3,"CH6-收益可预测性与有效市场假说.tex",608,"案例：2023 年中国股市的弱式有效性检验——以贵州茅台为例 \label","","","","仅正文，未包含章末习题。当前数据或包版本可能影响复现。","excluded_console_or_raw_data"
"CH07",1,"CH7-非参数方法.tex",91,"非参数概率密度估计量 \label","R/manual/example_01.R","","","仅正文，未包含章末习题。当前数据或包版本可能影响复现。","parse_only_not_executed"
"CH07",2,"CH7-非参数方法.tex",123,"非参数概率密度估计量 \label","R/manual/example_02.R","","","仅正文，未包含章末习题。当前数据或包版本可能影响复现。","parse_only_not_executed"
"CH07",3,"CH7-非参数方法.tex",235,"非参数概率密度估计量 \label","R/manual/example_03.R","","","仅正文，未包含章末习题。当前数据或包版本可能影响复现。","parse_only_not_executed"
"CH07",4,"CH7-非参数方法.tex",613,"多维核密度估计量 ","R/manual/example_04.R","","","仅正文，未包含章末习题。当前数据或包版本可能影响复现。","parse_only_not_executed"
"CH07",5,"CH7-非参数方法.tex",682,"非参数回归模型","R/manual/example_05.R","","","仅正文，未包含章末习题。当前数据或包版本可能影响复现。","parse_only_not_executed"
"CH07",6,"CH7-非参数方法.tex",786,"Nadaraya-Watson估计量","R/manual/example_06.R","","","仅正文，未包含章末习题。当前数据或包版本可能影响复现。","parse_only_not_executed"
"CH08",1,"CH8-金融资产定价模型.tex",569,"案例：Fama-French三因子模型\label","R/manual/example_01.R","FIN_ECON_ENABLE_NETWORK=1","rstudioapi","仅正文，未包含章末习题。当前数据或包版本可能影响复现。","parse_only_not_executed"
"CH08",2,"CH8-金融资产定价模型.tex",665,"案例：Fama-French三因子模型\label","","","","仅正文，未包含章末习题。当前数据或包版本可能影响复现。","excluded_console_or_raw_data"
"CH08",3,"CH8-金融资产定价模型.tex",739,"SMB/HML/UMD 的基本构建思路（实践口径可按研究设计微调）","R/manual/example_03.R","","","仅正文，未包含章末习题。当前数据或包版本可能影响复现。","parse_only_not_executed"
"CH08",4,"CH8-金融资产定价模型.tex",794,"SMB/HML/UMD 的基本构建思路（实践口径可按研究设计微调）","R/manual/example_04.R","","","仅正文，未包含章末习题。当前数据或包版本可能影响复现。","parse_only_not_executed"
"CH08",5,"CH8-金融资产定价模型.tex",867,"SMB/HML/UMD 的基本构建思路（实践口径可按研究设计微调）","R/manual/example_05.R","","","仅正文，未包含章末习题。当前数据或包版本可能影响复现。","parse_only_not_executed"
"CH09",1,"CH9-连续金融模型.tex",91,"布朗运动","R/manual/example_01.R","","","仅正文，未包含章末习题。当前数据或包版本可能影响复现。","parse_only_not_executed"
"CH09",2,"CH9-连续金融模型.tex",728,"案例：基于 Aït–Sahalia 似然展开的扩散模型近似极大似然估计与稳健推断","","","","仅正文，未包含章末习题。当前数据或包版本可能影响复现。","dependency_installation_documented_only"
"CH09",3,"CH9-连续金融模型.tex",740,"案例：基于 Aït–Sahalia 似然展开的扩散模型近似极大似然估计与稳健推断","R/manual/example_03.R","FIN_ECON_ENABLE_NETWORK=1","MASS;MLEMVD;nloptr;numDeriv;quantmod","仅正文，未包含章末习题。当前数据或包版本可能影响复现。","parse_only_not_executed"
"CH09",4,"CH9-连续金融模型.tex",1049,"测量误差模型","","","","仅正文，未包含章末习题。当前数据或包版本可能影响复现。","excluded_console_or_raw_data"
"CH09",5,"CH9-连续金融模型.tex",1148,"测量误差模型","R/manual/example_05.R","","","仅正文，未包含章末习题。当前数据或包版本可能影响复现。","parse_only_not_executed"
"CH09",6,"CH9-连续金融模型.tex",1236,"基于 Yahoo Finance 日频数据的已实现波动率估计 \label","R/manual/example_06.R","","","仅正文，未包含章末习题。当前数据或包版本可能影响复现。","parse_only_not_executed"
"CH09",7,"CH9-连续金融模型.tex",1414,"双频已实现协方差估计量 (TSRV) ","R/manual/example_07.R","","","仅正文，未包含章末习题。当前数据或包版本可能影响复现。","parse_only_not_executed"
"CH09",8,"CH9-连续金融模型.tex",1509,"多元已实现核协方差估计量（RK）\label","R/manual/example_08.R","","","仅正文，未包含章末习题。当前数据或包版本可能影响复现。","parse_only_not_executed"
"CH09",9,"CH9-连续金融模型.tex",1605,"预平均协方差估计量（PAV）\label","R/manual/example_09.R","","","仅正文，未包含章末习题。当前数据或包版本可能影响复现。","parse_only_not_executed"
"CH09",10,"CH9-连续金融模型.tex",1640,"预平均协方差估计量（PAV）\label","R/manual/example_10.R","","","仅正文，未包含章末习题。当前数据或包版本可能影响复现。","parse_only_not_executed"
"CH09",11,"CH9-连续金融模型.tex",1665,"预平均协方差估计量（PAV）\label","R/manual/example_11.R","","","仅正文，未包含章末习题。当前数据或包版本可能影响复现。","parse_only_not_executed"
"CH10",1,"CH10-收益率曲线.tex",105,"贴现函数、收益率曲线与远期利率","R/manual/example_01.R","FIN_ECON_ENABLE_NETWORK=1","","仅正文，未包含章末习题。当前数据或包版本可能影响复现。","parse_only_not_executed"
"CH10",2,"CH10-收益率曲线.tex",216,"基函数展开法","R/manual/example_02.R","FIN_ECON_ENABLE_NETWORK=1","quantmod;splines","仅正文，未包含章末习题。当前数据或包版本可能影响复现。","parse_only_not_executed"
"CH10",3,"CH10-收益率曲线.tex",386,"参数法","R/manual/example_03.R","FIN_ECON_ENABLE_NETWORK=1","quantmod","仅正文，未包含章末习题。当前数据或包版本可能影响复现。","parse_only_not_executed"
"CH10",4,"CH10-收益率曲线.tex",576,"Fama–Bliss 法","R/manual/example_04.R","FIN_ECON_ENABLE_NETWORK=1","quantmod","仅正文，未包含章末习题。当前数据或包版本可能影响复现。","parse_only_not_executed"
"CH10",5,"CH10-收益率曲线.tex",772,"收益率的统计性质","R/manual/example_05.R","FIN_ECON_ENABLE_NETWORK=1","ggplot2;moments;quantmod;rstudioapi;zoo","仅正文，未包含章末习题。当前数据或包版本可能影响复现。","parse_only_not_executed"
"CH10",6,"CH10-收益率曲线.tex",1101,"多因子仿射期限结构","R/manual/example_06.R","FIN_ECON_ENABLE_NETWORK=1","ggplot2;moments;quantmod;rstudioapi;zoo","仅正文，未包含章末习题。当前数据或包版本可能影响复现。","parse_only_not_executed"
"CH11",1,"CH11-风险管理与极值理论.tex",405,"尾厚度的估计","R/manual/example_01.R","FIN_ECON_ENABLE_NETWORK=1","","仅正文，未包含章末习题。当前数据或包版本可能影响复现。","parse_only_not_executed"
"CH11",2,"CH11-风险管理与极值理论.tex",640,"尾部厚度与动态风险度量：基于 S\&P 500 的实证与回测","R/manual/example_02.R","FIN_ECON_ENABLE_NETWORK=1","","仅正文，未包含章末习题。当前数据或包版本可能影响复现。","parse_only_not_executed"
"CH11",3,"CH11-风险管理与极值理论.tex",1117,"多变量依赖与系统性风险：Copula 与 CoVaR 的实证演示","R/manual/example_03.R","FIN_ECON_ENABLE_NETWORK=1","","仅正文，未包含章末习题。当前数据或包版本可能影响复现。","parse_only_not_executed"
"CH11",4,"CH11-风险管理与极值理论.tex",1396,"期望损失（ES）：历史模拟法与条件 GARCH 模型的实证计算","R/manual/example_04.R","FIN_ECON_ENABLE_NETWORK=1","","仅正文，未包含章末习题。当前数据或包版本可能影响复现。","parse_only_not_executed"
"CH12",1,"CH12-金融计量经济学与人工智能方法.tex",182,"示例（量化／风控）","R/manual/example_01.R","","dplyr;ggplot2;pROC;rpart;rpart.plot;tidyr","仅正文，未包含章末习题。当前数据或包版本可能影响复现。","parse_only_not_executed"
"CH12",2,"CH12-金融计量经济学与人工智能方法.tex",274,"示例（量化／风控）","R/manual/example_02.R","","ISLR;dplyr;ggplot2;pROC;rpart;rpart.plot","仅正文，未包含章末习题。当前数据或包版本可能影响复现。","parse_only_not_executed"
"CH12",3,"CH12-金融计量经济学与人工智能方法.tex",530,"案例：随机森林 vs 逻辑回归（固定窗口，滚动样本外预测）","R/manual/example_03.R","FIN_ECON_ENABLE_NETWORK=1","p","仅正文，未包含章末习题。当前数据或包版本可能影响复现。","parse_only_not_executed"
"CH12",4,"CH12-金融计量经济学与人工智能方法.tex",767,"代码说明：XGBoost（固定区间，滚动样本外，早停）","R/manual/example_04.R","FIN_ECON_ENABLE_NETWORK=1","p","仅正文，未包含章末习题。当前数据或包版本可能影响复现。","parse_only_not_executed"
"CH12",5,"CH12-金融计量经济学与人工智能方法.tex",1349,"收益率预测：线性回归 vs. XGBoost 与 LSTM","R/manual/example_05.R","FIN_ECON_ENABLE_NETWORK=1","quantmod;xgboost","仅正文，未包含章末习题。当前数据或包版本可能影响复现。","parse_only_not_executed"
"CH12",6,"CH12-金融计量经济学与人工智能方法.tex",1447,"波动率建模：GARCH vs. 注意力机制","R/manual/example_06.R","FIN_ECON_ENABLE_NETWORK=1","keras3;p","仅正文，未包含章末习题。当前数据或包版本可能影响复现。","parse_only_not_executed"
"CH12",7,"CH12-金融计量经济学与人工智能方法.tex",1711,"信用评分：Logit vs. 随机森林 / 神经网络","R/manual/example_07.R","FIN_ECON_ENABLE_NETWORK=1","caret;p","仅正文，未包含章末习题。当前数据或包版本可能影响复现。","parse_only_not_executed"
"CH12",8,"CH12-金融计量经济学与人工智能方法.tex",1957,"因子提取与风险度量：自编码器与深度贝叶斯","R/manual/example_08.R","FIN_ECON_ENABLE_NETWORK=1","MASS;keras;p","仅正文，未包含章末习题。当前数据或包版本可能影响复现。","parse_only_not_executed"
