"file","passed","message"
"CH01/R/body_demo.R",TRUE,""
"CH01/R/manual/example_03.R",TRUE,""
"CH01/R/manual/example_04.R",TRUE,""
"CH01/R/manual/example_05.R",TRUE,""
"CH01/R/manual/example_06.R",TRUE,""
"CH01/R/manual/example_07.R",TRUE,""
"CH01/R/manual/example_08.R",TRUE,""
"CH01/R/manual/example_09.R",TRUE,""
"CH01/R/manual/example_10.R",TRUE,""
"CH01/R/manual/example_11.R",TRUE,""
"CH01/R/manual/example_12.R",TRUE,""
"CH01/R/manual/example_13.R",TRUE,""
"CH01/R/manual/example_14.R",TRUE,""
"CH01/R/manual/example_15.R",TRUE,""
"CH01/R/manual/example_16.R",TRUE,""
"CH01/R/manual/example_17.R",TRUE,""
"CH01/R/manual/example_18.R",TRUE,""
"CH01/R/manual/example_19.R",TRUE,""
"CH01/R/manual/example_20.R",TRUE,""
"CH01/R/manual/example_21.R",TRUE,""
"CH01/R/manual/example_23.R",TRUE,""
"CH01/R/manual/example_24.R",TRUE,""
"CH01/R/manual/example_26.R",TRUE,""
"CH01/R/manual/example_28.R",TRUE,""
"CH01/R/manual/example_29.R",TRUE,""
"CH01/R/manual/example_30.R",TRUE,""
"CH01/R/manual/example_31.R",TRUE,""
"CH01/R/manual/example_32.R",TRUE,""
"CH01/R/manual/example_33.R",TRUE,""
"CH01/R/manual/example_35.R",TRUE,""
"CH01/R/manual/example_36.R",TRUE,""
"CH01/R/manual/example_37.R",TRUE,""
"CH01/R/manual/example_38.R",TRUE,""
"CH01/R/manual/example_39.R",TRUE,""
"CH01/R/manual/example_40.R",TRUE,""
"CH01/R/manual/example_41.R",TRUE,""
"CH01/R/manual/example_42.R",TRUE,""
"CH01/R/manual/example_43.R",TRUE,""
"CH01/R/manual/example_44.R",TRUE,""
"CH01/R/manual/example_45.R",TRUE,""
"CH01/R/manual/example_46.R",TRUE,""
"CH01/R/manual/example_47.R",TRUE,""
"CH01/R/manual/example_48.R",TRUE,""
"CH01/R/manual/example_50.R",TRUE,""
"CH01/R/manual/example_51.R",TRUE,""
"CH01/R/manual/example_52.R",TRUE,""
"CH01/R/manual/example_53.R",TRUE,""
"CH01/R/manual/example_55.R",TRUE,""
"CH01/R/manual/example_57.R",TRUE,""
"CH01/R/manual/example_58.R",TRUE,""
"CH01/R/manual/example_60.R",TRUE,""
"CH01/R/manual/example_61.R",TRUE,""
"CH01/R/manual/example_62.R",TRUE,""
"CH01/R/manual/example_64.R",TRUE,""
"CH01/R/manual/example_65.R",TRUE,""
"CH01/R/manual/example_67.R",TRUE,""
"CH01/R/manual/example_68.R",TRUE,""
"CH01/R/manual/example_70.R",TRUE,""
"CH01/R/manual/example_71.R",TRUE,""
"CH01/R/manual/example_73.R",TRUE,""
"CH01/R/manual/example_74.R",TRUE,""
"CH01/R/manual/example_75.R",TRUE,""
"CH01/R/manual/example_76.R",TRUE,""
"CH01/R/manual/example_77.R",TRUE,""
"CH01/R/manual/example_78.R",TRUE,""
"CH01/R/manual/example_79.R",TRUE,""
"CH01/R/manual/example_80.R",TRUE,""
"CH01/R/manual/example_81.R",TRUE,""
"CH01/R/manual/example_82.R",TRUE,""
"CH01/R/manual/example_83.R",TRUE,""
"CH01/R/manual/example_84.R",TRUE,""
"CH01/R/manual/example_85.R",TRUE,""
"CH01/R/manual/example_86.R",TRUE,""
"CH01/R/manual/example_87.R",TRUE,""
"CH01/R/manual/example_88.R",TRUE,""
"CH01/R/manual/example_89.R",TRUE,""
"CH01/R/manual/example_90.R",TRUE,""
"CH01/run.R",TRUE,""
"CH02/R/body_demo.R",TRUE,""
"CH02/R/manual/example_01.R",TRUE,""
"CH02/R/manual/example_02.R",TRUE,""
"CH02/run.R",TRUE,""
"CH03/R/body_demo.R",TRUE,""
"CH03/R/manual/example_01.R",TRUE,""
"CH03/R/manual/example_02.R",TRUE,""
"CH03/R/manual/example_04.R",TRUE,""
"CH03/R/manual/example_05.R",TRUE,""
"CH03/run.R",TRUE,""
"CH04/R/body_demo.R",TRUE,""
"CH04/R/manual/example_01.R",TRUE,""
"CH04/R/manual/example_02.R",TRUE,""
"CH04/R/manual/example_03.R",TRUE,""
"CH04/R/manual/example_04.R",TRUE,""
"CH04/R/manual/example_05.R",TRUE,""
"CH04/R/manual/example_06.R",TRUE,""
"CH04/R/manual/example_08.R",TRUE,""
"CH04/R/manual/example_09.R",TRUE,""
"CH04/R/manual/example_10.R",TRUE,""
"CH04/R/manual/example_11.R",TRUE,""
"CH04/R/manual/example_12.R",TRUE,""
"CH04/R/manual/example_13.R",TRUE,""
"CH04/R/manual/example_15.R",TRUE,""
"CH04/R/manual/example_16.R",TRUE,""
"CH04/R/manual/example_17.R",TRUE,""
"CH04/R/manual/example_18.R",TRUE,""
"CH04/R/manual/example_20.R",TRUE,""
"CH04/R/manual/example_21.R",TRUE,""
"CH04/R/manual/example_22.R",TRUE,""
"CH04/run.R",TRUE,""
"CH05/R/body_demo.R",TRUE,""
"CH05/R/manual/example_01.R",TRUE,""
"CH05/R/manual/example_03.R",TRUE,""
"CH05/R/manual/example_04.R",TRUE,""
"CH05/R/manual/example_05.R",TRUE,""
"CH05/R/manual/example_06.R",TRUE,""
"CH05/R/manual/example_07.R",TRUE,""
"CH05/R/manual/example_09.R",TRUE,""
"CH05/run.R",TRUE,""
"CH06/R/body_demo.R",TRUE,""
"CH06/R/manual/example_01.R",TRUE,""
"CH06/run.R",TRUE,""
"CH07/R/body_demo.R",TRUE,""
"CH07/R/manual/example_01.R",TRUE,""
"CH07/R/manual/example_02.R",TRUE,""
"CH07/R/manual/example_03.R",TRUE,""
"CH07/R/manual/example_04.R",TRUE,""
"CH07/R/manual/example_05.R",TRUE,""
"CH07/R/manual/example_06.R",TRUE,""
"CH07/run.R",TRUE,""
"CH08/R/body_demo.R",TRUE,""
"CH08/R/manual/example_01.R",TRUE,""
"CH08/R/manual/example_03.R",TRUE,""
"CH08/R/manual/example_04.R",TRUE,""
"CH08/R/manual/example_05.R",TRUE,""
"CH08/run.R",TRUE,""
"CH09/R/body_demo.R",TRUE,""
"CH09/R/manual/example_01.R",TRUE,""
"CH09/R/manual/example_03.R",TRUE,""
"CH09/R/manual/example_05.R",TRUE,""
"CH09/R/manual/example_06.R",TRUE,""
"CH09/R/manual/example_07.R",TRUE,""
"CH09/R/manual/example_08.R",TRUE,""
"CH09/R/manual/example_09.R",TRUE,""
"CH09/R/manual/example_10.R",TRUE,""
"CH09/R/manual/example_11.R",TRUE,""
"CH09/run.R",TRUE,""
"CH10/R/body_demo.R",TRUE,""
"CH10/R/manual/example_01.R",TRUE,""
"CH10/R/manual/example_02.R",TRUE,""
"CH10/R/manual/example_03.R",TRUE,""
"CH10/R/manual/example_04.R",TRUE,""
"CH10/R/manual/example_05.R",TRUE,""
"CH10/R/manual/example_06.R",TRUE,""
"CH10/run.R",TRUE,""
"CH11/R/body_demo.R",TRUE,""
"CH11/R/manual/example_01.R",TRUE,""
"CH11/R/manual/example_02.R",TRUE,""
"CH11/R/manual/example_03.R",TRUE,""
"CH11/R/manual/example_04.R",TRUE,""
"CH11/run.R",TRUE,""
"CH12/R/body_demo.R",TRUE,""
"CH12/R/manual/example_01.R",TRUE,""
"CH12/R/manual/example_02.R",TRUE,""
"CH12/R/manual/example_03.R",TRUE,""
"CH12/R/manual/example_04.R",TRUE,""
"CH12/R/manual/example_05.R",TRUE,""
"CH12/R/manual/example_06.R",TRUE,""
"CH12/R/manual/example_07.R",TRUE,""
"CH12/R/manual/example_08.R",TRUE,""
"CH12/run.R",TRUE,""
"run_all.R",TRUE,""
"tools/run_support.R",TRUE,""
"tools/verify_syntax.R",TRUE,""
