path,bytes,sha256
.gitignore,230,42eae1e75782e98cdd78010880be4165732b834ce10c75040f454f74d5c74b28
CH01/R/body_demo.R,1070,7cfc7260ec8dc832cd400fec8b54d8c1f32ac201b5cf7c7ee536ff5f9d8e3781
CH01/R/manual/example_03.R,466,88bf24bc37ab685fb840fe59c48aac95f3a0811622d1ab8ff6541e9e683b1834
CH01/R/manual/example_04.R,470,a6110ddddc3dfe95c5352103767badba5da025dc4b8bff72794c962b4e160882
CH01/R/manual/example_05.R,489,ef30218950240e9ae5e7ecd1c77f711f26e302a4476c5d94afdfaaf2c30bffc7
CH01/R/manual/example_06.R,460,36c1f8b67f041b723117f7b0f59eaf9953d893a19b0dac79449b1fc953e73bde
CH01/R/manual/example_07.R,518,5edb38f724261742303a1fc68c4c6eea242adaecd8bc84fb9d04b293b56ab684
CH01/R/manual/example_08.R,449,8a81f1866e2252eb3fbcddc8a53a44f3fb89accedf45a625e21ae6c033f56495
CH01/R/manual/example_09.R,478,5b124b850e252642221bf33b90dcf81dd1699a7d4b39088739b3875d64b3c366
CH01/R/manual/example_10.R,494,caa8dd2bf2b26101b38f7ecf91f5133834d3ec6b11e4223c952d1eacd64a4175
CH01/R/manual/example_11.R,474,e42f496e9f24c34a8f3baf3670e5bd3a9baf018f4d690511e8703e02b3d24025
CH01/R/manual/example_12.R,501,82d31b02819cefc0889d1afd72bf17edd7893f56ea84531418884e61505a7caa
CH01/R/manual/example_13.R,541,1d0780bc9198a2de4ae8eb949ab903d1eeaec325437f5706d1e42533f6e9d537
CH01/R/manual/example_14.R,784,3024a932eb192f966509217602e8b24a64239252a210ef3036e866263a97bbf3
CH01/R/manual/example_15.R,467,0c28beb3632fadfaa425ad0a729cd7d98adac71c65f5634af9af63b5d8390254
CH01/R/manual/example_16.R,647,a131be821c2b38134969384170ac434c300718e72050410ae62c564000199f58
CH01/R/manual/example_17.R,543,5ce421de55f1cdbe9e8dab4d3e0687eb744578467e868cdf0a0eabe82e2f2a4e
CH01/R/manual/example_18.R,521,2c5429fa8439c70aba4ca10269ceaa7ebcc9fdc263266fd5922d0aff7697e54e
CH01/R/manual/example_19.R,501,59692eda02a78d1ab0f0a0369f10b186ab8a34e4857485205e443cc7142a7357
CH01/R/manual/example_20.R,515,afb98a5e967e440ce3d1eb78819c0c1c677f68a0e2cb3e3809260d41501f31ad
CH01/R/manual/example_21.R,541,e1b5a682b70b673033c49dc53f53aa051e28eebc30872ba308260d067a45c459
CH01/R/manual/example_23.R,442,c5475da19f6179ade522bdea3f9649232df0ef0cbc465f62c086ba240ecaf628
CH01/R/manual/example_24.R,449,4d26c4c411f2cfbcef581aa12af5acc98aa07b3fd53154a71db1e92015637956
CH01/R/manual/example_25.R,472,095e46fc3c1dc4c0f1a205b7efeed117b57567152bcdbb416c6c362c169a0868
CH01/R/manual/example_26.R,489,3b92dedc6f007afcbb6b20b93d1be2b669aed9e75d523a0a581a06356cdb9a9a
CH01/R/manual/example_28.R,450,e0bdee2b3e5b42f32f7eb09a7b6d1dd7668fd66d59a3b74639e822c264a8a0e3
CH01/R/manual/example_29.R,554,b9ed0848910650a8cea47a310f538ef696746bfc8d0d280783f4b1782c81ed82
CH01/R/manual/example_30.R,1069,f202943943d3be0aafd698e5448d46cc367bb0286f5fdba0db9ef951be27a165
CH01/R/manual/example_31.R,668,99d0abbde2cd568637c5e6be53e85c1b5dbe8a29838d677c71cc4abbffb505e5
CH01/R/manual/example_32.R,536,74cd7e7c01e27835d73573d66b69d587ef7a56a60db42056818ffd1af61c60d3
CH01/R/manual/example_33.R,537,8f3f30c96dfba59616df381b532ef379f410babd83e4deaae38fe92e462b2615
CH01/R/manual/example_34.R,451,b525cfc168819d5f05397b39fb310b80ff529790bd0353ecce176ef8c9373ef1
CH01/R/manual/example_35.R,481,49cc3bc4ef35923b51d8ce7c6c35c52544a675432e8ed45874bbd7db39d6b5a3
CH01/R/manual/example_36.R,495,b1eebd4848c9db153246a3a1f2a96d5bf4d285222de001358bbde654c7bf3bb6
CH01/R/manual/example_37.R,626,af331750896551260b38fa194ee0fc839d787d59a578914d7fd7b490151d0859
CH01/R/manual/example_38.R,543,58553d3600000cb6662207ba46699ebd8b9217bb8ea2b8736b1cd28cc4c7626d
CH01/R/manual/example_39.R,543,89aba0535cd4369ffbecd9e5e48d32c37ac4da574ed5d493a6ed1d918625e324
CH01/R/manual/example_40.R,605,47bb5a8c11a4b8e4a319df36a81a847c19dc665afbf0f22be57012e8c3531eb6
CH01/R/manual/example_41.R,508,6838cc30c00b83597f0d24309c567edd54b8b2b4ebadf2decf98549621cea837
CH01/R/manual/example_42.R,525,f0b98584a74edc0bd4608a36ec90484c3f95c4b0167465f4e2555852a5266efc
CH01/R/manual/example_43.R,582,ce8d44b65cc85d98d686dc585a1cdd9445604e3e6e01ee96dbaada9d68f9b054
CH01/R/manual/example_44.R,464,0c0486db247f146b7988d3a3efe40dd1f76f702c972fee1f3c9eabf5e7b7a903
CH01/R/manual/example_45.R,446,b359ab4b409912ea9896b3cda0d57b3d737adf4ba773770a10c8a0e15c3b6fc0
CH01/R/manual/example_46.R,463,bf5b82c5e4173b7ca678b05eaf8ccbfa063608d100a1950b3d503a414b06e620
CH01/R/manual/example_47.R,1090,dc0cfe8aac6de72804df153c1ddeae6bab7d356148e54302b1192a2c23d2d76b
CH01/R/manual/example_50.R,460,666da605373910133dba021d7d6235c419315277997e6fba101db9892db55c9d
CH01/R/manual/example_51.R,561,63095b7a21268da2dd607a321705c99a60589e6f4516c8c9e13a5ff00521b982
CH01/R/manual/example_52.R,501,0290767be8307bdee281e110285add2ee447610c9df59b9b6ae43516dc1a48eb
CH01/R/manual/example_53.R,688,f64848237516f0f9aefe4bb55c3f0991094132179d1420f14672b1432a02d68f
CH01/R/manual/example_55.R,700,957bed543657df7d2b46e8733ec30cd9acc769d3ea629a916d4a6031399885ab
CH01/R/manual/example_57.R,536,12de67b9ce59ff2e0d65446e5a79879075462fcfe28f3c3996596ab9e3c78c9d
CH01/R/manual/example_58.R,511,2c6c0f1a48f101fa7be7ec494c5b9dfe9d2fce8d34b9713b2cb1b8ecba0970f8
CH01/R/manual/example_60.R,510,c76fdddbcd7482a2cef88b1d7add580002205d1fac0a5ba7d29eb56b1762f0ef
CH01/R/manual/example_61.R,505,2fb760006cefd0ed51ad6f83673e22aee015595e75e48ca4532312e9036e97ce
CH01/R/manual/example_62.R,605,ab70de7587073dfacb744ee0096ce08bae510cd77ffb2d161dd85f9eb153023e
CH01/R/manual/example_64.R,484,cfcb39f6c49d86d271b6f6338d52dea3a059482efe74f5f5a61412e77733e443
CH01/R/manual/example_65.R,678,f5e6eb7e40c13f5b4d3cabbc496f3dd664b7cf25691701ef011372ea25e06ba7
CH01/R/manual/example_67.R,489,a46e514e0f6ef92ad82f3f4ac3776adcc00994b2fa11fb9c259aa0062f13f56e
CH01/R/manual/example_68.R,721,06bfcdb99d2997a02c2d9e61982be41d267fd603035a7adad3bba4ee9c213c2e
CH01/R/manual/example_70.R,467,f64349585fcae9eabe56ebbba16cc514a8bdc5ad01cd8e6eaa893aefb970575f
CH01/R/manual/example_71.R,489,2fd69fdb8d1de3d9744bff6f2bf614f1bcfa8da23bf727b39b089ec758875451
CH01/R/manual/example_73.R,508,167d196b99f30a954f52eca0d54dd66ff2f847b730285772ddbcbcf5e6a48288
CH01/R/manual/example_74.R,555,53e983f4fa31ef0a9e26ab00e43da4995c62dd0510cbf06bcea5f0b5f79a8b22
CH01/R/manual/example_75.R,615,41775eaa7be60dcabd92088794865c2b0d32b983ecdb17671f01cd9d4405174d
CH01/R/manual/example_76.R,844,f8cb927ba76369c778cd1824321e656f05477d6102719cb1a18bacb6849b10f7
CH01/R/manual/example_77.R,631,d11386b74d8f50a50b5ff72c7ac80ef2bdaa89d2c94418da4363ffe6805bb97f
CH01/R/manual/example_78.R,596,392ffc085c397037365465e7a5f8e87bdb5c2b967ace1094670710c36be42195
CH01/R/manual/example_79.R,528,35b17c5e49b0fbe66da6f72d45de61b2f4d66676b4590e8a18cfc8c9c0f51dd4
CH01/R/manual/example_80.R,602,2cd053e47227adbc0fed3d56e8e1fbddacd343129a4b36399e4c80e9b2842b86
CH01/R/manual/example_81.R,843,59bf39d5c1d0408dc0f85b68dead5ca6b77012f9dc7806be4b0a6c94016b6be4
CH01/R/manual/example_82.R,559,6c853ab395db28a1610e40d12690f2722a3286b00f188b0de553ae855fe8f907
CH01/R/manual/example_83.R,774,f8dac5ea1f1b1565aa64305afff2b2907824a5575db669fd74d3eab6321b97a6
CH01/R/manual/example_84.R,1551,1d62d46c428fed1cab777ecdbc06b77f9cd131ed7e56a9eb2a8e8cae003e969b
CH01/R/manual/example_85.R,590,ad530862ba4d36de57c721f1764ce5ddee5570f1523ae71071c7060c45da102c
CH01/R/manual/example_86.R,1096,05ef061bc90d63210ed028e42d0f037d5803c2177d04aca7c7f20010eb5bf66e
CH01/R/manual/example_87.R,1609,d2e987616145c80e44d11678b7a71fd6e487a1f2e8b84670556bf8556edde900
CH01/R/manual/example_88.R,756,809c7b710ba34477e7f14dea0c72bd6285d3093873d07a3d5dbab77eb76b8b47
CH01/R/manual/example_89.R,705,e415a629cbc4cc4d0036a6fa107855762ae286bbf20c7f651bab0075de7a6ac1
CH01/R/manual/example_90.R,746,cfe68f02fd434a198367a7e1aa6c45d175c4dab8adc1ebd4b88256b946e87348
CH01/R/manual/index.csv,9208,989935f4dd244e12331a3fc70b3dbfdce2df1a798e0ff535a916d5a89927d593
CH01/README.md,2391,3b13378c4700ec00f22598cce74d2647641367076578bea6fd04f85ddfc4cca4
CH01/data/README.md,476,e05fa4de81c5407e095533b101ca070e7820cd28fa4663babf6d46b542facef9
CH01/data/input_schema.csv,136,9f914a58749b69ad935468dc17152640fd612e12c51bbf0cdac27e59e17ee65b
CH01/data/mtcars.csv,1786,2db1aac05fea9356bd20fced5783c2ae9aed5caab61d4b86e6d103eec80cac43
CH01/results/reference/e_approximations.csv,277,4c49aa5db753acf22ccfb18f5123526d42230b9cc09dfb0bd2a1d66b1f2630b6
CH01/results/reference/mean_mpg_by_cyl.csv,57,dae3f434fc5378f3ce97e869a050c43a894c8f17d7059dae64dcf50886135fa4
CH01/results/reference/mtcars_body_graphs.pdf,6857,a6696495cc19d535c13658fc67757dec5e4d88a0ab2d23aaffd1b6ba68fd40d6
CH01/results/reference/mtcars_builtin.csv,1786,2db1aac05fea9356bd20fced5783c2ae9aed5caab61d4b86e6d103eec80cac43
CH01/results/reference/scope.txt,105,03d1864bbaf986dbb7de2028da94e8df91778e2b7ed09aef1d60fd01944b23d5
CH01/results/reference/verification.csv,66,23d06039666e45df2a308f975993e245047af168274884f2cb1948eaf4124eb9
CH01/run.R,782,c808272399f782adf7b7cbf7b40086041168357a2a221bb4de257b944f33b892
CH02/R/body_demo.R,880,f150bf99c7569b4ee78cb88a0b532f7313996129748bacf63bc183f57b8760b1
CH02/R/manual/example_01.R,1777,3cf41fd1f1685817cdcebfb5c419c32212215c7a977886ef23fc2ba0f3758188
CH02/R/manual/example_02.R,1198,78994168f745070cbda4e3b527a5554682448f80afdb26b968e0533cc2f5f9c7
CH02/R/manual/index.csv,416,334d6065d420f3c9e726254f3c9175848f78c4e37128d4fe409bb175dc94b51a
CH02/README.md,2155,47ae7c7a5488d9dd6d1d0b90fd71b8958609c6c0722697a2d41809f1490ead3e
CH02/data/README.md,368,2bbdc0cf1d8c7c51395b891f909d1a0850d9b2140472b64fa7f608853ba1611c
CH02/data/input_schema.csv,150,11dc76268465c09c680204eadf6d927e1749f7d97e8abb504ee67226a8100c6a
CH02/results/reference/scope.txt,114,d79bb6028080f802b80e93bb6b30f0fd0b80ba52d4b2aff45ceb7664094a0ab4
CH02/results/reference/st_petersburg_body.csv,2519,89244dc4b5112a895babcd1e9dd41050747f1f8d90ac07d2e53f9760713aa328
CH02/results/reference/st_petersburg_body.pdf,5132,f2a20c2b10f547f9ba8be64c58d7b4cbe433561bcedc3a24a55011d3f458d1c9
CH02/results/reference/verification.csv,76,203dfabd3481190b18a1d509a6bf1b8e043a7154098ad855f93c24a4a5c11244
CH02/run.R,782,4433b85e555757a5f39ba7238a7a5fe21215652148b47a0c3cbb7c88c9599082
CH03/R/body_demo.R,2720,e1797104f6de708c62f43f19e36a2161b3b31260a02ad867989b95df14bad92b
CH03/R/manual/example_01.R,657,8da1c3f027e56132315f8e53b8cb4c8f5f9364c3632cc21a704aaa66eaecd225
CH03/R/manual/example_02.R,1753,1e78ef6ca71a7a9c035c1aee811a376a9891658783d7e5fd811173dedf068da7
CH03/R/manual/example_04.R,521,1b8073e3edba4980a4fbae49edd42a75e1abc7100a7b0193a6e0ed20a1dd6f5d
CH03/R/manual/example_05.R,7083,8771c95803b9daa711e8f930bc7c6525f56394c4040a7463247fc361ac5ff415
CH03/R/manual/index.csv,1006,67d4cca3c97c198cca9ca125d511438c4d191b70ebc53da6f3155ab785e4b589
CH03/README.md,2372,f66d563afa7f90d4b0d336233f32a060800651136293c2408e057f7dc464f233
CH03/data/README.md,593,8e4c94e0e8edde677560879baf425f69d296d891ba8f87dbda8c89b8d552fa04
CH03/data/input_schema.csv,263,990976f077fd4d670cd5c95f7700f17ecf32d75ac7f98c851f2ed69c558eec46
CH03/data/mtcars.csv,1786,2db1aac05fea9356bd20fced5783c2ae9aed5caab61d4b86e6d103eec80cac43
CH03/data/stock_data.csv,13988,cdcd705e951410eefecba0825b3c896f67cedfc895d1ecf8788e91c3847503fa
CH03/results/reference/body_regressions.pdf,28753,9ba40d08f622809a12db1e8847bc542d4cfabb6fa82fb52d9ad2bc140313898e
CH03/results/reference/mtcars_metric_coefficients.csv,78,c7319cfb3ee928fc29cf497a03874db8bbdf8e95d6fd76c087f352e185a1d8ee
CH03/results/reference/mtcars_metric_data.csv,2778,2675c093c30b44109c829b6e9e4ff0e87ef1be23f1bd3a172162943e788026a4
CH03/results/reference/publisher_CAPM_coefficients.csv,234,af7e80cd4600f6875d0742b8d3e8c31dc1b49c01e7bdf32aabb42de11011a066
CH03/results/reference/publisher_CAPM_returns.csv,41527,0d55eb99c7a74dbdc162b8dc98ade42a961b2f4a8fb9fc3a065d1101cfa4c912
CH03/results/reference/publisher_interpolation_flags.csv,6334,1826e300bc71454606114710d3ab26913e91d843cf91668a0659b474876b726f
CH03/results/reference/scope.txt,431,47ae91d90cb056c2b6a22d7c8de843a597e1ea9bc45ffada7a17c948e36e6164
CH03/results/reference/verification.csv,68,d6567f18089f91495a5b3789c64c7840ecc6a6d2658f804f6367dc15bdcdcc4e
CH03/run.R,782,ae65376f8008cfccd2b178dbd4dcb9496586d8e9d3d5ad69c295d3e447dfe47b
CH04/R/body_demo.R,922,0eb9427ddedfc1f0f8fa9f03d9542a0c939ca31fff3c8f4dc278e3e2a3f9c975
CH04/R/manual/example_01.R,2096,3ad793419327d74712d96340107e69b3d96104008a1d5ff3c0973adf2bf85243
CH04/R/manual/example_02.R,1092,5d8d3166eba9ee0290feafe3f434b1079c17c942695da0dfd0d63efc076f7109
CH04/R/manual/example_03.R,825,90986aa85c41b662d6bd2881d4f04ea85d32186536bd5919bf520ced428496c6
CH04/R/manual/example_04.R,667,d596619befe08e5f2c95cb942dac078630ed8db41768f5aac2590f6244ee901a
CH04/R/manual/example_05.R,735,3639b9b934614625d73a0bb5cafb0be05d1a3a9e1b905b7fdaf335d5082abd70
CH04/R/manual/example_06.R,583,880bd4f24c2c0560229cb3e5821ab3f3eaeadf4f8a876603926704d6241c4f44
CH04/R/manual/example_08.R,398,3b90807f6f9e0972d936f97ef3a3433af6b89321443a0868a8c5b40ceb815f38
CH04/R/manual/example_09.R,818,53b7bc0315ea9ded8280721d93ee9d37445cabea49608b9190174247f997ab1c
CH04/R/manual/example_10.R,456,c6b5a1c557ac246191f4b94b40a9963f7045cb3238ab27793b487257c0c68142
CH04/R/manual/example_11.R,905,3801058ca71b8cd6232fada43b4242cf569ba9b15df20e311b98e2c4464f6b71
CH04/R/manual/example_12.R,405,4ee2dd88febd215b85ac50839b22684f90e7fc8b2869186887ec7363f60ffcf1
CH04/R/manual/example_13.R,553,07cad0fd53d1ea17822df730187c4c1e46f89f9b4832c79a57dc77789309bed2
CH04/R/manual/example_15.R,1254,9aff36e3a6bf5641edc4dc6452f491e4e30aff07316b558f7bebb5905934f475
CH04/R/manual/example_16.R,1300,fd2d885f8eb89176f6b7ab6f6e9767d4e738fbe1aabb3d2e1474b31bd44526a2
CH04/R/manual/example_17.R,315,6633f26793eebf702393a6c5293de6ed70c0261588941592b979484636baa437
CH04/R/manual/example_18.R,3253,7bb7134bf0a8730ce28c6a2d73604308b023e20b23a99825f5c8acb843cfb4af
CH04/R/manual/example_20.R,465,b1cf7c8493e08eb185abd7f8b577595599c1db1a1217ee2691de248c8dbbe1fc
CH04/R/manual/example_21.R,1398,a04fcb76cc864d63734ffb3d48df8ef71c3595fbc1360e437a8f8023618361ab
CH04/R/manual/example_22.R,361,07fec4d4a257ef2c34aa061618092c9d59cd3ad247111eb9f9bc869ed21d69b9
CH04/R/manual/index.csv,3139,05334a041b34a9e1b8c79bf5f59f8f0d4699ad87d5db23b49ec27e039d7cd2c3
CH04/README.md,2231,70731c0270b64c0d8cc6725f6ac768579a89a1f9d675bafd83877e17aa8e40f3
CH04/data/README.md,422,443adb99f738866afda843041ca4c89fbd52e508f83bae85ff6ab5c2f29c4bbf
CH04/data/input_schema.csv,144,2d2d5f328f793aa6e7485037d4110276bdb8aa2b56a02367e5fa04a2c4394533
CH04/results/reference/AR2_coefficients.csv,122,6f91bca8d5ff4efdbd7ce22f970105161e6eb1fd7d885bdb25b7eed80ccc5a32
CH04/results/reference/AR2_diagnostics.pdf,5541,5834353bc59941b8cc97481aaf3c4c905110eb55a1acd19ce3d20f3cc58ea254
CH04/results/reference/SIMULATED_AR2.csv,21990,ba3580d419c685dd3ab4c012c500ef207a94ec42b5b54c3116e024441f087bdd
CH04/results/reference/scope.txt,92,9953193d4086ecffe32ca3b58278e564ced28c19ebdd5b4d4b005bd3c0071859
CH04/results/reference/verification.csv,58,84e5608304f34a75254903ae70e5bcfdc1225fc99f286cecdf87861017ffff27
CH04/run.R,782,ef1673b1970c294859fbca1d9252e88c0bce7ed08afc70ed61cb18963e90e93a
CH05/R/body_demo.R,1006,f59193d9b0be139be08f1e229c4aeb034f6d212f223da53799c7c75c8bf695f7
CH05/R/manual/example_01.R,1874,eb497484e580576934a3e4d3dac56903f569b112cfab78cd8e9a181487aec3f7
CH05/R/manual/example_03.R,1682,a73f75b3614630dc8885965a1cf4e948e80e37f107c22ca4cebfa74262e612d5
CH05/R/manual/example_04.R,622,1d3f6b073cc5ed2fac2aae00240340b134e9f0183d3708d51b79b7a813f13b38
CH05/R/manual/example_05.R,1955,e1fa16256ff666f5f6e4b255a3be3bcfca29a8516702f6636cafc07dbe82cabe
CH05/R/manual/example_06.R,1194,762bb9beef545278a814467a3e6a82ef89ba1d7095e94a622117422b692177b5
CH05/R/manual/example_07.R,1135,d8617b53ffb55ac178057f40c1b98abebf2962b483ef3f189b2a255d83b87252
CH05/R/manual/example_09.R,2262,ac639c88762dda3fdd71091f9632e383f5867db0d495161a2364c76a456c8d35
CH05/R/manual/index.csv,1445,0a569a7cd9d76776c169f977a2d0968ac4f0f9b522ad6092d24b106a8f333b6e
CH05/README.md,2326,4a74773097fddb15615cddaec2ee961492348d6d317460029f7dd97b5f4beed9
CH05/data/README.md,453,75335be71305ed0b9f752b33f0659fc72735ecd0bc16d660f4209e1160f0f7c6
CH05/data/input_schema.csv,733,4ab7795b298a758be3fc3283a301033c0d9bc6274ee1e7e2c5ba0725d89808ca
CH05/results/reference/GARCH_simulation.pdf,16093,d783641bad779d62acbeccd1aa3c837253c5e923b6857673390f64c7b675936f
CH05/results/reference/SIMULATED_GARCH.csv,40343,4de81d2d48dcc4e5ecf821a7095b554694befbfc941c9be383541fdcf279cdf9
CH05/results/reference/scope.txt,168,eea4bf6b6c6edaf23a738e18c41d8218e1dd52b487920c860cfb27600ce528bd
CH05/results/reference/verification.csv,92,dbc098afb023e51163c2b50592b0fc82b68f560aef3c96b542c60881df3ab085
CH05/run.R,782,ebd55cc7937440d31ccb66025bf8d732acaf8249d0424b9fb66b07d88ad363a8
CH06/R/body_demo.R,1627,e5f63e694946b5e5adc0657e472da4f001f268acc35be3dc22b548bddccb97cc
CH06/R/manual/example_01.R,1239,f076e38e2536e49bd6cc2688d22390b5d32109bfc08564df652902ca63424d78
CH06/R/manual/index.csv,677,cbb35d2a38f771176dcacf52874fd509247ddbda8ea7ec0f96e945da87a285b3
CH06/README.md,2487,6ca2025eb442f4645b204b401a084f0add55379091597294c134842d078ab7ad
CH06/data/README.md,571,dba63861d1c7737bac058469a20c3a4b41a865924f6fbc7ba8ba5219a1ec1db2
CH06/data/input_schema.csv,122,daa23787f3663a20bb69f028bfd10c17364e66d742fcd0ca25fb8af1dead192d
CH06/results/reference/data_required.txt,191,4348dc25cb99292ebe5a2e9ce8fb1f575fb4de47eaa32ee6f1ef472a050a6087
CH06/results/reference/scope.txt,61,f37ac19e71065a72501cd3c77788b42eeacbd3604306f91d2674515e1635ec07
CH06/results/reference/verification.csv,42,ebfc19d3f527a1bea9b4d9aa7e94d6542a11681f41f4c2c43627f2d3716cf77c
CH06/run.R,782,247ef64a531d14620cf3e7e12e6a094757d8a18dd56f578387e05f145f65f820
CH07/R/body_demo.R,1332,e4ea2fc2c6da31aec7b0650b02c4e5c0e1a8caa138dd13abd44f7ca5fb316306
CH07/R/manual/example_01.R,910,03d4da076200a6b91965dc93db33f09e6b964e7b4319bb7005e610b6742b2204
CH07/R/manual/example_02.R,2441,1697db8b35fd1cb856829dc3f3d5915bc082a928bfc4962eed2e01f8d7a62210
CH07/R/manual/example_03.R,985,53129fed242cc527135730d6caddc2ef7b2c5eb46621f9c948cc8b09d86d1548
CH07/R/manual/example_04.R,1015,51a341a559bf8f6b8f9f01b874aea82ca474282779e35d9faf06506d1a2b5b45
CH07/R/manual/example_05.R,1667,0c55b3301491b412315c1077966b01d3854a3a3942c829d86f321184dc5a88db
CH07/R/manual/example_06.R,1719,8c0248d729f43a38d7f97f913724e9f5d0b4e3ebec52e227839cb18738f3bbc8
CH07/R/manual/index.csv,911,243404bdaf935d0f13d1bb41d0930feb62bb8d3dcb37162286066d51318e31ce
CH07/README.md,2279,b30ebd34752bb496f576f1c9d5cca332693495de6cd4f2fb11b08907769aeed2
CH07/data/EuStockMarkets.csv,60878,f42f0a7f8b9e1c2c55ab085a0e83ee45ad28cce98317d341e84d0fb54be2af28
CH07/data/README.md,449,97034921308300b2c460d8e0066cd9b56956971bb28e5f36a31b10121af19b35
CH07/data/input_schema.csv,152,8ef1190804cd434a035b03df1a20901f5d2a393583c9d2e04a9ae592286b419e
CH07/results/reference/DAX_builtin_prices.csv,22879,98f8561a7c9c9f03f3c3ba25eaf1f61c6615ab385b7a0bb5d15cd71a1eeb8ee8
CH07/results/reference/DAX_kernel_density.csv,19141,24d7adca096da72076eeec481c68a0aedca65b896e3043ed9acb72236bf47e33
CH07/results/reference/DAX_simple_returns_pct.csv,40837,f25b5c073e4f3f35bd68965e353e7e7373d4eee521dcc2707b82f97acd7458f5
CH07/results/reference/kernel_density.pdf,15115,9b95b5295b0d900177ad76bc7ed4ea41d538ba7d18a940f49916f3c40da7c826
CH07/results/reference/kernel_functions.csv,20913,7e72e47987a9a4b0f3a1e137cb286f6ed4936d22ac90bd9757d07a298ac35544
CH07/results/reference/scope.txt,157,824c7f2519fdb8a1800cd448cc027a05c4d71bf0481f047cc93e199b7fc8d7a2
CH07/results/reference/verification.csv,69,add85f9596179de4847d97d20dca24b28bb758d9084a2d913cd59e1a4c962ee1
CH07/run.R,782,c3a85791795a5f1c41bfd1e67db6b86e3b5ee06d7b0ad0119cadf2453c5d7e41
CH08/R/body_demo.R,1533,fa3a1cc5490ee6814dc757a1584978a4f3cb3c2ad6e63c049d07e505ef9a007b
CH08/R/manual/example_01.R,2529,4a610193ebedb919e3f6092296b8bb7dcc3257d98accde87eed9375ed35b36f3
CH08/R/manual/example_03.R,2083,b7fd3f2b2ad53152493be22052d1ba33ba6ca87588627750e7ff7286aab61964
CH08/R/manual/example_04.R,1358,603c57154c8fcf0b92270611f5a7017e71ade5477024a90f13d26baaafd781c3
CH08/R/manual/example_05.R,2021,19555bddcd84e377e6b5516f0b90b2888e9c824d577be785c324b396399c9b88
CH08/R/manual/index.csv,955,00864896c2c640658d11bcb04a98ac344f641de1f42f6921a93b085b0901e805
CH08/README.md,2342,cb4589c1c6887cec4583d395a6484e5c99eb4df6d92783a6661bbce0a18fe3ec
CH08/data/README.md,511,6f7055c3e3f156f0b7d84bb706aaf8addc1e9071a420fb51b449d96e10de3213
CH08/data/input_schema.csv,248,eb681fe50bbc42e732ed7cae05fa29cbd9afeda85a986e8070c7730459ed2f20
CH08/results/reference/SIMULATED_equal_weight_factors.csv,1021,1d3a6c31efe0d25dc97afad159fcd5ce1c07568b3c00b72cefacdf740b5e7e9a
CH08/results/reference/SIMULATED_factor_input.csv,141511,7497975b14473637001cccf4f3a94bf934f6661c4bd5a23c42d5a4d942ca6447
CH08/results/reference/SIMULATED_factor_plot.pdf,4799,aedc9e5d36986518133af67e81b763c9cb2c022e458fbe75be841cf872d714b2
CH08/results/reference/scope.txt,334,7dbb0a4bb9ee6ccd04300a5b9abd9a8f71928f79a17ae70905132869d9a6c15a
CH08/results/reference/verification.csv,52,cdeb1e510859c08ae03e0bee9229263f327bdc8fc3e682e49acb1fde78194006
CH08/run.R,782,b4d9c5ab0eeeb4d65c71ad950c3992e6e44da0e83fea24eb41307a9075c18e6d
CH09/R/body_demo.R,727,253dceaccf2f5dae964482af1e22aa4e7b198aa6362d18807cc7d9da778db7f7
CH09/R/manual/example_01.R,692,eb86792dadf0664bb5fb4ad783329d5bccd2294dd347dd699a786590f7066308
CH09/R/manual/example_03.R,5139,be43f83b60c06cdc481e28a5aa6a78e4bd074487d8fff12fa3e0e3d63c43aded
CH09/R/manual/example_05.R,1093,e7a2b23d4855297a348708f66c7616c99a991f614d46a9bd95a9ac17fc8a957f
CH09/R/manual/example_06.R,2192,347c124e2b3af043e18a2b7ce487512f6e012d4d10b0a2226d8e2b6d19d8ac5d
CH09/R/manual/example_07.R,1276,e1bf47163af630c78c5e3d7fcd44f5fe1c31830f70dbb541c6941ec8eaca216d
CH09/R/manual/example_08.R,1709,fd917f1cd8d07ec1703b23d96271a32fbf78b4a3016bb79067400cdda21aefb1
CH09/R/manual/example_09.R,1010,a1f2f913f3aba0cac5414a53d9184bb62f5b71444271aaef02fd115765915a9d
CH09/R/manual/example_10.R,721,a45d3db21c654d2904ff42882a2f2bd20bdfa6d143df0cfcec39817c77de5ef9
CH09/R/manual/example_11.R,727,f1a35bcdef7f224d5ccebb2b394ee7ba6d39388fd02b7afba49aa5339605140c
CH09/R/manual/index.csv,1701,f396486c7fa5e09a0d2678018f35c68e38fb5a51dc727c48f9b4606ef7a46f0e
CH09/README.md,2286,967e71d658f5faed931736b33e0dfc4c9fdb0ac1558ee14b02d763be3856dd68
CH09/data/README.md,484,035de36a9bf92e458e83ebb5c7c8287510f0c1e209b6dcdd12203a37dce4dd6f
CH09/data/input_schema.csv,303,f1720dec148c030956f65b56e49059e168b3d3d1ec69dc438cb1b25645b26e7d
CH09/results/reference/Brownian_motion.pdf,10524,930edc184422269b75a6d588a6c96f355eb4a377ec45f8441359604ae208dff2
CH09/results/reference/SIMULATED_Brownian_path.csv,24259,7a3824b0b0d3ef8702bb6998965c3e83c739727165f5f5e7d025cd26c530a8a8
CH09/results/reference/scope.txt,137,dc9b56eac6cd8c458610fd9274e4551ef0822aef66e7a66e67bb08058f6d3603
CH09/results/reference/verification.csv,75,d4fc89da8fbf21a8aceac9e8870f43eb1461fa059b0690780a000abde1642f51
CH09/run.R,782,69e5d10904aa62a03933c5ee941b898a73daba81cf1aba203223a099759070c3
CH10/R/body_demo.R,1475,85cf9747bdeda120e7f1d97a58de2302e6f270c25710d9cdeccea8124bbde946
CH10/R/manual/example_01.R,2672,9e62f797b3da2aab76235a44bcf02326406ae077def9b9292429a4049c6236b9
CH10/R/manual/example_02.R,3562,e8fa3419b03056fcc27e522e3c1b8cc5fc35d8c08a3d042ededb3a8f9dbfb780
CH10/R/manual/example_03.R,5300,4fa42ef1630768d1fc33943b6cb98d97d7469ab10628ddf42a283debabcbeb15
CH10/R/manual/example_04.R,4113,183edd429201fce8311923468b093781b7fe1db7ade4477f1b2dfe55bbebc3a7
CH10/R/manual/example_05.R,5404,f5d316776d3cfe2fa59af551bc20efed66296d7a6547d826f56e598ac297ff9d
CH10/R/manual/example_06.R,5405,9137ee9a7e2b149d0eaf7704bc52623e0d78c28c0a42d0a853418f98507f6cec
CH10/R/manual/index.csv,1055,7b26283aca7f223954af119d788abfa9daf7975d333e0e2b2614d43494fb6108
CH10/README.md,2281,8861c63925d5f89d4604697380aa0efeeba9cf4dc70a3283201f72dee8bf906c
CH10/data/README.md,481,5c2559b6547fa659f1df9fe5de3a5eea87325fcdd78e4a8afdca9f607d5a72c0
CH10/data/input_schema.csv,175,c5fe23f77fc88dffa8a0502a54fca6c49e6c0105c721cbc948ed4873d4b0dae7
CH10/results/reference/DEMONSTRATION_NS_curve.csv,43564,850200224707759ed580d81fe7ab44fef6070c6ce20b6439f592b242e1c2178c
CH10/results/reference/DEMONSTRATION_parameters.csv,69,4ca134236ed31e86b5c36ac89e76ea174baba23708d2725b69a1f1cefae6dd92
CH10/results/reference/NS_curve.pdf,14056,3cf10744282ab1eaf282d0f26c3db452b120f6958ea925df252cb7170924d7c8
CH10/results/reference/scope.txt,158,22b6a1bc25d88e5f44914d2ae1def3d08d56578d9afe4ab3e478cacfe2547b08
CH10/results/reference/verification.csv,68,b00e74ca9f4e5fded42037dca7083c53563e000ac8108b1c9b5c75fcc4d3704d
CH10/run.R,782,63f807d79fe2c8ed91cf5ba572172340f8e2343ff6d1bce1fee47237c8885fce
CH11/R/body_demo.R,1215,46eca04f714a671af606a929a462f3d1f05599897c8eea0f9d48771b23c88e55
CH11/R/manual/example_01.R,5522,82d30b2e6fb73b0f897a2c6fef81922cc8191afe79f0a6b0441fec8227a1f05a
CH11/R/manual/example_02.R,14523,4ab2889e46fe8ade4133088240e91f0d256803d237a575be9d057499af6c09f3
CH11/R/manual/example_03.R,5710,19e31870123d5b09e37e3c543ae99d9ae972c659fb308c7782233d3dadb0c0ca
CH11/R/manual/example_04.R,5839,b616313dc6efee6f6aec77f5196884720cd5075b7b2c1f2b0da80e83baf86aa3
CH11/R/manual/index.csv,869,c37e991d5d71ebb57dc561f1514caa9473af4c3d082bd438d5c23e577f7a4a1e
CH11/README.md,2203,c78f774ffa911fd63dce38cee1aea7f057ef2059154b33117599f1434e1a5f2c
CH11/data/README.md,408,8ce492d55e64ee5683f44d3267a9b314ff5d179a1a98d287ebabf8c419f7183c
CH11/data/input_schema.csv,164,e6f8660ae79ece5aa12f606e6c887a664e6398dcc13e7b0039076e932f7f84d2
CH11/results/reference/SIMULATED_Hill_path.csv,459,c12479ff78c7890798ba6d1f7ec88ce5f0627a925e3d8379eb4a31b4f243cb03
CH11/results/reference/SIMULATED_Hill_path.pdf,5225,0d19cdfc17202f4dd48c7588ca82a80cd2956590150fb0c9bc83db87de875672
CH11/results/reference/SIMULATED_Pareto_losses.csv,50657,967c1b7a012a3cb29159f9f48f2005cdcd199b6b54e587ef83df8cc2479e9e5d
CH11/results/reference/scope.txt,189,2d9ea79d58f21d6f6fec798c91f2a250f22dee0b4e3c60b32ea519410fad10f4
CH11/results/reference/verification.csv,80,87b93536637e8020ff5951b06dedf17641769e5068ed94ab90dd695f3e04efd3
CH11/run.R,782,a5af987fa5d7479f3bdd3f35aa2fb4805baa923d632ed677c5e062af4564e45b
CH12/R/body_demo.R,1685,7df4c7a9bea58f37ec340b1420defd8f0f8373a21325302383dc5a1e32859fcc
CH12/R/manual/example_01.R,3151,d81a5408dcc9b0338e869c83fdb26bfd76c9f9381c559ac1060fee199e6c7f3f
CH12/R/manual/example_02.R,2623,f5cde9dfb39b6a9251090e38ca8e36663d88a4c91bc4883ec08d5292e3ad3fd7
CH12/R/manual/example_03.R,6117,da2a28efd918f285588d6b5878baedbe16456e8080ffc5c5e7616d170bc4ce93
CH12/R/manual/example_04.R,6912,49ac84c609fbb70a5429600db804becc568ad38d822f59b8607b548304c53303
CH12/R/manual/example_05.R,1583,70789867403808062f91917c8729fadca1e309ab4ad8899922e8498c8b18a2a4
CH12/R/manual/example_06.R,8550,760a82af73cae350651860573f15c206597f6e5f5c576a8348dbdfdb01e460d7
CH12/R/manual/example_07.R,8616,5790d37389b297e1873bd945091ca191fa97ff0c58a4bf1216a4b3c3806aea1c
CH12/R/manual/example_08.R,12035,9a2d289d8ce9d982a9aeb07b0568b3ecb07cdd1f48952071efee027b2522fdb2
CH12/R/manual/index.csv,1792,f66cc2f2c3c9ea251b8b031735fed3eff0e7733f69eb8e6bb1dc0adbb5cd8891
CH12/README.md,2423,8c4590496ca84466bd086c9b360e1f57b4d36bbc4111061b11157f384365dbd1
CH12/data/README.md,489,326518d3f456a6afd7ea913b9ecc8dce1c69bf137735ebcb07a7f8bfa3daef78
CH12/data/input_schema.csv,271,69a40054b49c1ebc888d9100d8801f118ab1fddb363cf67c56972b6402a09ae6
CH12/results/reference/SIMULATED_stock_panel.csv,171504,c7e6722a0539f90b02d13f1e349ce56dc6bb87f8e51882e8c36a4f55876cda15
CH12/results/reference/SIMULATED_tree_metrics.csv,63,d4ed318948fddfd9b15e84e9ba48b9bac0629fe21cfe3252f3f67d7906c787ba
CH12/results/reference/SIMULATED_tree_time_holdout.csv,32013,f836c07b914d572817297a20f05d10176fba84a79a17cc9c6c4fc52f43db2827
CH12/results/reference/scope.txt,198,02d589861c4b711ea55156e6b026fca22e9b1431b4af7eacfc3559f835b47eca
CH12/results/reference/verification.csv,76,a481c255de00be813e20d9ed2e3f94ea17f2f52dbc5078c3d785c36d7e0fc7a7
CH12/run.R,782,a840a37c37f482f0d7897aafc8fbbbeddef717c0a020923934a21551f72c15ee
DATA_SOURCES.csv,2994,d79f1c22df8c210029b08dc3d011a36e1f8883e79065f6267381aa03e0054910
LICENSE-NOTICE.txt,1277,3d28b03e343b66915514d09604d302d40f7b25a441e5baf75229a8162e8a8aed
README.md,3875,ae358d34fd8c25cbf834e2ffeb757b23f47e686128249d1c927d57913a397225
run_all.R,723,ed7b3422babde40614cf213708977d8fa33bc913d7c6b60500056a8dc1ad02f1
tools/run_support.R,585,3a3b99a22eb24443d7489a15e7acb0bee5bd8d169ed64cc59f80f4496607e4dc
tools/verify_syntax.R,761,3f592b92a58c0bc02d3d24126f7963eae06e9d7110d4e82006c8ccb16a1cc1e7
verification/README.md,2162,b7543b604483a067eacbaf645f5782e8a27bb181098e8764e9fc178d0dd93f5a
verification/R_version.txt,29,869d164cc3130ee94f057ba51220809ab191f6ba1654e7e2f07880be19aa9d93
verification/body_extraction_manifest.csv,21865,c03f2260ba86be4cf17b9103daf4839655acde1328047fead0c8cd2c813395a5
verification/parse_results.csv,6147,f90d29389564036b5a0eb6600c2fbd08470dd1b1ddac346c3900fe1dd97d7621
verification/release_audit.json,513,45655387d921d2ca6c27d062e2bc74669a1a9a547ea7bb64cc987f1e38012eb5
verification/smoke_run.log,777,adf63a2d4299fedd5bed6e7dd011e08537e105d2dbdfed977218f53ddfa159fb
verification/smoke_summary.csv,821,43ab9a2b4b40c9746a5b2ce5158671a088134e736c7c129ae88e52714e8a4ae1
