"date","interpolated"
2022-01-04,FALSE
2022-01-05,FALSE
2022-01-06,FALSE
2022-01-07,FALSE
2022-01-10,FALSE
2022-01-11,FALSE
2022-01-12,FALSE
2022-01-13,FALSE
2022-01-14,FALSE
2022-01-17,FALSE
2022-01-18,FALSE
2022-01-19,FALSE
2022-01-20,FALSE
2022-01-21,FALSE
2022-01-24,FALSE
2022-01-25,FALSE
2022-01-26,FALSE
2022-01-27,FALSE
2022-01-28,FALSE
2022-01-29,TRUE
2022-01-30,TRUE
2022-02-07,FALSE
2022-02-08,FALSE
2022-02-09,FALSE
2022-02-10,FALSE
2022-02-11,FALSE
2022-02-14,FALSE
2022-02-15,FALSE
2022-02-16,FALSE
2022-02-17,FALSE
2022-02-18,FALSE
2022-02-21,FALSE
2022-02-22,FALSE
2022-02-23,FALSE
2022-02-24,FALSE
2022-02-25,FALSE
2022-02-28,FALSE
2022-03-01,FALSE
2022-03-02,FALSE
2022-03-03,FALSE
2022-03-04,FALSE
2022-03-07,FALSE
2022-03-08,FALSE
2022-03-09,FALSE
2022-03-10,FALSE
2022-03-11,FALSE
2022-03-14,FALSE
2022-03-15,FALSE
2022-03-16,FALSE
2022-03-17,FALSE
2022-03-18,FALSE
2022-03-21,FALSE
2022-03-22,FALSE
2022-03-23,FALSE
2022-03-24,FALSE
2022-03-25,FALSE
2022-03-28,FALSE
2022-03-29,FALSE
2022-03-30,FALSE
2022-03-31,FALSE
2022-04-01,FALSE
2022-04-02,TRUE
2022-04-06,FALSE
2022-04-07,FALSE
2022-04-08,FALSE
2022-04-11,FALSE
2022-04-12,FALSE
2022-04-13,FALSE
2022-04-14,FALSE
2022-04-15,FALSE
2022-04-18,FALSE
2022-04-19,FALSE
2022-04-20,FALSE
2022-04-21,FALSE
2022-04-22,FALSE
2022-04-24,TRUE
2022-04-25,FALSE
2022-04-26,FALSE
2022-04-27,FALSE
2022-04-28,FALSE
2022-04-29,FALSE
2022-05-05,FALSE
2022-05-06,FALSE
2022-05-07,TRUE
2022-05-09,FALSE
2022-05-10,FALSE
2022-05-11,FALSE
2022-05-12,FALSE
2022-05-13,FALSE
2022-05-16,FALSE
2022-05-17,FALSE
2022-05-18,FALSE
2022-05-19,FALSE
2022-05-20,FALSE
2022-05-23,FALSE
2022-05-24,FALSE
2022-05-25,FALSE
2022-05-26,FALSE
2022-05-27,FALSE
2022-05-30,FALSE
2022-05-31,FALSE
2022-06-01,FALSE
2022-06-02,FALSE
2022-06-06,FALSE
2022-06-07,FALSE
2022-06-08,FALSE
2022-06-09,FALSE
2022-06-10,FALSE
2022-06-13,FALSE
2022-06-14,FALSE
2022-06-15,FALSE
2022-06-16,FALSE
2022-06-17,FALSE
2022-06-20,FALSE
2022-06-21,FALSE
2022-06-22,FALSE
2022-06-23,FALSE
2022-06-24,FALSE
2022-06-27,FALSE
2022-06-28,FALSE
2022-06-29,FALSE
2022-06-30,FALSE
2022-07-01,FALSE
2022-07-04,FALSE
2022-07-05,FALSE
2022-07-06,FALSE
2022-07-07,FALSE
2022-07-08,FALSE
2022-07-11,FALSE
2022-07-12,FALSE
2022-07-13,FALSE
2022-07-14,FALSE
2022-07-15,FALSE
2022-07-18,FALSE
2022-07-19,FALSE
2022-07-20,FALSE
2022-07-21,FALSE
2022-07-22,FALSE
2022-07-25,FALSE
2022-07-26,FALSE
2022-07-27,FALSE
2022-07-28,FALSE
2022-07-29,FALSE
2022-08-01,FALSE
2022-08-02,FALSE
2022-08-03,FALSE
2022-08-04,FALSE
2022-08-05,FALSE
2022-08-08,FALSE
2022-08-09,FALSE
2022-08-10,FALSE
2022-08-11,FALSE
2022-08-12,FALSE
2022-08-15,FALSE
2022-08-16,FALSE
2022-08-17,FALSE
2022-08-18,FALSE
2022-08-19,FALSE
2022-08-22,FALSE
2022-08-23,FALSE
2022-08-24,FALSE
2022-08-25,FALSE
2022-08-26,FALSE
2022-08-29,FALSE
2022-08-30,FALSE
2022-08-31,FALSE
2022-09-01,FALSE
2022-09-02,FALSE
2022-09-05,FALSE
2022-09-06,FALSE
2022-09-07,FALSE
2022-09-08,FALSE
2022-09-09,FALSE
2022-09-13,FALSE
2022-09-14,FALSE
2022-09-15,FALSE
2022-09-16,FALSE
2022-09-19,FALSE
2022-09-20,FALSE
2022-09-21,FALSE
2022-09-22,FALSE
2022-09-23,FALSE
2022-09-26,FALSE
2022-09-27,FALSE
2022-09-28,FALSE
2022-09-29,FALSE
2022-09-30,FALSE
2022-10-08,TRUE
2022-10-09,TRUE
2022-10-10,FALSE
2022-10-11,FALSE
2022-10-12,FALSE
2022-10-13,FALSE
2022-10-14,FALSE
2022-10-17,FALSE
2022-10-18,FALSE
2022-10-19,FALSE
2022-10-20,FALSE
2022-10-21,FALSE
2022-10-24,FALSE
2022-10-25,FALSE
2022-10-26,FALSE
2022-10-27,FALSE
2022-10-28,FALSE
2022-10-31,FALSE
2022-11-01,FALSE
2022-11-02,FALSE
2022-11-03,FALSE
2022-11-04,FALSE
2022-11-07,FALSE
2022-11-08,FALSE
2022-11-09,FALSE
2022-11-10,FALSE
2022-11-11,FALSE
2022-11-14,FALSE
2022-11-15,FALSE
2022-11-16,FALSE
2022-11-17,FALSE
2022-11-18,FALSE
2022-11-21,FALSE
2022-11-22,FALSE
2022-11-23,FALSE
2022-11-24,FALSE
2022-11-25,FALSE
2022-11-28,FALSE
2022-11-29,FALSE
2022-11-30,FALSE
2022-12-01,FALSE
2022-12-02,FALSE
2022-12-05,FALSE
2022-12-06,FALSE
2022-12-07,FALSE
2022-12-08,FALSE
2022-12-09,FALSE
2022-12-12,FALSE
2022-12-13,FALSE
2022-12-14,FALSE
2022-12-15,FALSE
2022-12-16,FALSE
2022-12-19,FALSE
2022-12-20,FALSE
2022-12-21,FALSE
2022-12-22,FALSE
2022-12-23,FALSE
2022-12-26,FALSE
2022-12-27,FALSE
2022-12-28,FALSE
2022-12-29,FALSE
2022-12-30,FALSE
2023-01-03,FALSE
2023-01-04,FALSE
2023-01-05,FALSE
2023-01-06,FALSE
2023-01-09,FALSE
2023-01-10,FALSE
2023-01-11,FALSE
2023-01-12,FALSE
2023-01-13,FALSE
2023-01-16,FALSE
2023-01-17,FALSE
2023-01-18,FALSE
2023-01-19,FALSE
2023-01-20,FALSE
2023-01-28,TRUE
2023-01-29,TRUE
2023-01-30,FALSE
2023-01-31,FALSE
2023-02-01,FALSE
2023-02-02,FALSE
2023-02-03,FALSE
2023-02-06,FALSE
2023-02-07,FALSE
2023-02-08,FALSE
2023-02-09,FALSE
2023-02-10,FALSE
2023-02-13,FALSE
2023-02-14,FALSE
2023-02-15,FALSE
2023-02-16,FALSE
2023-02-17,FALSE
2023-02-20,FALSE
2023-02-21,FALSE
2023-02-22,FALSE
2023-02-23,FALSE
2023-02-24,FALSE
2023-02-27,FALSE
2023-02-28,FALSE
2023-03-01,FALSE
2023-03-02,FALSE
2023-03-03,FALSE
2023-03-06,FALSE
2023-03-07,FALSE
2023-03-08,FALSE
2023-03-09,FALSE
2023-03-10,FALSE
2023-03-13,FALSE
2023-03-14,FALSE
2023-03-15,FALSE
2023-03-16,FALSE
2023-03-17,FALSE
2023-03-20,FALSE
2023-03-21,FALSE
2023-03-22,FALSE
2023-03-23,FALSE
2023-03-24,FALSE
2023-03-27,FALSE
2023-03-28,FALSE
2023-03-29,FALSE
2023-03-30,FALSE
2023-03-31,FALSE
2023-04-03,FALSE
2023-04-04,FALSE
2023-04-06,FALSE
2023-04-07,FALSE
2023-04-10,FALSE
2023-04-11,FALSE
2023-04-12,FALSE
2023-04-13,FALSE
2023-04-14,FALSE
2023-04-17,FALSE
2023-04-18,FALSE
2023-04-19,FALSE
2023-04-20,FALSE
2023-04-21,FALSE
2023-04-23,TRUE
2023-04-24,FALSE
2023-04-25,FALSE
2023-04-26,FALSE
2023-04-27,FALSE
2023-04-28,FALSE
2023-05-04,FALSE
2023-05-05,FALSE
2023-05-06,TRUE
2023-05-08,FALSE
2023-05-09,FALSE
2023-05-10,FALSE
2023-05-11,FALSE
2023-05-12,FALSE
2023-05-15,FALSE
2023-05-16,FALSE
2023-05-17,FALSE
2023-05-18,FALSE
2023-05-19,FALSE
2023-05-22,FALSE
2023-05-23,FALSE
2023-05-24,FALSE
2023-05-25,FALSE
2023-05-26,FALSE
2023-05-29,FALSE
2023-05-30,FALSE
2023-05-31,FALSE
2023-06-01,FALSE
2023-06-02,FALSE
2023-06-05,FALSE
2023-06-06,FALSE
2023-06-07,FALSE
2023-06-08,FALSE
2023-06-09,FALSE
2023-06-12,FALSE
2023-06-13,FALSE
2023-06-14,FALSE
2023-06-15,FALSE
2023-06-16,FALSE
2023-06-19,FALSE
2023-06-20,FALSE
2023-06-21,FALSE
2023-06-25,TRUE
2023-06-26,FALSE
2023-06-27,FALSE
2023-06-28,FALSE
2023-06-29,FALSE
2023-06-30,FALSE
