"date","stock","market","rf","stock_excess","market_excess"
2022-01-05,-0.0676944499319507,-0.0181162212115193,6.36438356164384e-05,-0.0677580937675672,-0.0181798650471358
2022-01-06,-0.0128908415388764,-0.00664820977391045,6.66438356164384e-05,-0.0129574853744929,-0.00671485360952689
2022-01-07,-0.0141717559815797,-0.00596807961631285,6.49397260273973e-05,-0.0142366957076071,-0.00603301934234025
2022-01-10,-0.00079545006779469,0.00440478169711866,6.14958904109589e-05,-0.000856945958205649,0.00434328580670771
2022-01-11,-0.0297215497379693,-0.0128271369415085,6.65424657534247e-05,-0.0297880922037227,-0.0128936794072619
2022-01-12,0.0683176972349164,0.0138143658329533,6.35123287671233e-05,0.0682541849061493,0.0137508535041861
2022-01-13,-0.00268333047117419,-0.0198090900247436,7.07506849315069e-05,-0.0027540811561057,-0.0198798407096751
2022-01-14,-0.00851921965293823,0.000864649840657705,6.55534246575342e-05,-0.00858477307759576,0.000799096416000171
2022-01-17,0.0513842662086077,0.0149402340013243,6.76986301369863e-05,0.0513165675784707,0.0148725353711873
2022-01-18,-0.00154570912565344,0.00193497112707597,6.7758904109589e-05,-0.00161346802976303,0.00186721222296638
2022-01-19,-0.0505356371204764,-0.0128819366022945,6.4854794520548e-05,-0.0506004919149969,-0.0129467913968151
2022-01-20,-0.00754397729312029,-0.00062593535899147,7.20164383561644e-05,-0.00761599373147645,-0.000697951797347634
2022-01-21,-0.00265780887352118,-0.0119564196574355,6.79753424657534e-05,-0.00272578421598694,-0.0120243949999013
2022-01-24,0.00398406901487469,0.00371736399492306,6.82383561643836e-05,0.00391583065871031,0.00364912563875868
2022-01-25,-0.0451306305712649,-0.0286639549701952,7.16821917808219e-05,-0.0452023127630457,-0.0287356371619761
2022-01-26,0.0375001421775796,0.00702080753284307,6.92164383561644e-05,0.0374309257392234,0.0069515910944869
2022-01-27,-0.033511532901084,-0.0280718999851501,6.90493150684932e-05,-0.0335805822161525,-0.0281409493002186
2022-01-28,-0.0618261435496334,-0.00529654883045971,6.9627397260274e-05,-0.0618957709468937,-0.00536617622771999
2022-01-29,0.0255392327183372,0.0032108615990083,6.2558904109589e-05,0.0254766738142277,0.00314830269489871
2022-01-30,0.0249031906278603,0.00320058495487885,6.36191780821918e-05,0.0248395714497781,0.00313696577679666
2022-02-07,0.0242980608733383,0.00319037388353927,7.20520547945206e-05,0.0242260088185438,0.00311832182874475
2022-02-08,-0.0308656423926008,-0.00980066884318553,6.33780821917808e-05,-0.0309290204747926,-0.00986404692537731
2022-02-09,0.0340283649680897,0.0153335205637575,6.24493150684931e-05,0.0339659156530212,0.015271071248689
2022-02-10,-0.0208408189205711,-0.00736112817603285,6.71150684931507e-05,-0.0209079339890643,-0.007428243244526
2022-02-11,-0.0422225204142803,-0.0155830354589916,5.9772602739726e-05,-0.04228229301702,-0.0156428080617314
2022-02-14,0.00771844374655561,-0.00767967751346887,6.37013698630137e-05,0.0076547423766926,-0.00774337888333189
2022-02-15,0.0269250240216676,0.0168065722100081,6.14191780821918e-05,0.0268636048435854,0.016745153031926
2022-02-16,0.00957689238259007,0.00229997942118487,6.24794520547945e-05,0.00951441293053528,0.00223749996913008
2022-02-17,0.0198018286382444,0.00347323372255026,6.92630136986301e-05,0.0197325656245458,0.00340397070885163
2022-02-18,-0.0100333947613089,0.0027363462100336,6.35534246575343e-05,-0.0100969481859665,0.00267279278537607
2022-02-21,-0.0044062729198604,0.000852554223733648,6.8841095890411e-05,-0.00447511401575081,0.000783713127843237
2022-02-22,-0.0185232127371524,-0.013004385629058,6.53917808219178e-05,-0.0185886045179743,-0.01306977740988
2022-02-23,0.0594440558336222,0.0188390909350264,6.2786301369863e-05,0.0593812695322524,0.0187763046336566
2022-02-24,-0.0287199226524191,-0.0222192145705105,6.61424657534247e-05,-0.0287860651181725,-0.0222853570362639
2022-02-25,0.0120933926722362,0.0120518267916889,6.41342465753425e-05,0.0120292584256608,0.0119876925451136
2022-02-28,0.00705296566200619,0.00318661609170867,7.28520547945206e-05,0.00698011360721167,0.00311376403691415
2022-03-01,0.00871763305166606,0.00244281208767561,6.27068493150685e-05,0.00865492620235099,0.00238010523836054
2022-03-02,-0.0127305426778852,-0.010559206159245,6.19753424657534e-05,-0.012792518020351,-0.0106211815017107
2022-03-03,-0.0137336444520164,-0.0109339446835772,6.66849315068493e-05,-0.0138003293835233,-0.0110006296150841
2022-03-04,-0.0476377969460833,-0.0138327324583365,5.90904109589041e-05,-0.0476968873570422,-0.0138918228692954
2022-03-07,-0.0445718031561277,-0.034936109120812,6.3613698630137e-05,-0.0446354168547579,-0.0349997228194422
2022-03-08,-0.0337398583380768,-0.0265090007192654,6.33534246575342e-05,-0.0338032117627343,-0.026572354143923
2022-03-09,0.033652200554009,-0.0112790174867445,6.27095890410959e-05,0.0335894909649679,-0.0113417270757856
2022-03-10,0.0243771948062133,0.0215531430714364,6.84465753424657e-05,0.0243087482308708,0.0214846964960939
2022-03-11,0.0032456468532942,0.00615837345335812,6.21342465753425e-05,0.00318351260671886,0.00609623920678278
2022-03-14,-0.0483489721766244,-0.0313142145814336,6.59232876712329e-05,-0.0484148954642956,-0.0313801378691048
2022-03-15,-0.0287348700525882,-0.0446150766702189,6.48931506849315e-05,-0.0287997632032732,-0.0446799698209038
2022-03-16,0.0752487835685205,0.0394065822243892,6.45287671232877e-05,0.0751842548013972,0.0393420534572659
2022-03-17,0.0235553313826724,0.0237968359778424,6.6827397260274e-05,0.0234885039854121,0.0237300085805822
2022-03-18,-0.00167021626367436,0.00314233956478205,6.45917808219178e-05,-0.00173480804449628,0.00307774778396013
2022-03-21,0.0453434968350148,0.00412736554291193,6.63479452054794e-05,0.0452771488898093,0.00406101759770645
2022-03-22,-0.00235910463476241,-0.00492826044575523,6.33506849315069e-05,-0.00242245531969392,-0.00499161113068673
2022-03-23,0.0096014761238381,0.00726888283191585,6.42438356164384e-05,0.00953723228822166,0.00720463899629941
2022-03-24,-0.00035690917040565,-0.0083474931537193,6.90356164383562e-05,-0.000425944786844007,-0.00841652877015765
2022-03-25,-0.0488080129722244,-0.0190971267585969,6.25424657534247e-05,-0.0488705554379778,-0.0191596692243503
2022-03-28,-0.0210861961266611,-0.0102229327031385,6.55835616438356e-05,-0.0211517796883049,-0.0102885162647823
2022-03-29,0.00259128030981604,-0.00460138819718559,6.75753424657534e-05,0.00252370496735028,-0.00466896353965134
2022-03-30,0.0257568105012895,0.0305269642962909,6.62465753424658e-05,0.0256905639259471,0.0304607177209484
2022-03-31,-0.0309461033033145,-0.011939252766453,7.91972602739726e-05,-0.0310253005635885,-0.012018450026727
2022-04-01,0.0264291779019219,0.00901009866856839,6.05808219178082e-05,0.0263685970800041,0.00894951784665058
2022-04-02,0.0125266044947532,-0.00225230206948268,5.47397260273973e-05,0.0124718647687258,-0.00230704179551008
2022-04-06,0.0123716280023762,-0.00225738638767226,6.47890410958904e-05,0.0123068389612803,-0.00232217542876815
2022-04-07,-0.00789038949474463,-0.0166407304347711,6.49890410958904e-05,-0.00795537853584052,-0.016705719475867
2022-04-08,0.0164422770319046,-0.00106555068333947,5.90794520547945e-05,0.0163831975798498,-0.00112463013539426
2022-04-11,-0.046072539564527,-0.0374038256021052,5.80630136986301e-05,-0.0461306025782256,-0.0374618886158038
2022-04-12,0.0219240430549661,0.0202931876857022,6.4986301369863e-05,0.0218590567535962,0.0202282013843323
2022-04-13,-0.00486739400926339,-0.0161387109332267,6.00301369863014e-05,-0.00492742414624969,-0.016198741070213
2022-04-14,0.0179084798385274,0.0125802733664067,6.36794520547945e-05,0.0178448003864726,0.0125165939143519
2022-04-15,-0.0213049127104838,-0.00565420869055444,5.63260273972603e-05,-0.0213612387378811,-0.0057105347179517
2022-04-18,0.0122063371213459,0.00367609038470107,5.6358904109589e-05,0.0121499782172363,0.00361973148059148
2022-04-19,0.0238145062830917,-0.00498612167348256,5.97095890410959e-05,0.0237547966940506,-0.00504583126252365
2022-04-20,-0.012687203227066,-0.0209418503352552,5.79205479452055e-05,-0.0127451237750112,-0.0209997708832004
2022-04-21,-0.0325034276713785,-0.0274036557524937,6.0827397260274e-05,-0.0325642550686388,-0.027464483149754
2022-04-22,0.00576177954064416,-0.00294362603555776,5.11698630136986e-05,0.00571060967763046,-0.00299479589857145
2022-04-24,-0.0169200249568231,-0.0308939041199121,5.36246575342466e-05,-0.0169736496143573,-0.0309475287774464
2022-04-25,-0.017211246748583,-0.0318788469945019,5.0627397260274e-05,-0.0172618741458433,-0.0319294743917622
2022-04-26,0.0187766888824941,-0.0167730222835303,5.08849315068493e-05,0.0187258039509872,-0.0168239072150371
2022-04-27,0.0137296163188108,0.0427936666713151,5.05506849315068e-05,0.0136790656338792,0.0427431159863836
2022-04-28,-0.013011179943482,-0.00225356761298201,5.37260273972603e-05,-0.0130649059708793,-0.00230729364037927
2022-04-29,0.0464316796354192,0.0362638787494518,5.60246575342466e-05,0.0463756549778849,0.0362078540919176
2022-05-05,0.0235942716045505,0.0022603057862689,6.07972602739726e-05,0.0235334743442765,0.00219950852599493
2022-05-06,-0.0273924094284013,-0.0216422417236721,5.29945205479452e-05,-0.0274454039489492,-0.0216952362442201
2022-05-07,-0.0194990542389926,-0.00204883615632667,5.15205479452055e-05,-0.0195505747869378,-0.00210035670427188
2022-05-09,-0.0198868413684012,-0.00205304250551563,5.25972602739726e-05,-0.0199394386286752,-0.00210563976578961
2022-05-10,0.00256534404833619,0.0135722619559253,5.4613698630137e-05,0.00251073034970606,0.0135176482572952
2022-05-11,0.0797680485318812,0.0178678838246746,5.17534246575342e-05,0.0797162951072237,0.0178161304000171
2022-05-12,0.0054531877637185,-0.00131595854941935,5.72493150684931e-05,0.00539593844865001,-0.00137320786448784
2022-05-13,0.0610442642645488,0.00583430024554055,5.0145205479452e-05,0.0609941190590693,0.0057841550400611
2022-05-16,-0.0110187921619218,-0.00596950700392185,5.00904109589041e-05,-0.0110688825728807,-0.00601959741488075
2022-05-17,0.0559673888059198,0.0122553836321622,5.12082191780822e-05,0.0559161805867417,0.0122041754129841
2022-05-18,-0.0038232989466751,-0.00196806943208294,4.98849315068493e-05,-0.00387318387818195,-0.00201795436358979
2022-05-19,0.0109442111965325,0.00373851520156343,5.65205479452055e-05,0.0108876906485873,0.00368199465361823
2022-05-20,0.0111323487783181,0.0180118229763089,5.01780821917808e-05,0.0110821706961264,0.0179616448941171
2022-05-23,0.0257247831005696,-0.000574610276357745,4.8945205479452e-05,0.0256758378950901,-0.000623555481837197
2022-05-24,-0.0492998883731905,-0.0339405595708708,5.24082191780822e-05,-0.0493522965923686,-0.0339929677900489
2022-05-25,0.0218363597993676,0.00695753647488395,4.77780821917808e-05,0.0217885817171758,0.00690975839269217
2022-05-26,-0.00194688815658051,0.0056948699771997,5.07890410958904e-05,-0.0019976771976764,0.00564408093610381
2022-05-27,0.00776491317585126,-0.00118122851664992,4.76904109589041e-05,0.00771722276489236,-0.00122891892760883
2022-05-30,0.031489988596042,0.0103707536398723,4.96383561643836e-05,0.0314403502398776,0.0103211152837079
2022-05-31,-0.00742393907128225,0.0190338482600101,5.74849315068493e-05,-0.0074814240027891,0.0189763633285032
2022-06-01,0.0136504051974571,0.00204949269902777,5.05917808219178e-05,0.0135998134166352,0.00199890091820585
2022-06-02,0.00345693851097639,0.00664725449502157,5.42191780821918e-05,0.0034027193328942,0.00659303531693938
2022-06-06,0.0555944880682988,0.0262939995029505,5.02739726027397e-05,0.0555442140956961,0.0262437255303478
2022-06-07,-0.01052576122503,-0.000213624287631831,5.20054794520548e-05,-0.0105777667044821,-0.000265629767083885
2022-06-08,0.0389729064508169,0.00815146512602638,5.08054794520548e-05,0.0389221009713648,0.00810065964657432
2022-06-09,-0.0153830625897768,-0.018678742543015,5.58986301369863e-05,-0.0154389612199138,-0.018734641173152
2022-06-10,0.0786786313311341,0.0188357948787434,4.82109589041096e-05,0.07863042037223,0.0187875839198393
2022-06-13,0,-0.00298238667024719,4.97397260273973e-05,-4.97397260273973e-05,-0.00303212639627459
2022-06-14,-0.0150600140106523,0.00203803909348643,5.16547945205479e-05,-0.0151116688051728,0.00198638429896588
2022-06-15,-0.0253031811513642,0.009434067374956,5.06219178082192e-05,-0.0253538030691724,0.00938344545714778
2022-06-16,0.0029794092435651,0.00108692440767122,5.6958904109589e-05,0.00292245033945551,0.00102996550356163
2022-06-17,0.00593231936346061,0.0147195913123284,4.92356164383562e-05,0.00588308374702226,0.01467035569589
2022-06-20,0.0122757499243535,0.0125707435828222,5.31287671232877e-05,0.0122226211572303,0.0125176148156989
2022-06-21,-0.00344273922780935,-0.00507969663573604,5.46301369863014e-05,-0.00349736936479566,-0.00513432677272234
2022-06-22,-0.00328161726893672,-0.0143745525985874,5.33780821917808e-05,-0.0033349953511285,-0.0144279306807792
2022-06-23,0.039268398025043,0.0216620858681935,6.06575342465753e-05,0.0392077404907964,0.0216014283339469
2022-06-24,-0.00695490479391658,0.0135950374805667,5.28383561643836e-05,-0.00700774315008097,0.0135421991244023
2022-06-27,-0.00385992871277185,0.0109394464931398,5.61616438356164e-05,-0.00391609035660747,0.0108832848493042
2022-06-28,0.00912229276607235,0.0121760972012854,5.82849315068493e-05,0.0090640078345655,0.0121178122697786
2022-06-29,-0.0622122463241794,-0.022290566783628,5.99178082191781e-05,-0.0622721641323986,-0.0223504845918471
2022-06-30,0.00565805717620993,0.0156063293975688,8.17780821917808e-05,0.00557627909401815,0.015524551315377
2022-07-01,-0.0129545451309223,-0.00278298213206263,5.21616438356164e-05,-0.0130067067747579,-0.00283514377589824
2022-07-04,0.0209157181279966,0.0128168401276838,4.98246575342466e-05,0.0208658934704624,0.0127670154701496
2022-07-05,-0.00678642983701394,-0.00408779862257092,5.08794520547945e-05,-0.00683730928906874,-0.00413867807462571
2022-07-06,0.00661149762280111,-0.0125488180461311,5.0441095890411e-05,0.0065610565269107,-0.0125992591420215
2022-07-07,0.0387484676621046,0.0096725910044686,5.66575342465753e-05,0.038691810127858,0.00961593347022202
2022-07-08,-0.033107770009031,-0.00610400538581501,4.8972602739726e-05,-0.0331567426117707,-0.00615297798855474
2022-07-11,-0.041377865620813,-0.0188351811219327,4.94109589041096e-05,-0.0414272765797171,-0.0188845920808368
2022-07-12,-0.0483203724477059,-0.0142049362353482,5.03424657534247e-05,-0.0483707149134594,-0.0142552787011017
2022-07-13,0.00281864290109546,0.00558118760821102,5.07890410958904e-05,0.00276785385999957,0.00553039856711513
2022-07-14,0.041474532993858,0.00747783301638094,5.61041095890411e-05,0.0414184288842689,0.0074217289067919
2022-07-15,0.0459557948067983,-0.0153334426578571,4.83835616438356e-05,0.0459074112451545,-0.0153818262195009
2022-07-18,-0.00322173642768142,0.00975325708089869,4.90794520547945e-05,-0.00327081587973622,0.0097041776288439
2022-07-19,-0.0179519076537646,-0.0030270822102505,5.12027397260274e-05,-0.0180031103934907,-0.00307828494997653
2022-07-20,0.00180385363773894,0.00625104507245666,4.97753424657534e-05,0.00175407829527319,0.00620126972999091
2022-07-21,-0.0219546146918441,-0.00942379831151818,5.66328767123288e-05,-0.0220112475685564,-0.00948043118823051
2022-07-22,0.0156714370311377,-0.00492330529283791,4.79123287671233e-05,0.0156235247023706,-0.00497121762160503
2022-07-25,-0.0204545418423292,-0.00829880953836692,4.68082191780822e-05,-0.0205013500615073,-0.00834561775754501
2022-07-26,0.00632214698597089,0.009471268344317,4.69041095890411e-05,0.00627524287638185,0.00942436423472796
2022-07-27,0.00246958323320712,-0.00071508473011761,4.60191780821918e-05,0.00242356405512493,-0.000761103908199802
2022-07-28,-0.00114368278282129,0.00233845125232435,4.85205479452055e-05,-0.00119220333076649,0.00228993070437914
2022-07-29,-0.0153856191683888,-0.0131037150833748,4.64054794520548e-05,-0.0154320246478408,-0.0131501205628269
2022-08-01,0.0312793603640067,0.0119081874215041,4.70904109589041e-05,0.0312322699530478,0.0118610970105452
2022-08-02,-0.0119865469967895,-0.023955765084116,4.77260273972603e-05,-0.0120342730241867,-0.0240034911115133
2022-08-03,-0.0142292025113271,-0.0114314081630251,4.34328767123288e-05,-0.0142726353880394,-0.0114748410397375
2022-08-04,0.0148289566301241,0.00689971083173369,4.90931506849315e-05,0.0147798634794391,0.00685061768104875
2022-08-05,-0.00710012309125485,0.0167659384984287,4.25095890410959e-05,-0.00714263268029595,0.0167234289093876
2022-08-08,-0.00970851956773444,0.0026811718792068,4.27178082191781e-05,-0.00975123737595362,0.00263845407098762
2022-08-09,-0.00510431306135395,0.00234967168871769,4.40082191780822e-05,-0.00514832128053203,0.00230566346953961
2022-08-10,-0.0361928814902059,-0.00876256899768357,4.29041095890411e-05,-0.036235785599795,-0.00880547310727261
2022-08-11,0.0214061514081534,0.0202877365612419,4.88904109589041e-05,0.0213572609971945,0.020238846150283
2022-08-12,-0.00987600613903084,-0.00438992213598333,4.28383561643836e-05,-0.00991884449519522,-0.00443276049214771
2022-08-15,0.0104667195203207,0.0032822087367741,4.25945205479452e-05,0.0104241249997728,0.00323961421622615
2022-08-16,0.0117108573380644,0.000793411119614618,4.3786301369863e-05,0.0116670710366946,0.000749624818244755
2022-08-17,0.0278397381362776,0.0100018507433326,4.34767123287671e-05,0.0277962614239488,0.00995837403100383
2022-08-18,-0.00575265248945023,-0.00622314631679544,4.82246575342466e-05,-0.00580087714698447,-0.00627137097432968
2022-08-19,-0.0206136532041841,-0.0127651540185152,4.57205479452055e-05,-0.0206593737521293,-0.0128108745664604
2022-08-22,0.0114977097299525,0.0118348098679686,4.52109589041096e-05,0.0114524987710483,0.0117895989090645
2022-08-23,-0.00458932497618303,-0.00404874910213415,4.76027397260274e-05,-0.00463692771590906,-0.00409635184186018
2022-08-24,-0.038379077602416,-0.0292271310168015,4.40958904109589e-05,-0.038423173492827,-0.0292712269072125
2022-08-25,0.000253204622337577,0.000631394021576526,4.50164383561644e-05,0.000208188183981413,0.000586377583220361
2022-08-26,0.0196791359920754,-0.00366831042705584,4.68876712328767e-05,0.0196322483208425,-0.00371519809828872
2022-08-29,-0.00691246992062311,-0.00345130538902261,4.79753424657534e-05,-0.00696044526308886,-0.00349928073148836
2022-08-30,-0.00866105141103723,-0.00394932346515908,4.78876712328767e-05,-0.00870893908227011,-0.00399721113639196
2022-08-31,-0.076406497328712,-0.0130327431619452,5.22520547945205e-05,-0.0764587493835065,-0.0130849952167398
2022-09-01,-0.00446650020570782,-0.00878951671442074,4.89123287671233e-05,-0.00451541253447495,-0.00883842904318786
2022-09-02,-0.0165384144403324,-0.000854161397885633,4.46547945205479e-05,-0.016583069234853,-0.000898816192406181
2022-09-05,-0.0480730089353703,-0.00202728087128357,4.47424657534247e-05,-0.0481177514011237,-0.00207202333703699
2022-09-06,0.0154453000788521,0.0103176160713616,4.66027397260274e-05,0.0153986973391261,0.0102710133316356
2022-09-07,0.0351259752495787,0.0041667977893507,4.62082191780822e-05,0.0350797670304006,0.00412058957017261
2022-09-08,-0.0158231702101181,-0.00865914886728625,4.83150684931507e-05,-0.0158714852786113,-0.0087074639357794
2022-09-09,0.00516216271089931,0.0110791911241819,4.42684931506849e-05,0.00511789421774862,0.0110349226310312
2022-09-13,0.0180497784687654,0.00383845696290486,4.76602739726027e-05,0.0180021181947928,0.00379079668893225
2022-09-14,-0.0229655187046882,-0.0125487705800857,4.64767123287671e-05,-0.023011995417017,-0.0125952472924145
2022-09-15,-0.0322643244085068,-0.0212713165769269,5.11342465753425e-05,-0.0323154586550821,-0.0213224508235023
2022-09-16,-0.0131366581684986,-0.023298810739913,4.98301369863014e-05,-0.0131864883054849,-0.0233486408768993
2022-09-19,0.0162943836023732,-0.00484767649795081,4.96109589041096e-05,0.0162447726434691,-0.00489728745685492
2022-09-20,0.0141769789522979,0.0068365511687638,5.3641095890411e-05,0.0141233378564074,0.00678291007287339
2022-09-21,-0.0154824148268489,-0.00670539221865063,5.15424657534247e-05,-0.0155339572926023,-0.00675693468440405
2022-09-22,-0.00538476833231982,-0.00842904716154891,5.30739726027397e-05,-0.00543784230492256,-0.00848212113415165
2022-09-23,-0.00802158029077837,-0.00976643369841845,4.97945205479452e-05,-0.00807137481132632,-0.0098162282189664
2022-09-26,0.0243050490681656,-0.0039919994640627,5.3827397260274e-05,0.0242512216709053,-0.00404582686132298
2022-09-27,0.00369010718775797,0.0192040478095841,5.9827397260274e-05,0.0036302797904977,0.0191442204123238
2022-09-28,-0.0309415343449881,-0.0249546127764564,5.92684931506849e-05,-0.0310008028381388,-0.0250138812696071
2022-09-29,-0.00395440025989657,0.00180942102995196,6.87698630136986e-05,-0.00402317012291027,0.00174065116693826
2022-09-30,-0.0486365007309377,-0.0129810722695378,5.84164383561644e-05,-0.0486949171692939,-0.013039488707894
2022-10-08,-0.00107614026138592,-0.00796369412848819,5.29369863013699e-05,-0.00112907724768729,-0.00801663111478956
2022-10-09,-0.00107729958695657,-0.00802762401127666,4.97397260273973e-05,-0.00112703931298397,-0.00807736373730406
2022-10-10,-0.00107846141310475,-0.00809258862170381,4.57068493150685e-05,-0.00112416826241982,-0.00813829547101888
2022-10-11,0.0150576690051345,0.00527870275544728,4.96054794520548e-05,0.0150080635256824,0.00522909727599523
2022-10-12,0.0283693538175838,0.0243443541023982,4.81890410958904e-05,0.0283211647764879,0.0242961650613023
2022-10-13,-0.0159985343760525,-0.00192185650775478,6.00767123287671e-05,-0.0160586110883812,-0.00198193322008355
2022-10-14,0.0243288168359195,0.0277190448506985,4.55808219178082e-05,0.0242832360140017,0.0276734640287807
2022-10-17,-0.0147741830733406,0.00363849229127666,4.67479452054794e-05,-0.014820931018546,0.00359174434607118
2022-10-18,0.0487078306218658,0.00227651512458671,4.85232876712329e-05,0.0486593073341946,0.00222799183691548
2022-10-19,-0.0228113732791737,-0.0144463852372336,4.65452054794521e-05,-0.0228579184846532,-0.0144929304427131
2022-10-20,-0.0150184553794634,-0.00563009812270288,5.79452054794521e-05,-0.0150764005849429,-0.00568804332818233
2022-10-21,0.0105402333082134,-0.00423683365241168,4.88684931506849e-05,0.0104913648150627,-0.00428570214556236
2022-10-24,-0.0411178835808812,-0.0207617672924716,5.02657534246575e-05,-0.0411681493343059,-0.0208120330458962
2022-10-25,0.0090819520677643,-0.00513630975416746,5.91671232876712e-05,0.00902278494447663,-0.00519547687745513
2022-10-26,-0.000151958363701077,0.0166383512211752,5.88164383561644e-05,-0.000210774802057241,0.016579534782819
2022-10-27,-0.0111942180236007,-0.00632313995365763,5.96164383561644e-05,-0.0112538344619568,-0.0063827563920138
2022-10-28,-0.0610713559810137,-0.0329360641694745,5.5827397260274e-05,-0.0611271833782739,-0.0329918915667348
2022-10-31,0.0278690716923435,-0.0004615633231424,5.51342465753425e-05,0.0278139374457682,-0.000516697569717742
2022-11-01,0.0595914407191636,0.0319184137102031,5.31698630136986e-05,0.0595382708561499,0.0318652438471894
2022-11-02,0.0216908974223831,0.013257790978896,5.18657534246575e-05,0.0216390316689584,0.0132059252254714
2022-11-03,0.00157327658084849,-0.00344882388963441,6.07342465753425e-05,0.00151254233427315,-0.00350955813620975
2022-11-04,0.0446154701830475,0.0315422955466271,5.01808219178082e-05,0.0445652893611296,0.0314921147247093
2022-11-07,-0.00473128960107605,0.00181289221061931,5.13369863013699e-05,-0.00478262658737742,0.00176155522431794
2022-11-08,-0.00889208399612329,-0.00579850273433635,5.29013698630137e-05,-0.0089449853659863,-0.00585140410419937
2022-11-09,-0.0248326238092202,-0.00789616963510298,5.36794520547945e-05,-0.024886303261275,-0.00794984908715777
2022-11-10,-0.0353911249401833,-0.013362161018291,6.19452054794521e-05,-0.0354530701456627,-0.0134241062237705
2022-11-11,0.0322979075318139,0.0209747025453826,5.60054794520548e-05,0.0322419020523619,0.0209186970659305
2022-11-14,-0.0188001048776778,-0.00236460165638874,5.53972602739726e-05,-0.0188555021379518,-0.00241999891666272
2022-11-15,0.0120712442356785,0.0211779313689977,5.80575342465753e-05,0.0120131867014319,0.0211198738347511
2022-11-16,-0.0224119803370479,-0.0102511690471694,5.85808219178082e-05,-0.0224705611589658,-0.0103097498690872
2022-11-17,-0.0157334662614588,-0.00125662337566368,6.28027397260274e-05,-0.0157962690011848,-0.00131942611538971
2022-11-18,-0.00907548016211202,-0.00366219673041712,5.2372602739726e-05,-0.00912785276485174,-0.00371456933315685
2022-11-21,-0.00188668403961856,-0.00411922661428221,5.17041095890411e-05,-0.0019383881492076,-0.00417093072387125
2022-11-22,-0.0147144264086201,-0.0118841009452684,5.2013698630137e-05,-0.0147664401072502,-0.0119361146438985
2022-11-23,0.00402038052016351,-0.00274120633577368,4.8841095890411e-05,0.0039715394242731,-0.00279004743166409
2022-11-24,-0.00841047850859677,-0.00147107870806629,5.33972602739726e-05,-0.00846387576887075,-0.00152447596834026
2022-11-25,-0.0175557818803789,-0.00479486027933618,5.03945205479452e-05,-0.0176061764009268,-0.00484525479988412
2022-11-28,0.000239846499391128,-0.00691934745369416,5.27972602739726e-05,0.000187049239117155,-0.00697214471396813
2022-11-29,0.0129064794175724,0.0237194195758761,5.40027397260274e-05,0.0128524766778464,0.0236654168361501
2022-11-30,0.0442252876519627,0.00175605326980133,5.65123287671233e-05,0.0441687753231955,0.0016995409410342
2022-12-01,0.027147955571623,0.0139154228252121,5.4772602739726e-05,0.0270931829688832,0.0138606502224723
2022-12-02,-0.017343403034749,-0.00394682051840434,5.08931506849315e-05,-0.017394296185434,-0.00399771366908927
2022-12-05,0.00488506182810422,0.00918778204840542,5.08684931506849e-05,0.00483419333495354,0.00913691355525474
2022-12-06,0.0159424736072769,0.00664287588085877,5.24082191780822e-05,0.0158900653880988,0.00659046766168069
2022-12-07,0.0226957529127736,0.0017477756252795,4.95506849315069e-05,0.0226462022278421,0.001698224940348
2022-12-08,0.00200221740884832,-0.00254027683291014,5.51671232876712e-05,0.00194705028556065,-0.00259544395619781
2022-12-09,0.00149903661449358,0.00976707717274472,5.31424657534247e-05,0.00144589414874015,0.0097139347069913
2022-12-12,-0.0177027614446494,-0.00894738053745314,4.87424657534247e-05,-0.0177515039104029,-0.00899612300320657
2022-12-13,-0.000290454927069028,-0.00663916220556615,5.43068493150685e-05,-0.000344761776384097,-0.00669346905488122
2022-12-14,-0.0126803694268149,-0.000166920506924129,5.13369863013699e-05,-0.0127317064131163,-0.000218257493225498
2022-12-15,0.0187983677665438,0.00320107222571764,5.15479452054795e-05,0.0187468198213383,0.00314952428051216
2022-12-16,-0.00350693611286079,-0.00556922025307038,5.53068493150685e-05,-0.00356224296217586,-0.00562452710238545
2022-12-19,-0.0149237440369365,-0.0151949445623636,5.45095890410959e-05,-0.0149782536259776,-0.0152494541514047
2022-12-20,-0.0185520310426588,-0.0159087736603283,5.78904109589041e-05,-0.0186099214536177,-0.0159666640712872
2022-12-21,-0.00307565600093707,-0.00338773886856281,5.15369863013699e-05,-0.00312719298723844,-0.00343927585486418
2022-12-22,-0.0061798372874744,-0.00328431937751361,5.30164383561644e-05,-0.00623285372583056,-0.00333733581586978
2022-12-23,-0.0273979242273041,-0.00245512977766005,5.16356164383562e-05,-0.0274495598437425,-0.0025067653940984
2022-12-26,0.0397943115127433,0.0118515467099076,5.99972602739726e-05,0.0397343142524693,0.0117915494496336
2022-12-27,-0.00115799120166216,0.0115470760931249,6.42712328767123e-05,-0.00122226243453887,0.0114828048602482
2022-12-28,-0.0290095231098695,-0.00867843488323672,6.59123287671233e-05,-0.0290754354386366,-0.00874434721200384
2022-12-29,0.000538523688823567,-0.00128323173849765,7.18739726027397e-05,0.000466649716220827,-0.00135510571110039
2022-12-30,0.0086152965246411,0.00177899776162072,6.63397260273973e-05,0.00854895679861371,0.00171265803559332
2023-01-03,0.0135943173124717,0.00913930832996535,5.77013698630137e-05,0.0135366159426087,0.00908160696010233
2023-01-04,-0.0053172558578316,-0.00195925780176331,5.05095890410959e-05,-0.0053677654468727,-0.00200976739080441
2023-01-05,0.0228030215301773,0.0211035602410128,5.0972602739726e-05,0.0227520489274376,0.0210525876382731
2023-01-06,0.00424127947737496,0.00314717520843999,5.02e-05,0.00419107947737496,0.00309697520843999
2023-01-09,-0.0106557172213364,0.00722419071803948,5.15945205479452e-05,-0.0107073117418843,0.00717259619749154
2023-01-10,0.0120899892065403,0.00493446556265731,5.67917808219178e-05,0.0120331974257183,0.00487767378183539
2023-01-11,0.00896341999129202,-0.00587026220921771,5.93835616438356e-05,0.00890403642964819,-0.00592964577086155
2023-01-12,0.0304537441830712,0.00229555262368564,6.76657534246575e-05,0.0303860784296466,0.00222788687026098
2023-01-13,0.00458231327013969,0.0118407679920818,5.7745205479452e-05,0.00452456806466024,0.0117830227866023
2023-01-16,-0.0173109214443565,0.0156895172265479,6.33561643835616e-05,-0.0173742776087401,0.0156261610621643
2023-01-17,-0.0140169847426952,0.00125326900801603,7.27150684931507e-05,-0.0140896998111883,0.00118055393952288
2023-01-18,-0.0036717300179987,0.00085637293623364,6.80684931506849e-05,-0.00373979851114938,0.000788304443082955
2023-01-19,0.00555688138835109,0.00864955198511019,7.66219178082192e-05,0.00548025947054287,0.00857293006730197
2023-01-20,-0.00155862075520563,0.00563827879346768,5.57424657534247e-05,-0.00161436322095906,0.00558253632771425
2023-01-28,0.0145965212623427,0.00325385289431956,5.98465753424658e-05,0.0145366746870002,0.0031940063189771
2023-01-29,0.0143865243785717,0.00324329966503356,5.22438356164384e-05,0.0143342805429552,0.00319105582941712
2023-01-30,0.0141824842538361,0.0032328146691416,5.99342465753425e-05,0.0141225500072607,0.00317288042256626
2023-01-31,0.0134244100403782,-0.00800866722231142,7.17205479452055e-05,0.013352689492433,-0.00808038777025662
2023-02-01,0.0628402473073795,0.0129913724988597,6.16246575342466e-05,0.0627786226498452,0.0129297478413255
2023-02-02,-0.00564945895911606,-0.00222237043486651,6.38712328767123e-05,-0.00571333019199277,-0.00228624166774322
2023-02-03,-0.0255095799704765,-0.00635920358474529,5.44821917808219e-05,-0.0255640621622574,-0.00641368577652611
2023-02-06,-0.0171499765242276,-0.0118281370613698,5.99232876712329e-05,-0.0172098998118988,-0.011888060349041
2023-02-07,-0.00338421250941678,0.00120137064648596,6.5158904109589e-05,-0.00344937141352637,0.00113621174237637
2023-02-08,-0.0116270467834987,-0.00617486825552227,7.01780821917808e-05,-0.0116972248656905,-0.00624504633771405
2023-02-09,0.00928524456275159,0.0163012730802681,7.17671232876712e-05,0.00921347743946392,0.0162295059569804
2023-02-10,-0.0226813846819249,-0.00594546128239415,5.84849315068493e-05,-0.0227398696134318,-0.006003946213901
2023-02-13,0.0016323132108198,0.0113539940023877,5.75972602739726e-05,0.00157471595054583,0.0112963967421137
2023-02-14,-0.0012500435670626,-0.00154243056287662,5.8613698630137e-05,-0.00130865726569273,-0.00160104426150675
2023-02-15,-0.0105835878484113,-0.00252987387884573,6.13698630136986e-05,-0.010644957711425,-0.00259124374185943
2023-02-16,-0.00711847105009511,-0.013097253854097,6.66849315068493e-05,-0.00718515598160196,-0.0131639387856038
2023-02-17,-0.0195345913579574,-0.0162242580898511,6.79808219178082e-05,-0.0196025721798752,-0.0162922389117689
2023-02-20,0.00417462009088165,0.0201410278645238,6.45808219178082e-05,0.00411003926896385,0.020076447042606
2023-02-21,0.00712128830308956,0.00120972830146648,6.6813698630137e-05,0.00705447460445942,0.00114291460283635
2023-02-22,-0.0158864714788738,-0.00573806956505507,6.84164383561644e-05,-0.01595488791723,-0.00580648600341124
2023-02-23,7.24558925080387e-05,-0.0013302827929369,7.05041095890411e-05,1.95178291899765e-06,-0.00140078690252594
2023-02-24,-0.0106345237062708,-0.00818279513828557,6.65671232876712e-05,-0.0107010908295585,-0.00824936226157324
2023-02-27,-0.0294647088360129,-0.00727991158600005,6.81315068493151e-05,-0.0295328403428622,-0.00734804309284937
2023-02-28,0.0038013557508938,0.00697021226762118,7.81260273972603e-05,0.00372322972349654,0.00689208624022392
2023-03-01,0.0178709149186895,0.0110153311524357,6.23369863013699e-05,0.0178085779323882,0.0109529941661343
2023-03-02,-0.00677567062674989,-0.00545452148786296,6.44301369863014e-05,-0.00684010076373619,-0.00551895162484926
2023-03-03,0.000334305298137494,0.000203363257686107,5.67945205479452e-05,0.000277510777589549,0.000146568737138161
2023-03-06,0.00181814858715512,-0.000763036652649873,5.49506849315069e-05,0.00176319790222361,-0.00081798733758138
2023-03-07,-0.0136985886936261,-0.0199823632456049,5.91315068493151e-05,-0.0137577202004754,-0.0200414947524542
2023-03-08,-0.0142700050133318,-0.000886806421922515,5.90931506849315e-05,-0.0143290981640167,-0.000945899572607446
2023-03-09,-0.0035517232623965,-0.00157906486611559,6.47424657534247e-05,-0.00361646572814992,-0.00164380733186901
2023-03-10,-0.051820997822416,-0.0119406193075005,6.04219178082192e-05,-0.0518814197402242,-0.0120010412253087
2023-03-13,-0.0109795491715445,0.00544547258131978,6.03424657534247e-05,-0.011039891637298,0.00538513011556635
2023-03-14,-0.00212063209034508,-0.00771765300944516,6.41506849315068e-05,-0.00218478277527658,-0.00778180369437667
2023-03-15,-0.00569078934421086,-0.000275076655260165,6.4558904109589e-05,-0.00575534824832045,-0.000339635559369754
2023-03-16,-0.0161837931347328,-0.0155165350035329,6.92904109589041e-05,-0.0162530835456917,-0.0155858254144918
2023-03-17,0.0132232646565935,0.00358416159314245,6.36767123287671e-05,0.0131595879442647,0.00352048488081369
2023-03-20,-0.00989062253856243,-0.00274537379239881,6.44438356164384e-05,-0.00995506637417887,-0.00280981762801525
2023-03-21,0.016580434276567,0.0158878689405384,6.91123287671233e-05,0.0165113219477998,0.0158187566117713
2023-03-22,0.0153034181398866,0.00607918927474849,6.45452054794521e-05,0.0152388729344071,0.00601464406926903
2023-03-23,0.00938221067728229,0.00938098543472599,6.45479452054794e-05,0.00931766273207681,0.00931643748952051
2023-03-24,0.00215268171629113,0.00248972675793269,5.47369863013699e-05,0.00209794472998976,0.00243498977163132
2023-03-27,-0.00968356172433893,0.00117858494127354,7.09753424657534e-05,-0.00975453706680468,0.00110760959880779
2023-03-28,0.00557350226843489,-0.00719360307455474,7.23808219178082e-05,0.00550112144651708,-0.00726598389647255
2023-03-29,0.0108964730401517,0.00133596282631387,7.04739726027397e-05,0.010825999067549,0.00126548885371113
2023-03-30,0.0376480350979032,0.00619154912683761,7.09698630136986e-05,0.0375770652348895,0.00612057926382392
2023-03-31,-0.00461965124329922,0.0063794609686898,7.29095890410959e-05,-0.00469256083234031,0.0063065513796487
2023-04-03,-0.000382745823174879,0.0138062188356294,5.85424657534247e-05,-0.000441288288928304,0.013747676369876
2023-04-04,-0.0197168794987732,-0.00252138127337354,5.85205479452055e-05,-0.0197754000467184,-0.00257990182131874
2023-04-06,-0.00367690615700411,0.000575744806699419,6.60219178082192e-05,-0.00374292807481233,0.000509722888891199
2023-04-07,-0.00286482545875621,0.00851140383880455,6.24027397260274e-05,-0.00292722819848224,0.00844900109907853
2023-04-10,0.00685403642779203,-0.0080379062159821,6.08575342465753e-05,0.00679317889354546,-0.00809876375022868
2023-04-11,-0.00465562938684805,0.000439595983007024,6.27397260273973e-05,-0.00471836911287545,0.000376856256979627
2023-04-12,-0.0261013923846836,0.000535338677620345,5.96027397260274e-05,-0.0261609951244096,0.000475735937894318
2023-04-13,-0.00237764322451905,-0.0121635391548764,6.60712328767123e-05,-0.00244371445739577,-0.0122296103877532
2023-04-14,0.0132664617793257,0.00511897287419849,6.02054794520548e-05,0.0132062562998736,0.00505876739474644
2023-04-17,0.0136427764037865,0.00468304938156905,6.19178082191781e-05,0.0135808585955674,0.00462113157334987
2023-04-18,-0.00176897268843401,0.000414911870914025,6.51287671232877e-05,-0.0018341014555573,0.000349783103790738
2023-04-19,0.00740874794729862,-0.00847821842306296,6.27150684931507e-05,0.00734603287880547,-0.0085409334915561
2023-04-20,-0.0235119000249862,-0.00366393297040091,7.16630136986301e-05,-0.0235835630386848,-0.00373559598409954
2023-04-21,-0.00831113129266292,-0.0230356845399502,6.63150684931507e-05,-0.00837744636115607,-0.0231019996084433
2023-04-23,0.0213603645953402,-0.00584301931928266,6.38027397260274e-05,0.0212965618556142,-0.00590682205900869
2023-04-24,0.0209136253035052,-0.00587736095114622,6.45342465753425e-05,0.0208490910569298,-0.00594189519772156
2023-04-25,-0.0369260610306741,-0.014956198883354,6.04904109589041e-05,-0.036986551441633,-0.0150166892943129
2023-04-26,0.0270607540035517,0.00328368407618385,5.79671232876712e-05,0.027002786880264,0.00322571695289617
2023-04-27,0.0310507576990515,0.00279609586043961,6.60712328767123e-05,0.0309846864661748,0.00273002462756289
2023-04-28,-0.0118759008432523,0.0107885228076032,6.48794520547945e-05,-0.0119407802953071,0.0107236433555484
2023-05-04,-0.0131431234213633,-0.00573134883397053,6.32301369863014e-05,-0.0132063535583496,-0.00579457897095683
2023-05-05,-0.00974666585229489,-0.00828337640608723,5.30876712328767e-05,-0.00979975352352777,-0.0083364640773201
2023-05-06,0.00788266003123628,0.00200588071557739,5.04876712328767e-05,0.0078321723600034,0.00195539304434451
2023-05-08,0.00782100935664598,0.00200186521140999,5.47424657534247e-05,0.00776626689089256,0.00194712274565657
2023-05-09,-0.0155469725567547,-0.00901540235412135,6.03890410958904e-05,-0.0156073615978506,-0.00907579139521724
2023-05-10,0.0379709758650639,0.00136266420549092,5.62739726027397e-05,0.0379147018924612,0.00130639023288818
2023-05-11,0.0151206144421963,0.0002100282199482,5.88328767123288e-05,0.0150617815654839,0.000151195343235871
2023-05-12,-0.0139145689939317,-0.0123614495575541,5.39424657534247e-05,-0.0139685114596852,-0.0124153920233076
2023-05-15,0.0182881860471973,0.0155951567320507,5.53890410958904e-05,0.0182327970061014,0.0155397676909548
2023-05-16,0.000850261599070201,-0.00712458597413246,5.87616438356164e-05,0.000791499955234585,-0.00718334761796807
2023-05-17,-0.0156791473362423,-0.000737257777078781,5.57452054794521e-05,-0.0157348925417218,-0.000793002982558233
2023-05-18,-0.00738427798726704,-0.0011547470402693,5.92547945205479e-05,-0.00744353278178759,-0.00121400183478985
2023-05-19,0.000378071838151861,0.00117999223421705,5.56383561643836e-05,0.000322433481987477,0.00112435387805267
2023-05-22,0.0225744907886938,0.00321175518228323,5.5558904109589e-05,0.0225189318845842,0.00315619627817364
2023-05-23,-0.00820087346602261,-0.0103399263203503,5.87315068493151e-05,-0.00825960497287192,-0.0103986578271996
2023-05-24,-0.00388263012948453,-0.00841206606773248,5.28438356164384e-05,-0.00393547396510097,-0.00846490990334892
2023-05-25,-0.0243840644006443,-0.00217721110658964,5.36931506849315e-05,-0.0244377575513293,-0.00223090425727457
2023-05-26,-0.0342716919366257,0.00119874013665822,5.53506849315069e-05,-0.0343270426215572,0.00114338945172671
2023-05-29,-0.00840458234381103,-0.00805830309194278,5.54876712328767e-05,-0.0084600700150439,-0.00811379076317565
2023-05-30,0.0292869206248936,0.00437588635362118,5.70520547945205e-05,0.0292298685700991,0.00431883429882666
2023-05-31,0.00577129519017028,-0.00698877444145118,6.14684931506849e-05,0.00570982669701959,-0.00705024293460187
2023-06-01,0.00700460855732299,0.00388816819199889,5.88520547945205e-05,0.00694575650252847,0.00382931613720437
2023-06-02,0.0140528237541009,0.0148551071763023,5.44438356164384e-05,0.0139983799184844,0.0148006633406859
2023-06-05,-0.00287824474407028,-0.00473840155806471,5.45041095890411e-05,-0.00293274885365932,-0.00479290566765375
2023-06-06,0.00988761923664683,-0.0158966271668319,5.74246575342466e-05,0.00983019457911258,-0.0159540518243662
2023-06-07,-0.0167377430659421,-0.00601707314868349,5.58739726027397e-05,-0.0167936170385449,-0.00607294712128623
2023-06-08,-0.00609022278858529,0.00131114270622312,5.7786301369863e-05,-0.00614800908995515,0.00125335640485326
2023-06-09,0.0117259713026154,0.00660509539950738,5.29643835616438e-05,0.0116730069190538,0.00655213101594573
2023-06-12,0.00967395973576313,0.00736676910213774,5.39479452054795e-05,0.00962001179055765,0.00731282115693226
2023-06-13,0.00270402388066415,0.00753289223340481,5.72575342465753e-05,0.00264676634641758,0.00747563469915823
2023-06-14,0.00680274732275254,0.00260704998776973,5.58575342465754e-05,0.00674688978850597,0.00255119245352315
2023-06-15,0.0331922917046645,0.0178987523306322,5.87178082191781e-05,0.0331335738964454,0.017840034522413
2023-06-16,-0.00292308178036293,0.0109910321733278,5.66767123287671e-05,-0.0029797584926917,0.010934355460999
2023-06-19,-0.00692671720871374,-0.00287681028569331,6.09397260273973e-05,-0.00698765693474114,-0.00293775001172071
2023-06-20,-0.00357273438727024,0.00277244037031643,6.44684931506849e-05,-0.00363720288042092,0.00270797187716575
2023-06-21,-0.00175457880301888,-0.0220649463824056,6.03506849315068e-05,-0.00181492948795039,-0.0221252970673371
2023-06-25,-0.00917007703087513,-0.00846032998919632,6.75342465753425e-05,-0.00923761127745048,-0.00852786423577167
2023-06-26,-0.00925494620067635,-0.00853251834428548,5.94082191780822e-05,-0.00931435441985443,-0.00859192656346356
2023-06-27,-0.0108660067201907,0.00968228711589703,6.22465753424657e-05,-0.0109282532955331,0.00962004054055456
2023-06-28,0.000753182230377902,-0.00472599992134803,6.45150684931507e-05,0.000688667161884752,-0.00479051498984118
2023-06-29,-0.0176216013498189,-0.000990760008560798,5.8958904109589e-05,-0.0176805602539285,-0.00104971891267039
2023-06-30,0.00998826496162586,0.0101258311484997,6.83534246575342e-05,0.00991991153696832,0.0100574777238422
