"period","SMB","HML"
2,-0.0056816517286934,0.00254636616446078
3,0.00688287575822324,4.30208956822761e-05
4,0.00528118022205308,0.0203766948434835
5,0.00187785876682028,-0.00690565473167226
6,0.00324750185804442,-0.00666827048097427
7,-0.0016216327319853,0.00511815359039853
8,0.000440828582737593,0.00341449422063306
9,-0.000661516411695631,-0.0105626714307194
10,-0.00881689184485003,0.00933698367560283
11,0.0107772716879845,-0.00330145814223215
12,-0.00512614365154877,0.00552009657335778
13,0.00129665327677503,0.00721006401348859
14,-0.000694322127383203,-0.0019401697232388
15,0.00630911255208776,-0.000665445936998973
16,0.00175042102579027,0.00903564997715876
17,0.0063754222379066,-0.00294712067659323
18,0.00119892052514479,-0.00456326953989143
19,-0.00519068792229518,-0.00366831213623906
20,0.00472162386542186,0.00595511839181806
21,-0.000709435649216176,-0.00128001179623728
22,-0.00175586290284991,0.00308873366486902
23,-0.0149313583746552,-0.000705324738131217
24,-0.0119504973157309,0.0112314083947179
