Date,stock_price,market_index,risk_free_rate
2022-01-04,276.53 ,14791.31 ,2.3392 
2022-01-05,258.43 ,14525.76 ,2.3230 
2022-01-06,255.12 ,14429.51 ,2.4325 
2022-01-07,251.53 ,14343.65 ,2.3703 
2022-01-10,251.33 ,14406.97 ,2.2446 
2022-01-11,243.97 ,14223.35 ,2.4288 
2022-01-12,261.22 ,14421.20 ,2.3182 
2022-01-13,260.52 ,14138.34 ,2.5824 
2022-01-14,258.31 ,14150.57 ,2.3927 
2022-01-17,271.93 ,14363.57 ,2.4710 
2022-01-18,271.51 ,14391.39 ,2.4732 
2022-01-19,258.13 ,14207.19 ,2.3672 
2022-01-20,256.19 ,14198.30 ,2.6286 
2022-01-21,255.51 ,14029.55 ,2.4811 
2022-01-24,256.53 ,14081.80 ,2.4907 
2022-01-25,245.21 ,13683.89 ,2.6164 
2022-01-26,254.58 ,13780.30 ,2.5264 
2022-01-27,246.19 ,13398.84 ,2.5203 
2022-01-28,231.43 ,13328.06 ,2.5414 
2022-01-29,,,2.2834 
2022-01-30,,,2.3221 
2022-02-07,249.39 ,13456.65 ,2.6299 
2022-02-08,241.81 ,13325.41 ,2.3133 
2022-02-09,250.18 ,13531.31 ,2.2794 
2022-02-10,245.02 ,13432.07 ,2.4497 
2022-02-11,234.89 ,13224.38 ,2.1817 
2022-02-14,236.71 ,13123.21 ,2.3251 
2022-02-15,243.17 ,13345.63 ,2.2418 
2022-02-16,245.51 ,13376.36 ,2.2805 
2022-02-17,250.42 ,13422.90 ,2.5281 
2022-02-18,247.92 ,13459.68 ,2.3197 
2022-02-21,246.83 ,13471.16 ,2.5127 
2022-02-22,242.30 ,13297.11 ,2.3868 
2022-02-23,257.14 ,13549.99 ,2.2917 
2022-02-24,249.86 ,13252.24 ,2.4142 
2022-02-25,252.90 ,13412.92 ,2.3409 
2022-02-28,254.69 ,13455.73 ,2.6591 
2022-03-01,256.92 ,13488.64 ,2.2888 
2022-03-02,253.67 ,13346.96 ,2.2621 
2022-03-03,250.21 ,13201.82 ,2.4340 
2022-03-04,238.57 ,13020.46 ,2.1568 
2022-03-07,228.17 ,12573.43 ,2.3219 
2022-03-08,220.60 ,12244.50 ,2.3124 
2022-03-09,228.15 ,12107.17 ,2.2889 
2022-03-10,233.78 ,12370.95 ,2.4983 
2022-03-11,234.54 ,12447.37 ,2.2679 
2022-03-14,223.47 ,12063.63 ,2.4062 
2022-03-15,217.14 ,11537.24 ,2.3686 
2022-03-16,234.11 ,12000.96 ,2.3553 
2022-03-17,239.69 ,12289.97 ,2.4392 
2022-03-18,239.29 ,12328.65 ,2.3576 
2022-03-21,250.39 ,12379.64 ,2.4217 
2022-03-22,249.80 ,12318.78 ,2.3123 
2022-03-23,252.21 ,12408.65 ,2.3449 
2022-03-24,252.12 ,12305.50 ,2.5198 
2022-03-25,240.11 ,12072.73 ,2.2828 
2022-03-28,235.10 ,11949.94 ,2.3938 
2022-03-29,235.71 ,11895.08 ,2.4665 
2022-03-30,241.86 ,12263.80 ,2.4180 
2022-03-31,234.49 ,12118.25 ,2.8907 
2022-04-01,240.77 ,12227.93 ,2.2112 
2022-04-02,,,1.9980 
2022-04-06,246.84 ,12172.91 ,2.3648 
2022-04-07,244.90 ,11972.02 ,2.3721 
2022-04-08,248.96 ,11959.27 ,2.1564 
2022-04-11,237.75 ,11520.21 ,2.1193 
2022-04-12,243.02 ,11756.38 ,2.3720 
2022-04-13,241.84 ,11568.17 ,2.1911 
2022-04-14,246.21 ,11714.62 ,2.3243 
2022-04-15,241.02 ,11648.57 ,2.0559 
2022-04-18,243.98 ,11691.47 ,2.0571 
2022-04-19,249.86 ,11633.32 ,2.1794 
2022-04-20,246.71 ,11392.23 ,2.1141 
2022-04-21,238.82 ,11084.28 ,2.2202 
2022-04-22,240.20 ,11051.70 ,1.8677 
2022-04-24,,,1.9573 
2022-04-25,232.14 ,10379.28 ,1.8479 
2022-04-26,236.54 ,10206.64 ,1.8573 
2022-04-27,239.81 ,10652.90 ,1.8451 
2022-04-28,236.71 ,10628.92 ,1.9610 
2022-04-29,247.96 ,11021.44 ,2.0449 
2022-05-05,253.88 ,11046.38 ,2.2191 
2022-05-06,247.02 ,10809.88 ,1.9343 
2022-05-07,,,1.8805 
2022-05-09,237.48 ,10765.63 ,1.9198 
2022-05-10,238.09 ,10912.74 ,1.9934 
2022-05-11,257.86 ,11109.48 ,1.8890 
2022-05-12,259.27 ,11094.87 ,2.0896 
2022-05-13,275.59 ,11159.79 ,1.8303 
2022-05-16,272.57 ,11093.37 ,1.8283 
2022-05-17,288.26 ,11230.16 ,1.8691 
2022-05-18,287.16 ,11208.08 ,1.8208 
2022-05-19,290.32 ,11250.06 ,2.0630 
2022-05-20,293.57 ,11454.53 ,1.8315 
2022-05-23,301.22 ,11447.95 ,1.7865 
2022-05-24,286.73 ,11065.92 ,1.9129 
2022-05-25,293.06 ,11143.18 ,1.7439 
2022-05-26,292.49 ,11206.82 ,1.8538 
2022-05-27,294.77 ,11193.59 ,1.7407 
2022-05-30,304.20 ,11310.28 ,1.8118 
2022-05-31,301.95 ,11527.62 ,2.0982 
2022-06-01,306.10 ,11551.27 ,1.8466 
2022-06-02,307.16 ,11628.31 ,1.9790 
2022-06-06,324.72 ,11938.12 ,1.8350 
2022-06-07,321.32 ,11935.57 ,1.8982 
2022-06-08,334.09 ,12033.26 ,1.8544 
2022-06-09,328.99 ,11810.58 ,2.0403 
2022-06-10,355.92 ,12035.15 ,1.7597 
2022-06-13,355.92 ,11999.31 ,1.8155 
2022-06-14,350.60 ,12023.79 ,1.8854 
2022-06-15,341.84 ,12137.76 ,1.8477 
2022-06-16,342.86 ,12150.96 ,2.0790 
2022-06-17,344.90 ,12331.14 ,1.7971 
2022-06-20,349.16 ,12487.13 ,1.9392 
2022-06-21,347.96 ,12423.86 ,1.9940 
2022-06-22,346.82 ,12246.55 ,1.9483 
2022-06-23,360.71 ,12514.73 ,2.2140 
2022-06-24,358.21 ,12686.03 ,1.9286 
2022-06-27,356.83 ,12825.57 ,2.0499 
2022-06-28,360.10 ,12982.69 ,2.1274 
2022-06-29,338.38 ,12696.50 ,2.1870 
2022-06-30,340.30 ,12896.20 ,2.9849 
2022-07-01,335.92 ,12860.36 ,1.9039 
2022-07-04,343.02 ,13026.25 ,1.8186 
2022-07-05,340.70 ,12973.11 ,1.8571 
2022-07-06,342.96 ,12811.33 ,1.8411 
2022-07-07,356.51 ,12935.85 ,2.0680 
2022-07-08,344.90 ,12857.13 ,1.7875 
2022-07-11,330.92 ,12617.23 ,1.8035 
2022-07-12,315.31 ,12439.27 ,1.8375 
2022-07-13,316.20 ,12508.89 ,1.8538 
2022-07-14,329.59 ,12602.78 ,2.0478 
2022-07-15,345.09 ,12411.01 ,1.7660 
2022-07-18,343.98 ,12532.65 ,1.7914 
2022-07-19,337.86 ,12494.77 ,1.8689 
2022-07-20,338.47 ,12573.12 ,1.8168 
2022-07-21,331.12 ,12455.19 ,2.0671 
2022-07-22,336.35 ,12394.02 ,1.7488 
2022-07-25,329.54 ,12291.59 ,1.7085 
2022-07-26,331.63 ,12408.56 ,1.7120 
2022-07-27,332.45 ,12399.69 ,1.6797 
2022-07-28,332.07 ,12428.72 ,1.7710 
2022-07-29,327.00 ,12266.92 ,1.6938 
2022-08-01,337.39 ,12413.87 ,1.7188 
2022-08-02,333.37 ,12120.02 ,1.7420 
2022-08-03,328.66 ,11982.26 ,1.5853 
2022-08-04,333.57 ,12065.22 ,1.7919 
2022-08-05,331.21 ,12269.21 ,1.5516 
2022-08-08,328.01 ,12302.15 ,1.5592 
2022-08-09,326.34 ,12331.09 ,1.6063 
2022-08-10,314.74 ,12223.51 ,1.5660 
2022-08-11,321.55 ,12474.03 ,1.7845 
2022-08-12,318.39 ,12419.39 ,1.5636 
2022-08-15,321.74 ,12460.22 ,1.5547 
2022-08-16,325.53 ,12470.11 ,1.5982 
2022-08-17,334.72 ,12595.46 ,1.5869 
2022-08-18,332.80 ,12517.32 ,1.7602 
2022-08-19,326.01 ,12358.55 ,1.6688 
2022-08-22,329.78 ,12505.68 ,1.6502 
2022-08-23,328.27 ,12455.15 ,1.7375 
2022-08-24,315.91 ,12096.39 ,1.6095 
2022-08-25,315.99 ,12104.03 ,1.6431 
2022-08-26,322.27 ,12059.71 ,1.7114 
2022-08-29,320.05 ,12018.16 ,1.7511 
2022-08-30,317.29 ,11970.79 ,1.7479 
2022-08-31,293.95 ,11815.79 ,1.9072 
2022-09-01,292.64 ,11712.39 ,1.7853 
2022-09-02,287.84 ,11702.39 ,1.6299 
2022-09-05,274.33 ,11678.69 ,1.6331 
2022-09-06,278.60 ,11799.81 ,1.7010 
2022-09-07,288.56 ,11849.08 ,1.6866 
2022-09-08,284.03 ,11746.92 ,1.7635 
2022-09-09,285.50 ,11877.79 ,1.6158 
2022-09-13,290.70 ,11923.47 ,1.7396 
2022-09-14,284.10 ,11774.78 ,1.6964 
2022-09-15,275.08 ,11526.96 ,1.8664 
2022-09-16,271.49 ,11261.50 ,1.8188 
2022-09-19,275.95 ,11207.04 ,1.8108 
2022-09-20,279.89 ,11283.92 ,1.9579 
2022-09-21,275.59 ,11208.51 ,1.8813 
2022-09-22,274.11 ,11114.43 ,1.9372 
2022-09-23,271.92 ,11006.41 ,1.8175 
2022-09-26,278.61 ,10962.56 ,1.9647 
2022-09-27,279.64 ,11175.12 ,2.1837 
2022-09-28,271.12 ,10899.70 ,2.1633 
2022-09-29,270.05 ,10919.44 ,2.5101 
2022-09-30,257.23 ,10778.61 ,2.1322 
2022-10-08,,,1.9322 
2022-10-09,,,1.8155 
2022-10-10,256.40 ,10522.12 ,1.6683 
2022-10-11,260.29 ,10577.81 ,1.8106 
2022-10-12,267.78 ,10838.48 ,1.7589 
2022-10-13,263.53 ,10817.67 ,2.1928 
2022-10-14,270.02 ,11121.72 ,1.6637 
2022-10-17,266.06 ,11162.26 ,1.7063 
2022-10-18,279.34 ,11187.70 ,1.7711 
2022-10-19,273.04 ,11027.24 ,1.6989 
2022-10-20,268.97 ,10965.33 ,2.1150 
2022-10-21,271.82 ,10918.97 ,1.7837 
2022-10-24,260.87 ,10694.61 ,1.8347 
2022-10-25,263.25 ,10639.82 ,2.1596 
2022-10-26,263.21 ,10818.33 ,2.1468 
2022-10-27,260.28 ,10750.14 ,2.1760 
2022-10-28,244.86 ,10401.84 ,2.0377 
2022-10-31,251.78 ,10397.04 ,2.0124 
2022-11-01,267.24 ,10734.25 ,1.9407 
2022-11-02,273.10 ,10877.51 ,1.8931 
2022-11-03,273.53 ,10840.06 ,2.2168 
2022-11-04,286.01 ,11187.43 ,1.8316 
2022-11-07,284.66 ,11207.73 ,1.8738 
2022-11-08,282.14 ,11142.93 ,1.9309 
2022-11-09,275.22 ,11055.29 ,1.9593 
2022-11-10,265.65 ,10908.55 ,2.2610 
2022-11-11,274.37 ,11139.77 ,2.0442 
2022-11-14,269.26 ,11113.46 ,2.0220 
2022-11-15,272.53 ,11351.33 ,2.1191 
2022-11-16,266.49 ,11235.56 ,2.1382 
2022-11-17,262.33 ,11221.45 ,2.2923 
2022-11-18,259.96 ,11180.43 ,1.9116 
2022-11-21,259.47 ,11134.47 ,1.8872 
2022-11-22,255.68 ,11002.93 ,1.8985 
2022-11-23,256.71 ,10972.81 ,1.7827 
2022-11-24,254.56 ,10956.68 ,1.9490 
2022-11-25,250.13 ,10904.27 ,1.8394 
2022-11-28,250.19 ,10829.08 ,1.9271 
2022-11-29,253.44 ,11089.01 ,1.9711 
2022-11-30,264.90 ,11108.50 ,2.0627 
2022-12-01,272.19 ,11264.16 ,1.9992 
2022-12-02,267.51 ,11219.79 ,1.8576 
2022-12-05,268.82 ,11323.35 ,1.8567 
2022-12-06,273.14 ,11398.82 ,1.9129 
2022-12-07,279.41 ,11418.76 ,1.8086 
2022-12-08,279.97 ,11389.79 ,2.0136 
2022-12-09,280.39 ,11501.58 ,1.9397 
2022-12-12,275.47 ,11399.13 ,1.7791 
2022-12-13,275.39 ,11323.70 ,1.9822 
2022-12-14,271.92 ,11321.81 ,1.8738 
2022-12-15,277.08 ,11358.11 ,1.8815 
2022-12-16,276.11 ,11295.03 ,2.0187 
2022-12-19,272.02 ,11124.70 ,1.9896 
2022-12-20,267.02 ,10949.12 ,2.1130 
2022-12-21,266.20 ,10912.09 ,1.8811 
2022-12-22,264.56 ,10876.31 ,1.9351 
2022-12-23,257.41 ,10849.64 ,1.8847 
2022-12-26,267.86 ,10978.99 ,2.1899 
2022-12-27,267.55 ,11106.50 ,2.3459 
2022-12-28,259.90 ,11010.53 ,2.4058 
2022-12-29,260.04 ,10996.41 ,2.6234 
2022-12-30,262.29 ,11015.99 ,2.4214 
2023-01-03,265.88 ,11117.13 ,2.1061 
2023-01-04,264.47 ,11095.37 ,1.8436 
2023-01-05,270.57 ,11332.01 ,1.8605 
2023-01-06,271.72 ,11367.73 ,1.8323 
2023-01-09,268.84 ,11450.15 ,1.8832 
2023-01-10,272.11 ,11506.79 ,2.0729 
2023-01-11,274.56 ,11439.44 ,2.1675 
2023-01-12,283.05 ,11465.73 ,2.4698 
2023-01-13,284.35 ,11602.30 ,2.1077 
2023-01-16,279.47 ,11785.77 ,2.3125 
2023-01-17,275.58 ,11800.55 ,2.6541 
2023-01-18,274.57 ,11810.66 ,2.4845 
2023-01-19,276.10 ,11913.26 ,2.7967 
2023-01-20,275.67 ,11980.62 ,2.0346 
2023-01-28,,,2.1844 
2023-01-29,,,1.9069 
2023-01-30,287.83 ,12097.76 ,2.1876 
2023-01-31,291.72 ,12001.26 ,2.6178 
2023-02-01,310.64 ,12158.19 ,2.2493 
2023-02-02,308.89 ,12131.20 ,2.3313 
2023-02-03,301.11 ,12054.30 ,1.9886 
2023-02-06,295.99 ,11912.56 ,2.1872 
2023-02-07,294.99 ,11926.88 ,2.3783 
2023-02-08,291.58 ,11853.46 ,2.5615 
2023-02-09,294.30 ,12048.27 ,2.6195 
2023-02-10,287.70 ,11976.85 ,2.1347 
2023-02-13,288.17 ,12113.61 ,2.1023 
2023-02-14,287.81 ,12094.94 ,2.1394 
2023-02-15,284.78 ,12064.38 ,2.2400 
2023-02-16,282.76 ,11907.40 ,2.4340 
2023-02-17,277.29 ,11715.77 ,2.4813 
2023-02-20,278.45 ,11954.13 ,2.3572 
2023-02-21,280.44 ,11968.60 ,2.4387 
2023-02-22,276.02 ,11900.12 ,2.4972 
2023-02-23,276.04 ,11884.30 ,2.5734 
2023-02-24,273.12 ,11787.45 ,2.4297 
2023-02-27,265.19 ,11701.95 ,2.4868 
2023-02-28,266.20 ,11783.80 ,2.8516 
2023-03-01,271.00 ,11914.32 ,2.2753 
2023-03-02,269.17 ,11849.51 ,2.3517 
2023-03-03,269.26 ,11851.92 ,2.0730 
2023-03-06,269.75 ,11842.88 ,2.0057 
2023-03-07,266.08 ,11608.58 ,2.1583 
2023-03-08,262.31 ,11598.29 ,2.1569 
2023-03-09,261.38 ,11579.99 ,2.3631 
2023-03-10,248.18 ,11442.54 ,2.2054 
2023-03-13,245.47 ,11505.02 ,2.2025 
2023-03-14,244.95 ,11416.57 ,2.3415 
2023-03-15,243.56 ,11413.43 ,2.3564 
2023-03-16,239.65 ,11237.70 ,2.5291 
2023-03-17,242.84 ,11278.05 ,2.3242 
2023-03-20,240.45 ,11247.13 ,2.3522 
2023-03-21,244.47 ,11427.25 ,2.5226 
2023-03-22,248.24 ,11496.93 ,2.3559 
2023-03-23,250.58 ,11605.29 ,2.3560 
2023-03-24,251.12 ,11634.22 ,1.9979 
2023-03-27,248.70 ,11647.94 ,2.5906 
2023-03-28,250.09 ,11564.45 ,2.6419 
2023-03-29,252.83 ,11579.91 ,2.5723 
2023-03-30,262.53 ,11651.83 ,2.5904 
2023-03-31,261.32 ,11726.40 ,2.6612 
2023-04-03,261.22 ,11889.42 ,2.1368 
2023-04-04,256.12 ,11859.48 ,2.1360 
2023-04-06,255.18 ,11866.31 ,2.4098 
2023-04-07,254.45 ,11967.74 ,2.2777 
2023-04-10,256.20 ,11871.93 ,2.2213 
2023-04-11,255.01 ,11877.15 ,2.2900 
2023-04-12,248.44 ,11883.51 ,2.1755 
2023-04-13,247.85 ,11739.84 ,2.4116 
2023-04-14,251.16 ,11800.09 ,2.1975 
2023-04-17,254.61 ,11855.48 ,2.2600 
2023-04-18,254.16 ,11860.40 ,2.3772 
2023-04-19,256.05 ,11760.27 ,2.2891 
2023-04-20,250.10 ,11717.26 ,2.6157 
2023-04-21,248.03 ,11450.43 ,2.4205 
2023-04-23,,,2.3288 
2023-04-24,258.74 ,11317.01 ,2.3555 
2023-04-25,249.36 ,11149.01 ,2.2079 
2023-04-26,256.20 ,11185.68 ,2.1158 
2023-04-27,264.28 ,11217.00 ,2.4116 
2023-04-28,261.16 ,11338.67 ,2.3681 
2023-05-04,257.75 ,11273.87 ,2.3079 
2023-05-05,255.25 ,11180.87 ,1.9377 
2023-05-06,,,1.8428 
2023-05-08,259.29 ,11225.77 ,1.9981 
2023-05-09,255.29 ,11125.02 ,2.2042 
2023-05-10,265.17 ,11140.19 ,2.0540 
2023-05-11,269.21 ,11142.53 ,2.1474 
2023-05-12,265.49 ,11005.64 ,1.9689 
2023-05-15,270.39 ,11178.62 ,2.0217 
2023-05-16,270.62 ,11099.26 ,2.1448 
2023-05-17,266.41 ,11091.08 ,2.0347 
2023-05-18,264.45 ,11078.28 ,2.1628 
2023-05-19,264.55 ,11091.36 ,2.0308 
2023-05-22,270.59 ,11127.04 ,2.0279 
2023-05-23,268.38 ,11012.58 ,2.1437 
2023-05-24,267.34 ,10920.33 ,1.9288 
2023-05-25,260.90 ,10896.58 ,1.9598 
2023-05-26,252.11 ,10909.65 ,2.0203 
2023-05-29,250.00 ,10822.09 ,2.0253 
2023-05-30,257.43 ,10869.55 ,2.0824 
2023-05-31,258.92 ,10793.85 ,2.2436 
2023-06-01,260.74 ,10835.90 ,2.1481 
2023-06-02,264.43 ,10998.07 ,1.9872 
2023-06-05,263.67 ,10946.08 ,1.9894 
2023-06-06,266.29 ,10773.45 ,2.0960 
2023-06-07,261.87 ,10708.82 ,2.0394 
2023-06-08,260.28 ,10722.87 ,2.1092 
2023-06-09,263.35 ,10793.93 ,1.9332 
2023-06-12,265.91 ,10873.74 ,1.9691 
2023-06-13,266.63 ,10955.96 ,2.0899 
2023-06-14,268.45 ,10984.56 ,2.0388 
2023-06-15,277.51 ,11182.94 ,2.1432 
2023-06-16,276.70 ,11306.53 ,2.0687 
2023-06-19,274.79 ,11274.05 ,2.2243 
2023-06-20,273.81 ,11305.35 ,2.3531 
2023-06-21,273.33 ,11058.63 ,2.2028 
2023-06-25,,,2.4650 
2023-06-26,268.34 ,10872.30 ,2.1684 
2023-06-27,265.44 ,10978.08 ,2.2720 
2023-06-28,265.64 ,10926.32 ,2.3548 
2023-06-29,261.00 ,10915.50 ,2.1520 
2023-06-30,263.62 ,11026.59 ,2.4949 