"date","price"
2000-01-31,87.2347869873047
2000-02-29,85.9065322875977
2000-03-31,94.2321243286133
2000-04-28,90.9226531982422
2000-05-31,89.4931106567383
2000-06-30,91.2545013427734
2000-07-31,89.8215942382812
2000-08-31,95.6905975341797
2000-09-29,90.440788269043
2000-10-31,90.017707824707
2000-11-30,83.2976684570312
2000-12-29,82.8623046875
2001-01-31,86.5463027954102
2001-02-28,78.2908401489258
2001-03-30,73.9036331176758
2001-04-30,80.2179794311523
2001-05-31,79.7683029174805
2001-06-29,77.8674850463867
2001-07-31,77.0735321044922
2001-08-31,72.5005874633789
2001-09-28,66.5823287963867
2001-10-31,67.4493560791016
2001-11-30,72.7088623046875
2001-12-31,73.118896484375
2002-01-31,72.4024429321289
2002-02-28,71.1038208007812
2002-03-28,73.4694900512695
2002-04-30,69.1968307495117
2002-05-31,68.7862091064453
2002-06-28,63.7092704772949
2002-07-31,58.6877479553223
2002-08-30,59.0868873596191
2002-09-30,52.8915176391602
2002-10-31,57.2436027526855
2002-11-29,60.7744522094727
2002-12-31,57.336483001709
2003-01-31,55.9262657165527
2003-02-28,55.1724166870117
2003-03-31,55.2905197143555
2003-04-30,59.9687652587891
2003-05-30,63.257194519043
2003-06-30,63.9309768676758
2003-07-31,65.0834884643555
2003-08-29,66.4259033203125
2003-09-30,65.7014083862305
2003-10-31,69.2182159423828
2003-11-28,69.9741668701172
2003-12-31,73.4947509765625
2004-01-30,74.9477386474609
2004-02-27,75.9648513793945
2004-03-31,74.9586410522461
2004-04-30,73.5403366088867
2004-05-28,74.7995529174805
2004-06-30,76.1835021972656
2004-07-30,73.7289505004883
2004-08-31,73.9085388183594
2004-09-30,74.6503982543945
2004-10-29,75.6122055053711
2004-11-30,78.978271484375
2004-12-31,81.3571929931641
2005-01-31,79.5331115722656
2005-02-28,81.1956481933594
2005-03-31,79.7103500366211
2005-04-29,78.2169723510742
2005-05-31,80.7374572753906
2005-06-30,80.8597946166992
2005-07-29,83.9535903930664
2005-08-31,83.1665496826172
2005-09-30,83.8340454101562
2005-10-31,81.8512573242188
2005-11-30,85.4488372802734
2005-12-30,85.2853317260742
2006-01-31,87.3333969116211
2006-02-28,87.833366394043
2006-03-31,89.2830123901367
2006-04-28,90.4108200073242
2006-05-31,87.6875762939453
2006-06-30,87.9162750244141
2006-07-31,88.3099975585938
2006-08-31,90.2371215820312
2006-09-29,92.673713684082
2006-10-31,95.5944366455078
2006-11-30,97.495361328125
2006-12-29,98.7989654541016
2007-01-31,100.284996032715
2007-02-28,98.3176040649414
2007-03-30,99.4570083618164
2007-04-30,103.862525939941
2007-05-31,107.385536193848
2007-06-29,105.815475463867
2007-07-31,102.502433776855
2007-08-31,103.817779541016
2007-09-28,107.837074279785
2007-10-31,109.300003051758
2007-11-30,105.06657409668
2007-12-31,103.883453369141
2008-01-31,97.6025161743164
2008-02-29,95.0802001953125
2008-03-31,94.2299575805664
2008-04-30,98.72119140625
2008-05-30,100.21354675293
2008-06-30,91.8380889892578
2008-07-31,91.0128555297852
2008-08-29,92.4193496704102
2008-09-30,83.7158889770508
2008-10-31,69.8871688842773
2008-11-28,65.0225448608398
2008-12-31,65.6595153808594
2009-01-30,60.2679405212402
2009-02-27,53.7921943664551
2009-03-31,58.2736740112305
2009-04-30,64.0629501342773
2009-05-29,67.8076629638672
2009-06-30,67.7632141113281
2009-07-31,72.8187637329102
2009-08-31,75.5086517333984
2009-09-30,78.1859664916992
2009-10-30,76.6828460693359
2009-11-30,81.4070281982422
2009-12-31,82.9619674682617
2010-01-29,79.946907043457
2010-02-26,82.4408340454102
2010-03-31,87.4598007202148
2010-04-30,88.8128280639648
2010-05-28,81.7562637329102
2010-06-30,77.5260772705078
2010-07-30,82.8211517333984
2010-08-31,79.095817565918
2010-09-30,86.1792526245117
2010-10-29,89.4714660644531
2010-11-30,89.4714660644531
2010-12-31,95.4528350830078
2011-01-31,97.6769180297852
2011-02-28,101.069915771484
2011-03-31,101.082084655762
2011-04-29,104.009544372559
2011-05-31,102.843147277832
2011-06-30,101.108207702637
2011-07-29,99.085578918457
2011-08-31,93.6382827758789
2011-09-30,87.1378402709961
2011-10-31,96.648681640625
2011-11-30,96.2559356689453
2011-12-30,97.2616653442383
2012-01-31,101.772094726562
2012-02-29,106.189605712891
2012-03-30,109.605033874512
2012-04-30,108.873336791992
2012-05-31,102.334899902344
2012-06-29,106.487731933594
2012-07-31,107.747451782227
2012-08-31,110.446815490723
2012-09-28,113.246726989746
2012-10-31,111.185821533203
2012-11-30,111.815101623535
2012-12-31,112.814102172852
2013-01-31,118.589096069336
2013-02-28,120.102149963379
2013-03-28,124.662612915039
2013-04-30,127.057716369629
2013-05-31,130.057434082031
2013-06-28,128.321838378906
2013-07-31,134.953140258789
2013-08-30,130.905563354492
2013-09-30,135.048294067383
2013-10-31,141.30192565918
2013-11-29,145.489807128906
2013-12-31,149.261856079102
2014-01-31,144.000610351562
2014-02-28,150.554870605469
2014-03-31,151.803848266602
2014-04-30,152.859146118164
2014-05-30,156.406402587891
2014-06-30,159.635406494141
2014-07-31,157.490310668945
2014-08-29,163.705413818359
2014-09-30,161.446868896484
2014-10-31,165.249114990234
2014-11-28,169.788833618164
2014-12-31,169.358184814453
2015-01-30,164.340225219727
2015-02-27,173.57682800293
2015-03-31,170.850769042969
2015-04-30,172.530899047852
2015-05-29,174.748947143555
2015-06-30,171.199447631836
2015-07-31,175.066680908203
2015-08-31,164.396392822266
2015-09-30,160.201629638672
2015-10-30,173.828353881836
2015-11-30,174.463653564453
2015-12-31,171.448532104492
2016-01-29,162.912689208984
2016-02-29,162.778121948242
2016-03-31,173.7275390625
2016-04-29,174.412261962891
2016-05-31,177.379257202148
2016-06-30,177.995834350586
2016-07-29,184.487548828125
2016-08-31,184.708511352539
2016-09-30,184.719207763672
2016-10-31,181.516677856445
2016-11-30,188.203521728516
2016-12-30,192.018737792969
2017-01-31,195.454895019531
2017-02-28,203.13459777832
2017-03-31,203.388442993164
2017-04-28,205.407379150391
2017-05-31,208.306274414062
2017-06-30,209.634185791016
2017-07-31,213.943023681641
2017-08-31,214.567260742188
2017-09-29,218.890670776367
2017-10-31,224.048614501953
2017-11-30,230.896835327148
2017-12-29,233.697219848633
2018-01-31,246.868179321289
2018-02-28,237.891891479492
2018-03-29,231.371139526367
2018-04-30,232.566986083984
2018-05-31,238.220489501953
2018-06-29,239.590393066406
2018-07-31,248.466461181641
2018-08-31,256.3974609375
2018-09-28,257.921875
2018-10-31,240.09831237793
2018-11-30,244.552017211914
2018-12-31,223.019592285156
2019-01-31,240.875747680664
2019-02-28,248.683898925781
2019-03-29,253.18522644043
2019-04-30,263.528442382812
2019-05-31,246.722961425781
2019-06-28,263.891510009766
2019-07-31,267.881439208984
2019-08-30,263.396240234375
2019-09-30,268.521301269531
2019-10-31,274.456909179688
2019-11-29,284.391815185547
2019-12-31,292.654937744141
2020-01-31,292.536712646484
2020-02-28,269.377838134766
2020-03-31,235.740280151367
2020-04-30,265.675445556641
2020-05-29,278.33349609375
2020-06-30,283.269775390625
2020-07-31,299.952026367188
2020-08-31,320.8876953125
2020-09-30,308.872436523438
2020-10-30,301.171264648438
2020-11-30,333.931610107422
2020-12-31,346.303283691406
2021-01-29,342.774261474609
2021-02-26,352.305267333984
2021-03-31,368.299652099609
2021-04-30,387.786651611328
2021-05-28,390.332855224609
2021-06-30,399.087005615234
2021-07-30,408.829711914062
2021-08-31,420.996490478516
2021-09-30,401.375701904297
2021-10-29,429.537658691406
2021-11-30,426.08642578125
2021-12-31,445.792022705078
2022-01-31,422.280242919922
2022-02-28,409.815826416016
2022-03-31,425.221008300781
2022-04-29,387.899719238281
2022-05-31,388.775360107422
2022-06-30,356.716705322266
2022-07-29,389.565887451172
2022-08-31,373.670837402344
2022-09-30,339.126495361328
2022-10-31,366.689208984375
2022-11-30,387.073974609375
2022-12-30,364.767669677734
2023-01-31,387.706878662109
2023-02-28,377.958953857422
2023-03-31,391.972808837891
2023-04-28,398.234497070312
2023-05-31,400.072814941406
2023-06-30,425.997528076172
2023-07-31,439.941741943359
2023-08-31,432.791809082031
2023-09-29,412.262573242188
2023-10-31,403.312957763672
2023-11-30,440.153076171875
2023-12-29,460.248413085938
2024-01-31,467.578582763672
2024-02-29,491.980010986328
2024-03-28,508.068695068359
2024-04-30,487.583587646484
2024-05-31,512.245361328125
2024-06-28,530.317504882812
2024-07-31,536.739135742188
2024-08-30,549.280395507812
2024-09-30,560.817810058594
2024-10-31,555.813354492188
2024-11-29,588.958312988281
2024-12-31,574.787963867188
