"truncation","truncated_expected_prize","truncated_expected_log_prize"
1,0.5,0
2,1,0.173286795139986
3,1.5,0.346573590279973
4,2,0.476538686634962
5,2.5,0.563182084204956
6,3,0.617334207686201
7,3.5,0.649825481774949
8,4,0.668778724993385
9,4.5,0.679609149689634
10,5,0.685701263581274
11,5.5,0.689085771298852
12,6,0.69094725054352
13,6.5,0.691962602858793
14,7,0.6925125853629
15,7.5,0.692808729788188
16,8,0.692967378587449
17,8.5,0.693051991280388
18,9,0.693096941773512
19,9.5,0.693120739093402
20,10,0.69313329879001
21,10.5,0.693139909156646
22,11,0.69314337959913
23,11.5,0.693145197449954
24,12,0.693146147690158
25,12.5,0.693146643467656
26,13,0.693146901685103
27,13.5,0.693147035958175
28,14,0.693147105676886
29,14.5,0.693147141827328
30,15,0.693147160548093
31,15.5,0.693147170231247
32,16,0.69314717523421
33,16.5,0.693147177816385
34,17,0.693147179147819
35,17.5,0.693147179833709
36,18,0.69314718018674
37,18.5,0.6931471803683
38,19,0.693147180461601
39,19.5,0.693147180509512
40,20,0.693147180534098
41,20.5,0.693147180546707
42,21,0.693147180553168
43,21.5,0.693147180556478
44,22,0.693147180558172
45,22.5,0.693147180559039
46,23,0.693147180559482
47,23.5,0.693147180559709
48,24,0.693147180559825
49,24.5,0.693147180559884
50,25,0.693147180559914
51,25.5,0.693147180559929
52,26,0.693147180559937
53,26.5,0.693147180559941
54,27,0.693147180559943
55,27.5,0.693147180559944
56,28,0.693147180559945
57,28.5,0.693147180559945
58,29,0.693147180559945
59,29.5,0.693147180559945
60,30,0.693147180559945
61,30.5,0.693147180559945
62,31,0.693147180559945
63,31.5,0.693147180559945
64,32,0.693147180559945
65,32.5,0.693147180559945
66,33,0.693147180559945
67,33.5,0.693147180559945
68,34,0.693147180559945
69,34.5,0.693147180559945
70,35,0.693147180559945
71,35.5,0.693147180559945
72,36,0.693147180559945
73,36.5,0.693147180559945
74,37,0.693147180559945
75,37.5,0.693147180559945
76,38,0.693147180559945
77,38.5,0.693147180559945
78,39,0.693147180559945
79,39.5,0.693147180559945
80,40,0.693147180559945
81,40.5,0.693147180559945
82,41,0.693147180559945
83,41.5,0.693147180559945
84,42,0.693147180559945
85,42.5,0.693147180559945
86,43,0.693147180559945
87,43.5,0.693147180559945
88,44,0.693147180559945
89,44.5,0.693147180559945
90,45,0.693147180559945
91,45.5,0.693147180559945
92,46,0.693147180559945
93,46.5,0.693147180559945
94,47,0.693147180559945
95,47.5,0.693147180559945
96,48,0.693147180559945
97,48.5,0.693147180559945
98,49,0.693147180559945
99,49.5,0.693147180559945
100,50,0.693147180559945
