"t","SIMULATED_return","conditional_variance"
1,0,0.2
2,-0.244305670363672,0.19
3,-0.0987309208667532,0.183984263028592
4,0.654050848212468,0.176073226462493
5,0.0307221680236476,0.189855029418616
6,0.0549916409496025,0.180916719057158
7,0.713302623281894,0.172976251180159
8,0.201499290645989,0.191118657681185
9,-0.542705209880015,0.184036890119608
10,-0.299675440759794,0.190359648349193
11,-0.192107683838065,0.185813952004002
12,0.518001891099275,0.179077824913083
13,0.154588658458632,0.184586340380896
14,0.168763610609056,0.177322589009009
15,0.0457716040654251,0.171014387921398
16,-0.225110650853189,0.164017701116194
17,0.715099488503137,0.160149671260952
18,0.211045780970159,0.179703068057729
19,-0.82024623412385,0.173959777335222
20,0.313815813364862,0.200203993831417
21,-0.208836633079633,0.195107612684168
22,-0.46272324936117,0.187777488381553
23,-0.094939368770181,0.189705379818366
24,-0.43672794519857,0.181185516023653
25,-0.311470778271419,0.182603529327156
26,-0.264587234827323,0.179193878680291
27,-0.705140311587642,0.17477481105394
28,0.367251357272303,0.192158472899842
29,0.0667985803972445,0.189686303580775
30,-0.484130832457039,0.180940775739852
31,0.538653003077259,0.184565831312644
32,0.186192833971141,0.190616601067587
33,-0.126326553000747,0.183288329531939
34,0.375267399330743,0.175757416478397
35,0.367583526867034,0.175222955880581
36,0.343157947186015,0.174456542753723
37,0.286344167518686,0.172898757314197
38,0.228190228476061,0.169708530696375
39,-0.0251746457456918,0.165341216645336
40,-0.12194014550033,0.158838783120223
41,-0.149161313352123,0.153698374762433
42,-0.268557034642369,0.149440992156236
43,-0.08001521250909,0.148103036983408
44,-0.479538230002647,0.143612854996711
45,0.84212886383251,0.150749415198743
46,0.514106022150018,0.181133524843861
47,-0.484677535054374,0.18623542246002
48,-0.175316249599975,0.189357495863337
49,-0.199059298433258,0.181958535645694
50,0.326975585143765,0.175743912295761
51,-0.0347275117516857,0.173515172730191
52,0.103279407553874,0.166223955460795
53,-0.0114235145264135,0.160134891715949
54,-0.016830568480034,0.154127927378561
55,0.527807460391858,0.148729298042473
56,-0.0896812271092775,0.157785404000491
57,0.592023986048405,0.152408999725233
58,-0.628520296247664,0.164692719755542
59,0.246631722477836,0.17797533591975
60,0.0515476486438686,0.173219162654395
61,0.0879892614770965,0.166030104392991
62,0.151767595965798,0.159814199460456
63,-0.197755020652531,0.154984449673672
64,-0.129669209404821,0.151441357115969
65,-0.390710868155666,0.147137926597756
66,-0.415181657373117,0.150056883062728
67,0.11898554459643,0.15366998518741
68,0.173017604498784,0.149010864659814
69,0.0202255776120003,0.145606532767158
70,0.346392578312567,0.141066333189929
71,0.775135612028191,0.142959090786437
72,-0.201684703552882,0.168704942559509
73,-0.934766518671814,0.163868284285919
74,0.451094613999224,0.201170878078818
75,-0.318136512303056,0.201228107809892
76,-0.304723232996382,0.19616583905192
77,0.448436364712683,0.191192067583117
78,-0.12482274300647,0.192127619484641
79,-0.523193820286434,0.18369389339476
80,0.0788224239230996,0.18901109273458
81,-0.0589954255570885,0.180420632186778
82,0.00239441112915496,0.172552591979933
83,0.156642720418422,0.165297619442172
84,-0.148261559201059,0.159994704590959
85,0.253768467425588,0.1550943086287
86,-0.0861887581056806,0.152804799518807
87,0.127594105830998,0.147895744668116
88,0.416105772461804,0.143920182993445
89,0.167522472149249,0.148185365387902
90,-0.124012585821988,0.144770017782862
91,0.43147166689864,0.141061972076688
92,0.379960565062228,0.146264164835834
93,0.21158193037562,0.148856249902371
94,0.0912845258728998,0.146208970575208
95,-0.236617069082408,0.142004716750879
96,0.51020589165889,0.140603626944848
97,-0.232137361022432,0.149558766844536
98,0.839483692745747,0.147297277879205
99,0.64625338706445,0.177804193610586
100,-0.102984051188756,0.190905946264141
101,-0.438301720405984,0.18234563737769
102,-0.304495612534546,0.183716493545463
103,0.108980691578814,0.179980723093556
104,-0.102481545967343,0.17257649034105
105,-0.141533054911214,0.165843964670138
106,-0.380957942437134,0.160261148484749
107,-0.0180948427092053,0.161491481331571
108,-0.309374559164143,0.155358704365048
109,-0.6558394882605,0.154608464821443
110,-0.157072624835391,0.170653890057389
111,0.373096881762984,0.164822091525284
112,-0.233919367640011,0.165299946531819
113,0.244327439385309,0.161505865406492
114,-0.643787373659088,0.158340073747672
115,-0.0231253396354278,0.173229175497048
116,0.211579870732782,0.165932997014006
117,0.121053912183288,0.16157799939757
118,0.0417592022856088,0.156152901940557
119,-0.248660637680862,0.150624803295278
120,-0.32760915921121,0.148653928602343
121,-0.395524483981168,0.149154923802062
122,0.0458763523557769,0.152061412293285
123,-0.363218447371181,0.14696050304923
124,-0.18926926477825,0.148860834769843
125,-0.0977742060587007,0.145765894022344
126,0.694005984011777,0.14166729438863
127,-0.262066653176448,0.161582780241975
128,0.093818145368836,0.158858448753133
129,0.0305356531788991,0.153412696097842
130,-0.370181179136486,0.148118047793811
131,-0.0276320396322792,0.150157948283774
132,0.550410520295893,0.145180329936108
133,0.17822111456984,0.155809883985117
134,0.0160658742542379,0.151817033870531
135,-0.161793801387098,0.146648236099256
136,-0.777235505150852,0.143292274197695
137,0.465319144826009,0.16916779830128
138,-0.607663335272938,0.173077113798233
139,0.317602279402309,0.184232138870161
140,0.811879789259412,0.180852485377222
141,-0.654904920369596,0.205724676449895
142,0.326610483622404,0.216597231541121
143,-0.120231552563033,0.210271228787612
144,-0.703026036962642,0.199966887220437
145,-0.701803697068568,0.214682478930763
146,-0.764455765226633,0.227840652498642
147,-0.262396872545227,0.24427621809819
148,-0.706031279961184,0.233291202224447
149,0.340422265471576,0.244886090416183
150,1.02064397274247,0.236191847316005
151,-0.674505117220092,0.274658368539182
152,0.416787844545088,0.279940389343068
153,0.400073451427485,0.270631955776788
154,0.169901954890727,0.261571698525964
155,-0.501009827278062,0.246857862387152
156,-0.059092543909321,0.244722618499897
157,-0.134597048944025,0.230424953087191
158,0.263036202718762,0.218288276057694
159,-0.170639899797052,0.20991885064896
160,0.43733377971287,0.200382864354201
161,-0.167478959395814,0.199907619662678
162,0.46045666627193,0.191319317788426
163,-0.460669243039235,0.192788403085296
164,-0.555212975168803,0.194120370350884
165,1.44987698056445,0.200121405705585
166,-0.226494662538075,0.295216428073561
167,0.157316051511984,0.278259776874117
168,0.325629634379048,0.261671216189871
169,-0.242279842949928,0.250805827510176
170,0.252501905637555,0.23866022087415
171,0.176171215534782,0.227982059404265
172,-0.100270132976302,0.216735668322989
173,0.0296033751165835,0.205564806469044
174,-0.015045703158059,0.195052143813054
175,0.916861996428216,0.185558248090925
176,-0.346953386915145,0.219034219306549
177,-0.50600098997273,0.213149630010489
178,0.0175069423055898,0.214636517102109
179,0.139953546727972,0.203188190043343
180,0.192193668925692,0.193848720801095
181,-0.197847580087792,0.186310769039742
182,-0.450675795576219,0.179636875383097
183,0.538639432036434,0.1818286214807
184,-0.151666223859178,0.188152381219857
185,-0.367702701620713,0.180487275270856
186,-0.100021585025726,0.179198811582729
187,-0.081722009922975,0.171779146298009
188,0.450763153295476,0.164935156013501
189,0.0347940248812317,0.168601011430595
190,0.303314741122645,0.161801441495907
191,-0.199854868909685,0.160221288955431
192,0.0847523726111606,0.156196258491234
193,-0.126141952056597,0.150935780875271
194,0.0362191677668741,0.146637792391177
195,-0.337445813552606,0.142039604557745
196,-0.496600284284285,0.14352912795618
197,0.777392848485939,0.151506807278123
198,0.252421470657398,0.176573108594165
199,-0.519091591086208,0.172101627677191
200,-0.258114888239104,0.178364268906292
201,-0.494302559924695,0.173859006792197
202,0.929475021565878,0.178689857150383
203,0.60714820437555,0.214017062221089
204,-0.124659578404979,0.221046803102803
205,0.248756265534884,0.209719123316928
206,-0.186149430317408,0.201841194967378
207,-0.209434766692466,0.193389655991015
208,-0.340329260588911,0.18624383646689
209,-0.254653585548655,0.183410653100851
210,0.697128808286138,0.178312010222405
211,-0.0238447263510809,0.194780237967287
212,0.0513351286721801,0.185330642719296
213,0.102502170028617,0.176929343219156
214,0.507806600816016,0.169761743640269
215,-0.216303367703237,0.175678946467858
216,-0.409762931662325,0.170450409165061
217,0.694556975816188,0.17180065125678
218,-0.191660441794301,0.188741055763848
219,-0.308219230631227,0.181703636434903
220,-0.521998998767361,0.178283227497958
221,-0.551200019347061,0.184079052483868
222,-0.250756276260332,0.190862220301892
223,0.265748225170897,0.1849199337759
224,0.470815117949914,0.179959046357384
225,0.302734121590492,0.183046485486155
226,-0.153996836404665,0.179324234356298
227,0.0248215912431132,0.1725775622018
228,-0.286512359967634,0.165350611551212
229,-0.28949328987509,0.162920017016802
230,0.354763969452129,0.160818333559257
231,-0.407541716976205,0.161029373904403
232,0.789974936752908,0.163230949067758
233,-0.039173188952943,0.188110874195871
234,0.0908633386883993,0.179376513712921
235,-0.306156630745067,0.171851669657509
236,-0.236375494815298,0.169353096819216
237,-0.535317170620246,0.165211455864754
238,-0.0760887237442695,0.173018533936322
239,0.170709574905411,0.166006155236741
240,0.130070959968441,0.160862627661286
241,-0.308308256988474,0.155622287626513
242,-0.310293191272142,0.154812757930225
243,-0.197170133997939,0.154145575364695
244,0.580723696505886,0.150674820915264
245,-0.458418492942591,0.162469339407911
246,-0.073111346545824,0.166729781200707
247,0.761714953606127,0.160324066530324
248,-0.0432311850257413,0.183302143404651
249,-0.568968426429799,0.175065375832122
250,-0.284956728891919,0.18374509176261
251,0.205637202330646,0.179430599453388
252,-0.156497032395732,0.173601872457168
253,-0.229934644804005,0.167466251268885
254,-0.139005170016157,0.163363123186053
255,0.0359709012711773,0.157992932732009
256,0.623742822856485,0.152258334745721
257,-0.036136872791983,0.166485256724398
258,0.432187413664102,0.159902024730717
259,0.254852077416174,0.163251120284129
260,-0.0454805953774666,0.160173487323883
261,-0.602060922592272,0.154259562819289
262,-0.212930776937847,0.166957474262993
263,-0.197490532041997,0.162528702625062
264,0.0187569141940866,0.158225957874867
265,0.507612206069865,0.152420953178885
266,0.917410333239733,0.160062365448552
267,0.685384872836628,0.196138214880449
268,-0.0610191827391103,0.210012014588068
269,-0.783964329611717,0.199196980162368
270,-0.182356939600043,0.220007285651309
271,0.0408476805818979,0.209669259757193
272,0.376752400543939,0.19878576043192
273,0.426133974447069,0.196004302954509
274,0.302557167097741,0.195483380867961
275,-0.609005023674194,0.190512084749275
276,0.379976891535936,0.200005232217368
277,-0.198315567556376,0.197223830900697
278,0.0760879632347432,0.189467901027387
279,0.0317005228201181,0.180810579832109
280,0.177975161975525,0.172779768006252
281,0.0100861704738587,0.167085549119637
282,-0.667785951825376,0.160382080749415
283,0.309539341496398,0.17664077654724
284,0.160916798657888,0.173767429089217
285,-0.108782766411383,0.16768539698481
286,0.0474800641766814,0.161508541799735
287,0.0528510835548925,0.155470405444473
288,0.0856184539360657,0.150063026751672
289,0.62572684832866,0.145423250059225
290,-0.0877453669938194,0.160457629489268
291,0.0661240281066247,0.154796829011785
292,0.451812344865642,0.149535765465259
293,0.414748776200461,0.154788908667383
294,0.455104627090209,0.157910845168633
295,-0.232767438888642,0.162475771731716
296,0.798328433118175,0.158937228588883
297,0.0286821438831383,0.184909920086241
298,0.784211246316047,0.176460061346503
299,-0.603482295034634,0.199563419154282
300,0.00956576827912983,0.207816621259867
301,0.554826271536922,0.197039534330019
302,-0.322039484985289,0.202727190476395
303,-0.334620782718945,0.197639942923235
304,-0.412823161649854,0.193474502042283
305,-0.461966051466225,0.192648199977784
306,-0.19257560287299,0.19405401161537
307,0.143022968230643,0.186502878594928
308,-0.851883343456157,0.178875369207511
309,0.0965088722294484,0.207273093829662
310,0.548910283756481,0.197011482567645
311,0.916626308274335,0.202375459291562
312,0.629624129193455,0.234148102813438
313,0.371170534298804,0.240554619735225
314,-0.834186897896583,0.233387536038285
315,-0.303651984269268,0.254842171465573
316,-0.173886782340787,0.243968180696549
317,0.338191772306642,0.231083193280535
318,-0.0499785818041252,0.223693557695277
319,-0.578771879313884,0.211449094857707
320,0.784760916290516,0.217053029786163
321,0.442883854983886,0.236140211594403
322,0.114443730124471,0.232333495885232
323,0.571025378242467,0.219755014664949
324,-0.633741036242366,0.224083012328302
325,0.318125848250494,0.231756096146349
326,-0.247288734422366,0.223640689297969
327,0.316548484372989,0.214334206276783
328,-0.0277331395242987,0.207910932797046
329,0.281050448489084,0.197158295868735
330,0.584267105603202,0.191391934011658
331,0.00325468972947988,0.199321143144989
332,0.442830434101927,0.189389558480752
333,-0.518374631222003,0.190255542301022
334,-0.318378552898428,0.194665600985647
335,0.662677273295433,0.190267286034367
336,0.170116860616754,0.203197615858044
337,-0.904666844062675,0.194324841585545
338,-0.648188332964045,0.225813462364306
339,-0.0971745936191302,0.234239521877411
340,0.407273265039757,0.221287714771922
341,-0.0475100006040125,0.217452518915537
342,0.28317764696337,0.205820127031853
343,0.428072752032331,0.199247593315653
344,0.744482866738068,0.198485148035715
345,0.0260552710905207,0.21634937017547
346,-0.0235213603295357,0.204748377015503
347,-0.772820190797957,0.19430120203354
348,0.046027772011854,0.214733634195436
349,-0.257882311749981,0.203366198565711
350,-0.431602476411078,0.196354743044815
351,-0.0796546502064129,0.196033303622543
352,0.438600169415096,0.186747216425264
353,-0.863324792201891,0.187691000213285
354,-0.198668045454648,0.216188385033478
355,0.0530081482260253,0.206542996144369
356,-0.395469293020914,0.19602918971885
357,0.147162231755313,0.194246068833088
358,0.177394678324767,0.185904298072539
359,-0.0139726673639872,0.178887311860183
360,-1.01972670101645,0.171008342445828
361,1.19482806328182,0.215899635439539
362,-0.10779489211422,0.275690376935875
363,0.331215062040107,0.258702326180583
364,0.136421791088706,0.248317264428637
365,0.496111272302026,0.234416083239965
366,0.394922567207268,0.233280794641226
367,-0.100120130100405,0.227750906881582
368,0.175543597244869,0.21547701821599
369,-0.42854256498241,0.205470094121074
370,0.387141012462864,0.204105521209052
371,-0.206794519743959,0.201188877264685
372,1.06230368489031,0.193208188208024
373,-0.809370751622217,0.240311825333798
374,-0.236148399994929,0.259034693479494
375,0.409308135427413,0.245919527472553
376,0.249758848688638,0.239704232211651
377,-0.281999240808789,0.228852783115399
378,-0.467471765964817,0.219943683394696
379,0.0675917517956241,0.21887580765394
380,-0.00651288564155841,0.207216659134086
381,-0.79359577740627,0.196497114104646
382,0.0161445241775874,0.218337115590035
383,0.0864484159285812,0.206516436314077
384,0.0774017150865998,0.196238459113498
385,-0.456121540145254,0.186914164477065
386,0.206789397451343,0.188625090998583
387,0.587957617406156,0.181900674643639
388,0.199389044489478,0.190995315172571
389,-0.486959063423472,0.183883583208435
390,-0.188565396920503,0.187351681360105
391,0.147000095606771,0.180394358669884
392,-0.269465860080229,0.173435374208316
393,-0.888893805227003,0.169722429274923
394,0.397673849266024,0.202256796195978
395,-0.370896479182286,0.199938341095883
396,-0.254458329832749,0.196822716899785
397,0.656186661459983,0.19037789729087
398,-0.348682605880444,0.202869154295683
399,0.376954622091736,0.198661216848294
400,-0.55798546914005,0.195899834519281
401,-0.159298564990645,0.201877240255925
402,-0.0323109680128063,0.192958317870736
403,-0.500906803165673,0.183714686016359
404,-0.275138734927423,0.187888598687606
405,-0.0123340996356872,0.182884804991718
406,0.280254570865678,0.174603930993237
407,-0.682677441906968,0.171070669118469
408,-0.151353505832275,0.187266026691054
409,0.320634986497632,0.179684818208335
410,-0.22659258793486,0.176856676115818
411,0.0941927501665432,0.171738218549587
412,0.199949043729696,0.165008010403825
413,0.107303341688315,0.160506190367864
414,0.257213748470602,0.155031271687951
415,-0.0479720388287985,0.152836090139271
416,-0.158965688303244,0.147667546950814
417,-1.00357653175466,0.144164296758618
418,-0.0405233669159946,0.190106159837193
419,0.183150543785944,0.181177651016784
420,0.2238050998251,0.17473709199956
421,-0.228790731317518,0.16976781893499
422,0.723731286929815,0.165408296978331
423,0.123214717220471,0.185056816064552
424,0.0531893608689025,0.177310227785083
425,0.524137875273087,0.169720660412057
426,-0.301828181182624,0.17648461998564
427,-0.187522198350547,0.173391170534877
428,0.982108097146496,0.1678102822251
429,0.00509099277198944,0.209256069726626
430,0.727500776010437,0.198331758664334
431,-0.666948293395915,0.21496145175269
432,-0.090511785309406,0.225706307880607
433,0.174873324408672,0.213545296256541
434,0.135423387236439,0.203719800610374
435,-0.44323901016386,0.194264795239866
436,0.00849727745072163,0.194661356722431
437,-0.463665109863688,0.185198831236392
438,0.308550510600738,0.187428214817998
439,0.46461509025017,0.183445564215797
440,-0.95931388102214,0.185894366898626
441,0.583947320696724,0.223319086324851
442,-0.59263857803554,0.22803690135981
443,0.219420510184103,0.232794235432629
444,0.310870936572081,0.221922079903839
445,-0.0925906230788192,0.214561908873715
446,-0.291041765062287,0.20353436916045
447,0.0734546799638003,0.197416197694933
448,0.190239095763866,0.187944357425869
449,0.375751109446909,0.180959467361135
450,-0.870546495542953,0.17992296543755
451,-0.749567506263393,0.209823228938901
452,0.6814084223496,0.226933478367307
453,0.510016558815624,0.237456002433025
454,0.211783282130495,0.236716246703029
455,0.339455368310536,0.225287229962225
456,0.428743717839725,0.218520004319744
457,-1.23628163534638,0.215859062667121
458,0.588229762517147,0.280692770495146
459,-0.256596577463825,0.27992420612118
460,0.118767416041389,0.265223875687369
461,-0.147403700892152,0.24940677307429
462,0.423197290372388,0.235552488318696
463,-0.167467040633969,0.230952036815753
464,0.242789959267204,0.219259093619113
465,-0.179153892050387,0.21028053247325
466,-0.489755584857748,0.200857285077765
467,0.544860334102615,0.202764583214956
468,0.337359172575734,0.207331764077381
469,0.775513942704701,0.202289148235692
470,0.0307075763133823,0.222131327178593
471,0.515498480542974,0.209965342222885
472,0.910099681761325,0.212255742172703
473,-0.138597928869542,0.242444239492536
474,-0.633305810465778,0.229160284837629
475,-0.116349993003859,0.236298068832351
476,-0.101154614636832,0.223345127992716
477,0.0697602086168455,0.211522227996561
478,0.766939334044531,0.200613329532218
479,-0.15296176154986,0.21996179368423
480,0.170580000250423,0.209135479340629
481,-0.101741104816884,0.199676808230837
482,0.00891957341744699,0.190226690028222
483,0.133689739681489,0.181207998964897
484,0.554011781994185,0.173980846393213
485,0.0517461228956472,0.18192921448331
486,0.297239157719096,0.173870176096715
487,0.32198182371074,0.170900714331122
488,0.376053331189119,0.168994257638014
489,-0.236247045954571,0.169165637269135
490,0.660921783513952,0.165039706878334
491,-0.161795254242557,0.180376616386664
492,-0.0440813986713654,0.173647839962768
493,0.572708325492568,0.166380214451933
494,0.543117525240787,0.176141934311164
495,-0.466634385038207,0.183276573191232
496,-0.376369858875797,0.185836298337108
497,-0.583081690753514,0.184335382036906
498,0.0798682013506051,0.192901056737815
499,0.0706953838635851,0.183929897543382
500,0.152662133418667,0.175786799654025
501,0.227240509659778,0.169373406037619
502,-0.244503348893065,0.165017977895379
503,-0.399344795821928,0.161505274486838
504,0.414964176702634,0.163328560335657
505,0.305641781150035,0.165605467699416
506,-0.610636020457539,0.163715765848703
507,-0.0399152352805013,0.175988006737843
508,-0.367741418076096,0.168468867364434
509,-0.849723985917342,0.168383668156421
510,0.0667396426896425,0.197646843952942
511,-0.0343549564885251,0.188104868552965
512,-0.0412360164009669,0.179353394849435
513,0.0895151004896921,0.171503075816922
514,0.35819109476811,0.164753415896014
515,0.083436401241246,0.164693117324972
516,-0.24547144575019,0.158571887245079
517,-0.289968869462334,0.155727510054505
518,-0.0517833794412969,0.154358856311918
519,0.119691069183268,0.149057046600044
520,-0.395717748031989,0.144867639542152
521,-0.0709554442409028,0.148210502393312
522,0.366594528835878,0.143641185907352
523,-0.0413732893553871,0.145996644745237
524,-0.262705127239532,0.141482567724317
525,-0.103538293457717,0.140785010145782
526,0.412935568177764,0.137242518041811
527,0.207304596930154,0.142044055410945
528,0.462702559918562,0.139988409665269
529,0.0532754329303433,0.146694251646501
530,0.154694245571774,0.142166740069547
531,-0.208317589464278,0.139146581543243
532,0.224397225123515,0.137401734292929
533,-0.186849609154515,0.136179266595793
534,-0.520607660723591,0.134306978758274
535,0.0486420250352991,0.144427897702651
536,0.728339701454722,0.140103410262362
537,0.322975105519976,0.162617005271884
538,0.468383961269994,0.161570950683977
539,0.146377523220695,0.166383032374328
540,-0.244042846729643,0.160816048102107
541,-0.0803159240163164,0.157712288843891
542,-0.10662405561114,0.152263592342032
543,-0.18007203231863,0.147605667569577
544,0.267645080632849,0.144466397653788
545,-0.453738292231341,0.143601452347757
546,0.335021922628642,0.149535229004832
547,0.334900833336484,0.150193690536438
548,-0.465433334532733,0.150782249891268
549,0.253012189989881,0.156535434346854
550,0.95394568537418,0.154082649326343
551,-0.245538633626125,0.194175002925909
552,0.366119503113908,0.187771963663467
553,-0.33707086234938,0.185696941825139
554,0.474896465439572,0.182808085954873
555,0.107686802805608,0.185803610003736
556,0.696558231903473,0.177803071378287
557,-0.643077545056628,0.194282432762083
558,-0.0232562023801312,0.205531625933678
559,-0.232687142428067,0.195005505887767
560,-0.0855802483739328,0.188212120611557
561,-0.26692736021086,0.179757107495989
562,-0.349164377714341,0.175343907527847
563,0.241338544116812,0.173905304908294
564,-0.447664642418714,0.169426989061286
565,0.616372326496981,0.172504471758751
566,-0.509171168685119,0.184249766826441
567,0.0439185777015227,0.188787554094806
568,0.226131495283098,0.180005240758691
569,0.245141289290382,0.174561489340771
570,-0.124453600979191,0.170110052992441
571,0.0321834331498162,0.163873482633031
572,0.381535808520163,0.157537923038194
573,-0.580877263038795,0.159062609393531
574,-0.322345389409348,0.17002726818995
575,0.131411777431509,0.168219868874628
576,-0.179165631341619,0.162261334749551
577,0.543945446954012,0.157640217447298
578,0.274857510520617,0.166670028165668
579,0.029205730266739,0.163780357903581
580,-0.598268092673536,0.157444970847243
581,0.0107486263843855,0.169596709298081
582,-0.12760735192186,0.16264281501673
583,-0.0405778713402314,0.157192715328283
584,-0.459982952545173,0.151555771977579
585,0.197571444950968,0.15697941061143
586,-0.406699619112799,0.153233193343288
587,-0.0894020864626157,0.156180103018284
588,0.148198405326192,0.150961729369649
589,-0.300367391899979,0.146963694799745
590,0.223353703913233,0.146778353825611
591,-0.500611389141195,0.144594862295638
592,-1.09784899062428,0.152665964212968
593,0.211886167517349,0.207662988102408
594,0.375093171414841,0.199141476691427
595,-0.126633740376563,0.196262073384386
596,0.218256786091844,0.187437671256036
597,-0.491877056325499,0.181075705364189
598,-0.0546983326629557,0.185065286754742
599,-0.816150113781958,0.176708353459073
600,0.53132474425084,0.202342568524481
601,0.844619928166259,0.206223610864694
602,0.516498727984747,0.231270390931003
603,-0.0131573272059225,0.231481898638396
604,-0.0155743086817385,0.218342364537517
605,-0.688969347689018,0.206520256038311
606,0.370388241324293,0.219602168537231
607,-0.0976000346443864,0.214501324149073
608,-0.296283134707812,0.203527480072295
609,-0.627619521877517,0.19756391686068
610,-0.13654924967782,0.2075028383867
611,-0.377507551982955,0.197684839427409
612,-0.175342789537727,0.195041953074876
613,-0.526638404647249,0.187075012459532
614,0.73991689069453,0.192234911676049
615,-0.0073400030418403,0.210385270765197
616,0.479947553725116,0.19934943747091
617,-1.16622323563942,0.200931976440155
618,-0.23057154375904,0.258842610563404
619,-0.334767082409073,0.245616511346635
620,-0.594923496470568,0.236658310185205
621,0.758767739638435,0.240689177499323
622,-0.715252011398003,0.255406683885192
623,0.164039064530481,0.265445287487117
624,0.423426483676496,0.250246199473007
625,0.0880530163108123,0.244186078879639
626,-0.419899322881926,0.230155137675746
627,0.447380962025836,0.225955395976007
628,0.0806229202285407,0.223367342637564
629,-0.488926447661021,0.211355611137117
630,-0.639365742627779,0.212172503584526
631,0.981854728181392,0.221394680868372
632,-0.344274092713296,0.257457148144143
633,-0.923391942259424,0.247637665875407
634,0.279900993732405,0.275506533239348
635,0.158755800727018,0.261873108230032
636,-0.672769808873563,0.246945967620253
637,-0.980918496606641,0.254882331644816
638,-0.0623607279029895,0.287504153329586
639,0.590893356730108,0.268948181015857
640,0.330240354827577,0.26951111086566
641,-0.250387434503725,0.258012934376926
642,-0.413193846827564,0.245346334307102
643,0.132614589384488,0.239348158629199
644,0.0748533485229988,0.22629267423216
645,0.291267079883677,0.2139435579982
646,-0.179986274083624,0.206791027789578
647,0.399916038920844,0.197731677953545
648,-0.367773859088252,0.195955152067498
649,-0.145260205817093,0.193122517432181
650,0.318520345953578,0.184865292058664
651,0.421699464002873,0.181451523392117
652,-0.827443852558629,0.182197892949921
653,0.0489111683148343,0.208211270111782
654,0.27055399428796,0.1975097582199
655,-0.634756372142412,0.191418755589169
656,0.216240215643899,0.202422662629022
657,-0.365259957798752,0.194518387909205
658,0.446746520964902,0.191737290956842
659,0.236284224984986,0.19254268456087
660,0.331745955631275,0.186079927853621
661,0.0516383480620691,0.182974704022144
662,0.361094456698179,0.174810559569459
663,0.575608283083278,0.173848963945421
664,0.841201053082361,0.183030312328582
665,-0.0130156018374641,0.210108241681068
666,-1.00355544717182,0.199105887807521
667,0.0154300864712235,0.23955147580418
668,0.0976379458131112,0.225608232602188
669,-0.0717830103250016,0.213524067765099
670,0.255685233866508,0.202429301017155
671,0.446823823295225,0.195455117856308
672,-0.229257515354893,0.195892182523885
673,-0.127832015880323,0.188930914688832
674,0.169190497179813,0.18085487443415
675,-0.22964882175716,0.174200658207533
676,0.0375659833757928,0.169417521453502
677,-0.790902335212365,0.162546329463501
678,-0.485018758427,0.18756802170937
679,-0.579627815799108,0.190573379339736
680,-0.380140074360591,0.198314461648165
681,-0.306710541262953,0.195708339290092
682,0.167011380153969,0.190841073167174
683,0.420307196775889,0.183151605905503
684,-0.311732304340333,0.183669352298033
685,-0.423112376130238,0.180161268546696
686,-0.443295030722732,0.181096345833756
687,-0.177263825742335,0.182812235463553
688,-0.100307412852958,0.176102135113039
689,0.198810339253188,0.168995000455397
690,-0.13015511644729,0.164071777959556
691,-0.82751968959767,0.158511617880471
692,-0.0395287936237574,0.186899897926015
693,0.501279750704836,0.178288034409681
694,0.509781590735956,0.183023300392048
695,-0.341826755880902,0.187714833865507
696,-0.665338040295853,0.18478562703076
697,1.09498469968364,0.19844079972092
698,-0.080974513307067,0.248546294375892
699,-0.0471425907855736,0.234019508528568
700,0.197593201431224,0.22072867886901
701,-0.740715687752353,0.210607964644701
702,-0.346941311671542,0.226980154684353
703,-0.723024908107064,0.220300552903136
704,-0.335567144327877,0.234408748499984
705,0.056575093924625,0.226598139067604
706,-0.631461495701097,0.214098362223473
707,0.278372876879467,0.222625707028779
708,0.133925255092565,0.214237709255008
709,-0.408111356082028,0.203710737027088
710,0.101636634524027,0.201667407272535
711,0.32780739576568,0.19201716681915
712,0.460310330010437,0.188188334573169
713,-0.0927695702948613,0.189963781111568
714,-0.0398806693160001,0.181397712659046
715,-0.0361024035408104,0.173337464782396
716,0.58741801663453,0.166068887481227
717,0.472951901906523,0.176714995046447
718,0.354230413611842,0.180227670617652
719,-0.121392174622872,0.178478862852268
720,0.154509232165955,0.171367779570024
721,0.164027977932089,0.165424656754248
722,-0.416965373219017,0.160227449956047
723,-0.69755387490502,0.162897711083626
724,0.273013257321526,0.180937010395014
725,-0.642620072598585,0.176570121289178
726,0.000733054719319836,0.189561137045591
727,0.106349450508959,0.180605050209493
728,0.234605466262483,0.173110055469722
729,0.0777688803681773,0.168551036162761
730,-0.294966449019057,0.161998332484171
731,0.394729715507939,0.1601487595381
732,0.699623421527483,0.161924460999539
733,0.374066020950391,0.180205661497076
734,-0.822743924803438,0.179181364748851
735,0.633852906632754,0.205108606564014
736,-0.0259730991585826,0.214686221269952
737,0.236649223810307,0.203251329236952
738,0.275193534751939,0.195726339069758
739,-0.0421378582927766,0.189940279241246
740,-0.0320231446134109,0.181035031272196
741,0.423879667872621,0.172982802234523
742,0.297402120514244,0.174668220652861
743,0.410240920696315,0.171623799651893
744,0.99078269470684,0.172876300337392
745,0.307841291759613,0.21467118771018
746,0.094567258966421,0.207942381984774
747,-0.982663821422432,0.197595292109717
748,1.30795469321973,0.236117172195372
749,-0.267893345313967,0.308042728951612
750,1.28065547970792,0.290826798279626
751,0.222825711968827,0.35374804133696
752,0.884906069560006,0.330855802098985
753,-0.0646195802912818,0.346923159486293
754,0.290432365482591,0.322439628045515
755,0.118048436094294,0.304413213186954
756,-0.0993034888672077,0.284668663531474
757,-0.0621743897044285,0.266694856323387
758,0.506638579219699,0.250218653427804
759,-0.100331602195362,0.248030920582711
760,-0.985132875574653,0.233731150044395
761,-0.101576154688621,0.268882374166854
762,0.271246805508822,0.252510022510235
763,0.302589824786042,0.240937761734149
764,0.296608223964151,0.231422015663936
765,-0.798483032649636,0.222678636023701
766,0.181505587530381,0.242289530092799
767,0.463874019921952,0.229707790998757
768,0.608883827205302,0.227495967216808
769,-0.108654977265005,0.233283346246736
770,-0.151168005962312,0.220545306826286
771,0.681217505611876,0.209633364444988
772,-0.78565057716324,0.221872892498093
773,-0.214246264707731,0.24054794471813
774,0.218812401493649,0.228788223343378
775,-0.755871521371802,0.218303344361411
776,0.135566199896923,0.235040097766316
777,0.885697104150553,0.222454997717409
778,-0.00202802084972099,0.249432465960702
779,-0.134838878195179,0.23448942500806
780,0.223738140743176,0.221949558660901
781,-0.128572501758706,0.212257540575971
782,0.36544978168379,0.201858330928799
783,0.402804095332678,0.198350174982555
784,0.00119355590200519,0.196627714445139
785,-0.508795231626069,0.186965014229409
786,-0.576429063303444,0.19121214219274
787,-0.26433615104861,0.19870445122451
788,0.349692658215996,0.192327686139619
789,-0.85178360928922,0.189209165286165
790,-0.877830581788395,0.216565014610237
791,-0.322571175648768,0.243437839665361
792,0.190903673492481,0.234296663866797
793,-0.431111429110975,0.222689208107763
794,0.415650915548099,0.219713140512492
795,0.155072627476566,0.216380110641042
796,-0.0774381455398284,0.205944475566562
797,0.362186726095163,0.195649861329138
798,0.170458171346761,0.192643836424201
799,-0.191716929272114,0.184832252190725
800,0.0975586471917695,0.178186796020129
801,0.26763850721017,0.17084400090021
802,0.145746070926845,0.167341119337274
803,-0.26457338008585,0.161669103263077
804,0.341012505640605,0.159002146609272
805,0.459610197186994,0.158916408398509
806,0.111741649424178,0.163586844226571
807,0.057253721737414,0.157852469614716
808,-0.0295064917376502,0.152231122085884
809,0.828844618268525,0.147051541530029
810,0.116149705558158,0.17669555743866
811,-0.0652087903172212,0.169700539399857
812,-1.01235137846746,0.162943094776603
813,-0.713692192124001,0.207891550973191
814,-0.03664415670629,0.22257022313081
815,0.0946213779090159,0.210380340528765
816,0.123756094354177,0.199789966733759
817,0.35862958111081,0.190576748604873
818,-0.0841712459401909,0.187949832566771
819,0.514603211084975,0.17950908924225
820,-0.396143662908913,0.184799003560974
821,-0.518597379725227,0.184165593288021
822,-0.534568296458354,0.189196196072112
823,0.327423455918719,0.19456473964382
824,-0.0361885059810685,0.190468571653726
825,0.336472812378305,0.181487194886611
826,-0.113262019557814,0.178999173071438
827,-0.245289592395762,0.17174067001801
828,-0.150788514391238,0.167574952223093
829,-0.745558741475829,0.161954315804399
830,-0.501097598769841,0.18355177607351
831,-0.6248380196273,0.187751538640804
832,0.469732830615329,0.198497512315312
833,-0.266920483811912,0.199680207691676
834,0.347070214661409,0.193274514156427
835,0.660970652114984,0.18996994943604
836,-0.0863661987973665,0.202817064640302
837,0.124683388445949,0.192908314191007
838,-0.751929638881612,0.184394780139624
839,-0.369967380793721,0.204225211217093
840,0.0251806436755271,0.200646483237952
841,0.130579279388671,0.190613538154953
842,-0.324330331657525,0.182404731749741
843,1.13726446069832,0.179423766776421
844,-0.22275587204424,0.23614991277715
845,0.0304744733590582,0.225015930425945
846,0.299582079339022,0.212560772059676
847,-0.0118031771130486,0.205792165966763
848,-0.284351869417162,0.195219915119585
849,0.455327183643809,0.189740722889678
850,0.706296004172043,0.19113279280896
851,-0.0135087079776965,0.206962215803534
852,0.249101008597497,0.196275118482742
853,-0.0424331987969303,0.189750172258682
854,0.432280591079941,0.180865183850821
855,-0.49340314350698,0.18212199093696
856,1.00115498426151,0.186082124944393
857,-0.287922662722817,0.227589477575537
858,-0.682665934051404,0.218975502803453
859,-0.168433096739565,0.230379591398821
860,0.0686181972407577,0.218760117662803
861,0.738916288352924,0.207119528746151
862,0.430981409441962,0.223707439931199
863,0.0669136133817863,0.220623944702309
864,-0.634897310107044,0.208785421814868
865,-0.404414228389822,0.218061609352439
866,-0.0756122066900703,0.214432991823402
867,1.15105965628447,0.203275552931089
868,-0.947063971965716,0.259194914254267
869,0.607116098300294,0.288121931178614
870,-0.282815471474174,0.287739235901521
871,0.870413749510029,0.272964541856627
872,-0.617220854222791,0.29354909243777
873,0.0777746354828323,0.293242262338368
874,-0.575791565504046,0.274220480800756
875,0.472406247682521,0.27337522906596
876,0.766980658182058,0.267196089301838
877,1.03202073397672,0.279889446872924
878,0.447761559287574,0.315153841953523
879,1.015743369583,0.303662978456953
880,0.721294445422619,0.334883410253849
881,-0.0766019979731895,0.33740835307834
882,0.267294530685452,0.31396091107518
883,-0.528944512835203,0.29613713827438
884,-0.0998225157395365,0.290512539329866
885,0.636729368871152,0.271959512129308
886,0.283869746330845,0.27503477537553
887,0.233906150377974,0.261560399482074
888,-0.517130953544822,0.248139963893098
889,-0.300253383720962,0.246697188659497
890,-0.371865153789939,0.236535074515342
891,0.189493045031103,0.229795751693969
892,-0.463120904161127,0.21861155723033
893,0.262103258352671,0.217474450100848
894,-0.510584366134541,0.209161910992717
895,0.840488832873041,0.211280539640496
896,0.223504798483853,0.235473559585661
897,-0.332089260502106,0.22442392337436
898,0.112415226512602,0.217495694883966
899,-0.160115413210641,0.206377984553163
900,0.164742053823216,0.197022033375228
901,0.105783175392204,0.1886768272526
902,-0.430692568137059,0.180368648537142
903,-0.337220977153449,0.181606588095853
904,0.126799935942766,0.179131828657884
905,0.679806647933868,0.17202255697985
906,0.470187609637335,0.187927155210619
907,-0.272377490796545,0.190188259102381
908,0.355126590955501,0.184878908066774
909,-0.020759591309319,0.18269676204028
910,0.125849818988191,0.174448633867819
911,0.106651541352651,0.167795679328005
912,1.03526942471609,0.161584838958849
913,-0.54189285551805,0.209015494150564
914,0.0465541830806284,0.212796338078583
915,-0.799257509158534,0.20162506886884
916,0.278789173491089,0.223403190279271
917,0.508416168015358,0.214949041414136
918,0.672471491987402,0.216378487267693
919,-0.917936093689646,0.227351533917712
920,0.20915104721641,0.256746714130851
921,0.785871076499995,0.243259250745352
922,-0.21103156250373,0.25981299311478
923,-0.105235733346691,0.24605840982194
924,-0.017598895497975,0.232006296818397
925,0.170749651696525,0.218821153192695
926,0.303648805453789,0.20839681005115
927,0.59253198272622,0.20216725889871
928,-0.0437063339540874,0.209505240536512
929,0.0874815077040474,0.198650228664247
930,1.08211564713884,0.189167856507331
931,0.210665737634037,0.238799784545733
932,0.0899579989616708,0.227138808741804
933,-0.62212577903311,0.214829549946483
934,0.00134779613552708,0.222698619198713
935,-0.10152789328304,0.210428848106563
936,-0.00493862693530143,0.199901358951631
937,-0.250760935975219,0.189912442558268
938,-0.294663326528952,0.184065250653
939,-0.305798395608204,0.180000049387755
940,-0.0901622666568014,0.176675677386807
941,0.563123416816127,0.169414571364561
942,0.443018380699731,0.178328513356438
943,-0.152855509261003,0.180308926302685
944,-0.7021316282951,0.173446274007989
945,-0.368872320303535,0.190751087779806
946,-0.198733095708026,0.188479318436131
947,0.0441656159375617,0.181606128759003
948,-0.276032239016225,0.17354304596466
949,0.827371826942752,0.169998431217009
950,-0.120914314004779,0.197225795096238
951,-0.526681569501565,0.188234229153176
952,-0.0621038611674662,0.19328048002049
953,-0.431429153140612,0.184145276497037
954,0.0671718807692539,0.185037304556314
955,0.0982259669528639,0.176759177178987
956,0.146425122333951,0.169565676490279
957,-0.656163694115909,0.163681124663777
958,0.0933377981683441,0.178840551871191
959,0.128524868788549,0.171392093912418
960,-0.577394834809091,0.165078816616032
961,0.39993227749995,0.175240174717639
962,0.328710223391327,0.17571344857519
963,0.957991242920888,0.17354462426577
964,0.0721646645163188,0.212077522914848
965,0.0209588360485296,0.201130157563601
966,0.042215756143702,0.191039105447667
967,0.0297652784616396,0.182024303406239
968,-0.77076254904488,0.17386617165571
969,-0.740185356386268,0.196183299840647
970,-0.0358661675302011,0.213958687947016
971,-0.261562392697686,0.20262713825098
972,0.0242196084410325,0.195785168689569
973,-0.911093389249466,0.186235981292264
974,-0.70153958256291,0.219116941359741
975,-0.530330974681733,0.231813136518894
976,0.475658756481444,0.232694370002349
977,-0.527661244980288,0.230737495632987
978,-0.384752386488392,0.231585065542396
979,0.0379571512482638,0.225828278933582
980,-0.149064623015107,0.213317488306768
981,0.0659847421230556,0.203096752567823
982,1.01266695053063,0.193004776620693
983,-0.545147516435065,0.234979016593474
984,-0.14850362031221,0.236340405667893
985,-0.244470933540058,0.223809031363395
986,0.70031654384418,0.214416430094353
987,-0.367018456296119,0.227496950164011
988,-0.0386316687209387,0.221482382510709
989,0.360201806444487,0.209408764551046
990,-0.479244823056627,0.204955155164235
991,0.751135161086298,0.205943419669141
992,0.319514361749544,0.223559279213233
993,-0.49960172948638,0.216307822660121
994,0.211833812512269,0.217157134799398
995,-0.0972093566372498,0.207685099525632
996,0.1391628136976,0.19738907252396
997,-0.0390764341700977,0.188618479707376
998,0.453970725657469,0.179832980122011
999,-0.576643175725839,0.182154153097508
1000,-0.228141556883839,0.190564605393317
