"return_pct","density"
-9.67280253210076,1.52746831316344e-05
-9.64271663748652,2.55894339931224e-05
-9.61263074287229,4.15042752080826e-05
-9.58254484825806,6.61373695700811e-05
-9.55245895364383,0.000101858958624253
-9.5223730590296,0.000151396947021558
-9.49228716441537,0.000217292829050482
-9.46220126980114,0.000301320938802055
-9.4321153751869,0.000403929516831485
-9.40202948057267,0.000523711630774616
-9.37194358595844,0.000657018711144727
-9.34185769134421,0.000797831087962222
-9.31177179672998,0.000937977015678346
-9.28168590211575,0.00106774398051897
-9.25160000750152,0.00117685771687247
-9.22151411288729,0.00125493389712634
-9.19142821827306,0.00129194697655445
-9.16134232365883,0.00128700371567216
-9.13125642904459,0.0012409371774767
-9.10117053443036,0.00115832254372052
-9.07108463981613,0.00104674395041685
-9.0409987452019,0.000915692420503529
-9.01091285058767,0.0007753033056007
-8.98082695597344,0.00063514696294202
-8.95074106135921,0.000503252638357772
-8.92065516674498,0.000385483868358563
-8.89056927213074,0.000285308130195767
-8.86048337751651,0.000203929208561128
-8.83039748290228,0.000141505626372499
-8.80031158828805,9.5496641070095e-05
-8.77022569367382,6.24148060367214e-05
-8.74013979905959,3.948288506185e-05
-8.71005390444536,2.4157805093653e-05
-8.67996800983113,1.42864339945464e-05
-8.6498821152169,8.16013273915609e-06
-8.61979622060266,4.49859623491697e-06
-8.58971032598843,2.39210969732829e-06
-8.5596244313742,1.2261716528017e-06
-8.52953853675997,6.05558718016789e-07
-8.49945264214574,2.88000064326876e-07
-8.46936674753151,1.31851186763513e-07
-8.43928085291728,6.11194969498376e-08
-8.40919495830305,2.75019327663619e-08
-8.37910906368881,1.19199852918531e-08
-8.34902316907458,4.97217000695222e-09
-8.31893727446035,1.99471873278139e-09
-8.28885137984612,7.69232701804334e-10
-8.25876548523189,2.85039301479901e-10
-8.22867959061766,1.01460802764778e-10
-8.19859369600343,3.46856581734437e-11
-8.1685078013892,1.13867765480663e-11
-8.13842190677497,3.58933415529851e-12
-8.10833601216073,1.08635593108831e-12
-8.0782501175465,3.25693980610176e-13
-8.04816422293227,1.0422363798928e-13
-8.01807832831804,3.16161097870499e-14
-7.98799243370381,9.1322620485945e-15
-7.95790653908958,2.54555633929565e-15
-7.92782064447535,7.18316580108347e-16
-7.89773474986112,2.30182382038347e-16
-7.86764885524688,1.00984062825544e-16
-7.83756296063265,6.45604233212936e-17
-7.80747706601842,5.76136405809328e-17
-7.77739117140419,8.07332237345596e-17
-7.74730527678996,8.29885138126225e-17
-7.71721938217573,5.65509908601913e-17
-7.6871334875615,7.40977642786077e-17
-7.65704759294727,4.37002357521921e-17
-7.62696169833303,2.89384998950457e-17
-7.5968758037188,4.25485984025948e-17
-7.56678990910457,5.085926556345e-17
-7.53670401449034,5.23784164875714e-17
-7.50661811987611,5.13529922566803e-17
-7.47653222526188,5.72785779332337e-17
-7.44644633064765,6.50611129943528e-17
-7.41636043603342,5.65927538430055e-17
-7.38627454141919,4.79462544725131e-17
-7.35618864680495,4.05494383231029e-17
-7.32610275219072,6.27372728133354e-17
-7.29601685757649,6.62948846259179e-17
-7.26593096296226,6.07867094595076e-17
-7.23584506834803,5.38485781275098e-17
-7.2057591737338,3.39630675615522e-17
-7.17567327911957,3.29028707230933e-17
-7.14558738450534,4.59501182853048e-17
-7.1155014898911,1.28924051816295e-16
-7.08541559527687,5.10426505741515e-16
-7.05532970066264,1.95109289675246e-15
-7.02524380604841,7.09091567140766e-15
-6.99515791143418,2.45739017079178e-14
-6.96507201681995,8.07039892922141e-14
-6.93498612220572,2.58517336858563e-13
-6.90490022759149,8.93623625024747e-13
-6.87481433297725,2.96561129151392e-12
-6.84472843836302,9.44875541965406e-12
-6.81464254374879,2.8902995373551e-11
-6.78455664913456,8.4888764692812e-11
-6.75447075452033,2.39415428824563e-10
-6.7243848599061,6.48534859317971e-10
-6.69429896529187,1.68778045532514e-09
-6.66421307067764,4.22152969285001e-09
-6.6341271760634,1.01536996236038e-08
-6.60404128144917,2.35007262018206e-08
-6.57395538683494,5.2387654147165e-08
-6.54386949222071,1.16204475953494e-07
-6.51378359760648,2.55109352228384e-07
-6.48369770299225,5.39109116258492e-07
-6.45361180837802,1.09711927714429e-06
-6.42352591376379,2.15112861972211e-06
-6.39344001914956,4.06585306717898e-06
-6.36335412453532,7.4126761402601e-06
-6.33326822992109,1.30444677378956e-05
-6.30318233530686,2.21724878372015e-05
-6.27309644069263,3.64298840123741e-05
-6.2430105460784,5.78992277377159e-05
-6.21292465146417,8.90755637371325e-05
-6.18283875684994,0.000132733536904781
-6.15275286223571,0.000193118234782388
-6.12266696762148,0.000271606488319158
-6.09258107300724,0.000368910313320844
-6.06249517839301,0.000484168208352414
-6.03240928377878,0.00061430837369369
-6.00232338916455,0.000753859001753461
-5.97223749455032,0.000895107050693112
-5.94215159993609,0.00102865088623111
-5.91206570532186,0.00114432101650306
-5.88197981070763,0.00123236641780066
-5.8518939160934,0.00128473648235864
-5.82180802147916,0.00129624537725052
-5.79172212686493,0.00126468752514105
-5.7616362322507,0.0011911897757896
-5.73155033763647,0.00108608224708661
-5.70146444302224,0.000958724397906994
-5.67137854840801,0.000819391648592451
-5.64129265379378,0.000678014237540596
-5.61120675917955,0.000543153579410897
-5.58112086456531,0.000421339344036172
-5.55103496995108,0.000316811293201089
-5.52094907533685,0.000231637684825848
-5.49086318072262,0.000166127160889997
-5.46077728610839,0.000119419242656565
-5.43069139149416,9.01310271969943e-05
-5.40060549687993,7.77071524251088e-05
-5.3705196022657,8.13247947222224e-05
-5.34043370765146,0.000100526574906416
-5.31034781303723,0.000136266138447056
-5.280261918423,0.000189872746410473
-5.25017602380877,0.000262558401984298
-5.22009012919454,0.00035481357456928
-5.19000423458031,0.000465779460459622
-5.15991833996608,0.000592706516048199
-5.12983244535185,0.000730618028838092
-5.09974655073761,0.000872287424658774
-5.06966065612338,0.00100860481935348
-5.03957476150915,0.00112935118734244
-5.00948886689492,0.0012214658813673
-4.97940297228069,0.00127750557728466
-4.94931707766646,0.00129290263948601
-4.91923118305223,0.00126649688307652
-4.889145288438,0.00120099999585917
-4.85905939382376,0.00110254151898528
-4.82897349920953,0.000979757642252916
-4.7988876045953,0.000842600013448019
-4.76880170998107,0.000701075616469409
-4.73871581536684,0.000564121238311182
-4.70862992075261,0.000438772383223889
-4.67854402613838,0.000329717334507901
-4.64845813152415,0.000239571843091227
-4.61837223690992,0.000169405855129273
-4.58828634229568,0.000116036632577029
-4.55820044768145,7.69535352322661e-05
-4.52811455306722,4.93850767669521e-05
-4.49802865845299,3.06553441770384e-05
-4.46794276383876,1.84091908814365e-05
-4.43785686922453,1.07235227715367e-05
-4.4077709746103,6.13320597142639e-06
-4.37768507999607,3.60362825278894e-06
-4.34759918538183,2.47993475940207e-06
-4.3175132907676,2.43762418101843e-06
-4.28742739615337,3.45251267790053e-06
-4.25734150153914,5.90507062672439e-06
-4.22725560692491,1.05912296700846e-05
-4.19716971231068,1.86674981295047e-05
-4.16708381769645,3.19266660981452e-05
-4.13699792308222,5.28367944442182e-05
-4.10691202846799,8.45993373777776e-05
-4.07682613385375,0.000131124294842125
-4.04674023923952,0.000196882327309314
-4.01665434462529,0.000286602553631496
-3.98656845001106,0.000404803692929127
-3.95648255539683,0.00055517485298316
-3.9263966607826,0.000739858260954528
-3.89631076616837,0.000958725183288222
-3.86622487155414,0.0012106026105769
-3.8361389769399,0.00148586492085983
-3.80605308232567,0.00177404539717489
-3.77596718771144,0.00206323267511186
-3.74588129309721,0.00234094200121656
-3.71579539848298,0.00259565353217778
-3.68570950386875,0.00281836511540637
-3.65562360925452,0.00300393719431295
-3.62553771464029,0.00315203683520407
-3.59545182002606,0.00326754494245489
-3.56536592541182,0.00336036348748666
-3.53528003079759,0.003444634436466
-3.50519413618336,0.00353792816123316
-3.47510824156913,0.00366237956225014
-3.4450223469549,0.00383397112847287
-3.41493645234067,0.00406570492987607
-3.38485055772644,0.00436524676539279
-3.35476466311221,0.00473377307591878
-3.32467876849797,0.00516557529402622
-3.29459287388374,0.00564860971189868
-3.26450697926951,0.00616607008909086
-3.23442108465528,0.00669889825043911
-3.20433519004105,0.00722895816459212
-3.17424929542682,0.00774241411146372
-3.14416340081259,0.00823271254873201
-3.11407750619836,0.00870226736151998
-3.08399161158412,0.00916644389760522
-3.05390571696989,0.00964698353417736
-3.02381982235566,0.0101661952206969
-2.99373392774143,0.0107427237445471
-2.9636480331272,0.0113867876422496
-2.93356213851297,0.0120967813684315
-2.90347624389874,0.0128579966579941
-2.87339034928451,0.0136438408765043
-2.84330445467028,0.014419468536112
-2.81321856005604,0.015147273349858
-2.78313266544181,0.0157932936396659
-2.75304677082758,0.0163333428442315
-2.72296087621335,0.0167494843898208
-2.69287498159912,0.0170601224549365
-2.66278908698489,0.0172932412720937
-2.63270319237066,0.0174848625322791
-2.60261729775643,0.0176756065377328
-2.5725314031422,0.0179058379475118
-2.54244550852796,0.0182119553926854
-2.51235961391373,0.0186242343446055
-2.4822737192995,0.0191661869503689
-2.45218782468527,0.0198550288284571
-2.42210193007104,0.0207026186211747
-2.39201603545681,0.0217162095047692
-2.36193014084258,0.0229011532669755
-2.33184424622835,0.0242638629981105
-2.30175835161411,0.0257798075347836
-2.27167245699988,0.0274302634231619
-2.24158656238565,0.0291899440191513
-2.21150066777142,0.0310290153684084
-2.18141477315719,0.0329159868892927
-2.15132887854296,0.0348208046214834
-2.12124298392873,0.0367173983407542
-2.0911570893145,0.0385850825287898
-2.06107119470026,0.0404085452340514
-2.03098530008603,0.0421766004254192
-2.0008994054718,0.0438803215250201
-1.97081351085757,0.0455077020455577
-1.94072761624334,0.0470504879658264
-1.91064172162911,0.0485091042455024
-1.88055582701488,0.0498888947292059
-1.85046993240065,0.0512078704649664
-1.82038403778642,0.0524995599582573
-1.79029814317218,0.0538131804524585
-1.76021224855795,0.055210519552997
-1.73012635394372,0.0567596676042697
-1.70004045932949,0.0585264923369917
-1.66995456471526,0.0605653497260159
-1.63986867010103,0.0629108572281724
-1.6097827754868,0.0655725350460069
-1.57969688087257,0.0685532417529532
-1.54961098625833,0.0717887091501894
-1.5195250916441,0.075222539867365
-1.48943919702987,0.0788071212073109
-1.45935330241564,0.0825101968711025
-1.42926740780141,0.0863232747541622
-1.39918151318718,0.0902656455802055
-1.36909561857295,0.0943832359547109
-1.33900972395872,0.0987423818810611
-1.30892382934448,0.103419468627109
-1.27883793473025,0.108488121138474
-1.24875204011602,0.11400613420508
-1.21866614550179,0.120011638472551
-1.18858025088756,0.126526959818864
-1.15849435627333,0.133468026214056
-1.1284084616591,0.1407647945738
-1.09832256704487,0.148335662784189
-1.06823667243064,0.156100933733964
-1.0381507778164,0.163995306887291
-1.00806488320217,0.171977530520156
-0.977978988587942,0.180035982669917
-0.947893093973711,0.188189686507906
-0.917807199359479,0.196484979862745
-0.887721304745248,0.204988642022137
-0.857635410131017,0.213778652507339
-0.827549515516786,0.222954192626678
-0.797463620902555,0.232591924514153
-0.767377726288323,0.242715102229389
-0.737291831674092,0.253334171808065
-0.707205937059861,0.264423262069715
-0.67712004244563,0.275916032683651
-0.647034147831399,0.287704242155115
-0.616948253217168,0.299640402241037
-0.586862358602936,0.31154603634419
-0.556776463988705,0.323226758586298
-0.526690569374474,0.334494559317116
-0.496604674760243,0.345196337782996
-0.466518780146012,0.355245984316333
-0.43643288553178,0.364620698513784
-0.406346990917549,0.373537116202358
-0.376261096303318,0.382303694669593
-0.346175201689087,0.391311847928818
-0.316089307074856,0.400995120729271
-0.286003412460624,0.411760472866054
-0.255917517846393,0.423911364479821
-0.225831623232162,0.437574725056526
-0.195745728617931,0.452644911474184
-0.1656598340037,0.468756581928875
-0.135573939389469,0.485294952337403
-0.105488044775237,0.501446396460743
-0.0754021501610062,0.516252127276914
-0.045316255546775,0.528546103598073
-0.0152303609325438,0.537701409947925
0.0148555336816874,0.543237347824822
0.0449414282959186,0.544963283071334
0.0750273229101498,0.542972295595212
0.105113217524381,0.537596407610641
0.135199112138612,0.529336004027732
0.165285006752843,0.518778996050673
0.195370901367075,0.506524863155547
0.225456795981306,0.493125454609388
0.255542690595537,0.479049246252481
0.285628585209768,0.464669813193937
0.315714479823999,0.450284259703192
0.34580037443823,0.436138232520214
0.375886269052462,0.422395450989415
0.405972163666693,0.409192138431837
0.436058058280924,0.396639183191993
0.466143952895155,0.384817852968192
0.496229847509386,0.373773019754431
0.526315742123618,0.363507530154787
0.556401636737849,0.35398047617643
0.58648753135208,0.34511075356542
0.616573425966311,0.33678577883548
0.646659320580542,0.328873883186909
0.676745215194773,0.321237971093733
0.706831109809005,0.313748704872908
0.736917004423236,0.306272754801626
0.767002899037467,0.298715717282504
0.797088793651698,0.290999652085069
0.827174688265929,0.283056325069276
0.857260582880161,0.274824291272253
0.887346477494392,0.266249229995642
0.917432372108623,0.257288261744607
0.947518266722854,0.247917758978315
0.977604161337085,0.238143052970409
1.00769005595132,0.228007661859702
1.03777595056555,0.217599388295391
1.06786184517978,0.207051683389814
1.09794773979401,0.196562720003375
1.12803363440824,0.186341592447258
1.15811952902247,0.176582048604033
1.1882054236367,0.167453013172529
1.21829131825093,0.15908127966401
1.24837721286517,0.151539849583694
1.2784631074794,0.144843370827737
1.30854900209363,0.138950996554441
1.33863489670786,0.133775877155797
1.36872079132209,0.129199555837954
1.39880668593632,0.125088881655593
1.42889258055055,0.121312770015404
1.45897847516478,0.11776170688071
1.48906436977902,0.114338733697867
1.51915026439325,0.110981520997157
1.54923615900748,0.107661851425022
1.57932205362171,0.104367381251887
1.60940794823594,0.10109326796674
1.63949384285017,0.0978348858705078
1.6695797374644,0.0945829891631668
1.69966563207863,0.0913220269861598
1.72975152669287,0.0880315889633975
1.7598374213071,0.084690275153451
1.78992331592133,0.0812807483993945
1.82000921053556,0.0777944363445365
1.85009510514979,0.074230234331582
1.88018099976402,0.0706100444441888
1.91026689437825,0.066957803789072
1.94035278899248,0.0632953523962092
1.97043868360671,0.0596383580082585
2.00052457822095,0.0559933181454119
2.03061047283518,0.0523579944208411
2.06069636744941,0.0487254071652025
2.09078226206364,0.0450905708355633
2.12086815667787,0.0414583657307653
2.1509540512921,0.0378504890749941
2.18103994590633,0.0343094268652745
2.21112584052056,0.0309006288449593
2.2412117351348,0.0277252408635106
2.27129762974903,0.0248510075485846
2.30138352436326,0.0223418534740304
2.33146941897749,0.020236950893127
2.36155531359172,0.0185445514664213
2.39164120820595,0.017240887122017
2.42172710282018,0.0162739834656642
2.45181299743441,0.015571361287009
2.48189889204864,0.0150500353693819
2.51198478666288,0.0146270079925319
2.54207068127711,0.0142285899014023
2.57215657589134,0.0137973030763787
2.60224247050557,0.0132919625961964
2.6323283651198,0.0126963439515885
2.66241425973403,0.0120213235129175
2.69250015434826,0.0112875021155364
2.72258604896249,0.0105244671183179
2.75267194357673,0.00976673476995907
2.78275783819096,0.00905016889641752
2.81284373280519,0.00840896113579563
2.84292962741942,0.00787315875218566
2.87301552203365,0.0074666818672217
2.90310141664788,0.00720577124120338
2.93318731126211,0.00709783562651393
2.96327320587634,0.00714070797190471
2.99335910049057,0.00733065251673128
3.02344499510481,0.00763382265524617
3.05353088971904,0.00801504541344144
3.08361678433327,0.00843580014776928
3.1137026789475,0.00885417804303485
3.14378857356173,0.00922791867533072
3.17387446817596,0.0095177090921292
3.20396036279019,0.00969047106506227
3.23404625740442,0.00972231343667675
3.26413215201866,0.00960081188738219
3.29421804663289,0.00932630858631397
3.32430394124712,0.00891200494778976
3.35438983586135,0.00838184364347244
3.38447573047558,0.00776921396255496
3.41456162508981,0.00712391609881429
3.44464751970404,0.00648631800084156
3.47473341431827,0.00589313674835546
3.5048193089325,0.0053745223660364
3.53490520354674,0.00495197282300905
3.56499109816097,0.00463711294826364
3.5950769927752,0.00443128892221133
3.62516288738943,0.00432590015265166
3.65524878200366,0.00430340004595005
3.68533467661789,0.00433892526653235
3.71542057123212,0.00440253251189589
3.74550646584635,0.00446032914714409
3.77559236046059,0.00447709166744383
3.80567825507482,0.00442903570365626
3.83576414968905,0.00430072507014967
3.86585004430328,0.00408692679717205
3.89593593891751,0.00379285921371751
3.92602183353174,0.0034330986970026
3.95610772814597,0.0030293569178808
3.9861936227602,0.00260751689913018
4.01627951737444,0.00219440947660881
4.04636541198867,0.00181481103948102
4.0764513066029,0.00148905492091305
4.10653720121713,0.00123149486669136
4.13662309583136,0.00105550594010046
4.16670899044559,0.0009572406544907
4.19679488505982,0.000929424651370279
4.22688077967405,0.000962374290137023
4.25696667428829,0.00104374622357923
4.28705256890252,0.00115978191304099
4.31713846351675,0.00129648489300945
4.34722435813098,0.00144067100002029
4.37731025274521,0.00158081876868822
4.40739614735944,0.0017076430786662
4.43748204197367,0.00181433118154306
4.4675679365879,0.00189642200628762
4.49765383120213,0.00195105896353346
4.52773972581637,0.00197491344280001
4.5578256204306,0.00196980330041136
4.58791151504483,0.00193557484817593
4.61799740965906,0.00187249806529327
4.64808330427329,0.00178168691681475
4.67816919888752,0.001665626999069
4.70825509350175,0.0015286244548648
4.73834098811598,0.00137701493656517
4.76842688273021,0.00121903257636352
4.79851277734445,0.00106431799944408
4.82859867195868,0.000923122222955224
4.85868456657291,0.000805322253196815
4.88877046118714,0.00072100379604726
4.91885635580137,0.000676967305678071
4.9489422504156,0.000673380436637932
4.97902814502983,0.000708466770489996
5.00911403964406,0.000776882712545709
5.0391999342583,0.000870080294741171
5.06928582887253,0.000977001486543216
5.09937172348676,0.00108507900591876
5.12945761810099,0.00118147411242569
5.15954351271522,0.00125443176690901
5.18962940732945,0.0012945901827168
5.21971530194368,0.0012960580272174
5.24980119655791,0.00125708005011603
5.27988709117215,0.00117797107955322
5.30997298578638,0.00106830693059555
5.34005888040061,0.000938251816268195
5.37014477501484,0.00079796045808177
5.40023066962907,0.000657077396508401
5.4303165642433,0.00052373726228358
5.46040245885753,0.000403940288712223
5.49048835347176,0.000301325292484327
5.520574248086,0.00021729452061657
5.55066014270023,0.000151397578626493
5.58074603731446,0.000101859185201194
5.61083193192869,6.61374476457155e-05
5.64091782654292,4.15043013811641e-05
5.67100372115715,2.55894432971784e-05
5.70108961577138,1.52746862840526e-05
