"observation","simple_return_pct"
1,-0.928319263238675
2,-0.441241176725771
3,0.90444503924656
4,-0.177663722054966
5,-0.466579324665062
6,1.2504579010437
7,0.577648321324542
8,-0.286555661913102
9,0.637125719212217
10,0.118476933452416
11,-0.575905427711432
12,-0.513931699575787
13,-0.517813648438892
14,0.200432935139894
15,0.177874613784357
16,0.267874148301517
17,-0.662381509690624
18,-0.478663689411418
19,-0.52497179903559
20,0.0498457895884652
21,0.680056048575439
22,0.162061521522627
23,0.0741065528719442
24,-0.0506019784139333
25,0.209919304549677
26,-0.560049782202854
27,1.10844000545236
28,-0.0919190866919495
29,0.190140888264634
30,-0.423638022124684
31,1.46813808367403
32,-0.0224184000533256
33,0.245445620159268
34,-0.0308322904764458
35,-9.17876149008224
36,1.4955187705584
37,5.20704857375287
38,1.1748199420073
39,0.874581661520257
40,0.94215118410439
41,-0.380727558864469
42,0.276459615629987
43,0.0721054800164822
44,-0.101117132390771
45,0.220622105850121
46,0.241303401228898
47,-0.480238429934055
48,-0.0278863932587692
49,-0.162513871286574
50,-0.471328526916137
51,-0.784182101119835
52,0.174683232869977
53,0.219815306022197
54,0.0876107387484559
55,-0.151807302665807
56,0.283845338008915
57,-0.888250397359092
58,0.211562540477539
59,-0.527481996676304
60,0.123133658802188
61,0.598225100734195
62,-0.123479542941396
63,-0.675979062486542
64,-0.123854347287589
65,-0.454489087301579
66,0.239805166088436
67,-0.114334004424221
68,0
69,-0.161121755791671
70,-0.982621861934474
71,-0.431056182037848
72,-0.902500837404485
73,0.0108419058794995
74,0.098841954902551
75,0.129323250791535
76,0.869736724903625
77,-0.971357566812381
78,-0.51719415799899
79,0.210642234728442
80,0.329674542225167
81,0.424111975750474
82,0.842739378566892
83,-1.10482993667821
84,-0.0413296708886568
85,0.452906041079593
86,0.604107168865053
87,-0.171205931781993
88,-0.393440142243739
89,-0.45512954417416
90,-0.285518065853563
91,0.645371120280092
92,-0.270559684706095
93,0.515902766306198
94,1.77742942745536
95,-0.311766386366741
96,1.16374691619525
97,-0.528377180017736
98,0.731770736599668
99,-0.00676057723036916
100,-1.30733818079005
101,-0.996450146353611
102,0
103,0.852991130401959
104,-0.218928932300433
105,-0.555711829973438
106,0.794538802911648
107,-0.850639226691619
108,-0.122023322808285
109,-1.06176633583557
110,-1.35258997110231
111,-0.0290358172937322
112,0.341431300666084
113,0.184607467918818
114,-0.141892238943964
115,0.286116594119501
116,-0.725752679899472
117,-0.287386014311186
118,0.402852350079996
119,0.439940395172256
120,-0.33718040114834
121,0.715952003505649
122,0.472841978642125
123,-0.701785668797916
124,-0.858740684683768
125,-0.200534326948576
126,0
127,0
128,0
129,1.39359723095471
130,0.830419301015817
131,0
132,0
133,1.32698477105868
134,0.36666478954317
135,0.0398990056419857
136,-0.687983348808807
137,-0.75110595174599
138,1.10388953517779
139,0.917993421464036
140,0.410826486225235
141,0.559103952605744
142,2.09817675252071
143,0.0234417262727549
144,0.312483098870864
145,0.949505478377044
146,0.114530543456315
147,-0.41136408092135
148,-0.493414200091669
149,-0.138769260216287
150,1.02963726100915
151,-0.0711444172383002
152,-0.860273745038598
153,0.721120759301264
154,0.156857153042678
155,-0.00237290146526403
156,-0.408741976436533
157,0.421737343412132
158,-0.126938932882514
159,0.171050834169773
160,-0.169572925251538
161,-0.272609028763515
162,0.350774801386411
163,-0.250440644973682
164,-0.276057377097938
165,0.733219184211631
166,0.479134832924677
167,-0.371931272287873
168,1.24893506247632
169,-0.00350600403190571
170,1.08514629314727
171,-0.764801775866242
172,1.55712063752818
173,0.103822503671092
174,0.0911086026003094
175,0.144839588724266
176,0.832909351794142
177,-0.0901432086446774
178,0.00113489987345616
179,-0.880672307055019
180,0.385282550078148
181,-0.0165383518676898
182,-0.760319642256202
183,-0.917304641699435
184,0.609076987331192
185,-0.650938065751083
186,0.568152141742062
187,-0.174849387161558
188,-0.239899646798358
189,0.299002167186257
190,-0.966549194060895
191,0.118424660331229
192,0.166647243910956
193,-0.0494456272614019
194,-1.1273360066581
195,0.937110028019128
196,0.20935874408079
197,-0.678557918933853
198,0.977330388061093
199,-0.417205823473765
200,1.31687818294117
201,-0.0787908763615786
202,-1.30308908087325
203,0.552260653032177
204,0.552707279729048
205,-0.219752331624146
206,0.260121621309173
207,0.570206288989072
208,0.145039699601579
209,0
210,0
211,0.0337745008243129
212,0.322180066038324
213,-0.452341566368142
214,0.0315155543586076
215,-0.160392273675047
216,-0.64489477428683
217,-0.0288736949089929
218,-0.178490971476108
219,0
220,0.185175540625782
221,0.146133807738735
222,0.689806323609132
223,0.388937895954822
224,-0.253342234546972
225,0.14701423807153
226,-0.159364825498365
227,-0.121287709321427
228,-0.598582876520093
229,-0.88858667465741
230,2.53907158472486
231,0.179746993348795
232,1.05503860173426
233,-0.103058138232337
234,1.16957097041872
235,0.438368007448364
236,-0.707376691882822
237,-0.372879283805039
238,0
239,0.756358768406962
240,-0.450076396731547
241,0.132908471107696
242,-0.801390632115595
243,0.288883041557719
244,-0.128394786055208
245,0
246,-0.242586847768367
247,0.265589367460262
248,-0.542624828858029
249,0.406239113578399
250,-0.767780097035764
251,0.472014662343145
252,-0.441732804975237
253,0
254,0.146018322762509
255,-0.316380873031052
256,0.0943119183157259
257,-0.555182550115951
258,0.102124762418088
259,-0.652931674554369
260,0.179709384252891
261,-0.0586567045182784
262,0.282059317929284
263,-0.00340928461844969
264,0.946676970633709
265,-0.367013791162396
266,-0.169493440603852
267,-0.831361984855516
268,0.449697253308523
269,-0.559605038149735
270,-1.0786599021893
271,0.235064455020084
272,-0.0962253170537775
273,-0.176486873067871
274,-1.80958874033672
275,-2.75087380697397
276,0.083499222489114
277,-1.04468317927078
278,-0.855322242654921
279,-0.582323254108619
280,0.273962413844409
281,-0.037087861143037
282,1.2639285670117
283,-0.941610385803782
284,-0.845148563678955
285,-0.210134971308507
286,0.280354617440559
287,0.952404619752611
288,-0.42278484128645
289,-0.377610362963277
290,-2.04781756371126
291,-1.11213147978086
292,-0.865895131901717
293,0.049099730597546
294,0.744529035340902
295,-0.346118346836233
296,-1.47225295222414
297,-0.374052628486743
298,-1.12112912314729
299,1.39162243295361
300,-2.94504029332758
301,-1.41012949756562
302,0.756815092586893
303,2.7801316511989
304,0.235469487903339
305,0.676453750435946
306,-0.884331065315003
307,-0.060008968373304
308,1.87129255112073
309,-0.593954232490657
310,0.256724353628024
311,-0.126733651358979
312,-0.838154238600652
313,0.214590866435227
314,0.202999148713245
315,4.65952163115932
316,-1.32438339057134
317,0.936536964734325
318,-0.979255089054532
319,1.3371574009003
320,-2.16107810244972
321,-0.574074074074071
322,-0.916500215155969
323,-0.417439101857742
324,-1.66894486753888
325,-1.96139435743318
326,0.189057615308252
327,-0.925982086896748
328,0.999258548796345
329,-0.63106992281684
330,-4.95252167194205
331,1.36557468231671
332,0.922975188006947
333,0.816249712465411
334,-0.599452403340883
335,0.272667199944343
336,2.0859202119911
337,-1.20206028648311
338,-0.0110045049692253
339,0.290963619229734
340,1.4794035747109
341,1.70993315715842
342,-0.554857830140421
343,0.966228767690813
344,1.18199867637325
345,0.337506377300745
346,0.168185551687716
347,-1.84888715345567
348,-0.971363024552618
349,-0.258446375724786
350,-0.486010418344884
351,0.0607107201640478
352,-0.860895007213447
353,0.970372032613209
354,0.193286818781835
355,1.40618803395824
356,0.440134426598959
357,-0.358351976875415
358,2.14857203412282
359,-0.0317711440205426
360,0.0447531765026321
361,0.505030859395261
362,0
363,-0.445083759603171
364,0.289625948411598
365,-1.56476121562953
366,0.200837479161486
367,-0.868551366363612
368,0.634324906503148
369,0.437945660595407
370,1.0087011093751
371,0.110023816920379
372,-1.20893187313327
373,0.165562913907302
374,-0.287459575997129
375,-0.44357084357084
376,-0.84436781004027
377,-0.155975176716561
378,-1.57215980854882
379,-0.266774727315711
380,0.0927744294711097
381,0.104866481289778
382,-0.139900785336766
383,-0.335690839565495
384,1.56255305278454
385,1.46095212623698
386,0.229332103199442
387,0.403042875082993
388,0
389,0
390,1.33917462313204
391,-0.109207694942204
392,-0.478063422649455
393,0
394,0
395,-0.0253505196856629
396,1.03963485995162
397,-0.184037631191158
398,-0.825183571110855
399,-0.602585853858306
400,-0.44732195409064
401,0.757426458029498
402,-1.53932415780517
403,1.1078149624548
404,1.87371881774301
405,1.66953816087225
406,-0.561495804589351
407,0.00508708452828799
408,0.505503309616007
409,0.804104666464212
410,-1.38513195468666
411,0.274298660964312
412,-0.876497058244841
413,0.697921602274332
414,0.0864765877355733
415,1.03491652054586
416,-0.389227393056779
417,1.374247225624
418,0.627058801551761
419,1.72341241847052
420,0.183717294367414
421,-0.469380939369102
422,0.224510713065551
423,0.990382274166057
424,-0.568390724924195
425,1.53306175892922
426,-1.39289403139237
427,0.287599903124236
428,0.878437528300191
429,0.742115027829304
430,-0.231093685023454
431,-1.26949345305792
432,-0.311804546194705
433,0.546910921278698
434,1.08666875255721
435,0.675587195390515
436,0.596557819992083
437,-0.645328129958977
438,-0.296957077279825
439,0.0409383788402051
440,0.956024078522066
441,0.566302642941485
442,0.150124714500177
443,-0.340044794923233
444,-1.16524741755187
445,0.965808827883508
446,-0.27975719187121
447,-0.621662314442328
448,0.394742293056205
449,-0.578290241573243
450,-1.77757223240067
451,-0.204637236733285
452,0.817807887732891
453,-0.206993376211961
454,0.239888893565077
455,0.475030889003514
456,0.684105588653172
457,-0.581036854337624
458,-0.40552467736934
459,-0.777226892769034
460,0.0784521984719788
461,0.55958899153381
462,-0.781943345086478
463,0.213344615012701
464,0
465,0
466,0.808742378462468
467,0.204003493784177
468,-0.0167169169228876
469,0.237658762621895
470,0.50576356000358
471,-0.419645079839259
472,-0.807709248479216
473,0.811285996315614
474,-1.42737245611634
475,-0.754817243648964
476,-0.422261838846871
477,-0.348896180472802
478,-0.752967722947129
479,0.508464104781914
480,0.317795959012313
481,-0.740196078431365
482,0.553113734011568
483,-0.683905505623505
484,-0.620618888078428
485,0.544255769111146
486,-0.184973243836806
487,1.21044215536796
488,0.185549207282354
489,-0.224324886003846
490,-0.121297515851382
491,-0.681440409232259
492,-0.779368353445398
493,0
494,0.456854055668976
495,-0.334576636637385
496,0.899551156921019
497,-0.361664766951109
498,0.989376569089395
499,-0.365544520506011
500,0
501,-0.0995569102943183
502,0.180857411770496
503,0.12465229378642
504,0.485109410263962
505,1.36773941543025
506,0.0842926641298591
507,1.04735664268354
508,0
509,0.366734337883767
510,0.0349971824302298
511,-0.110884466687233
512,0.318182088010599
513,-0.500612451403315
514,0.337204945672531
515,0.599831667792827
516,0.0630427866090022
517,-0.433955709432199
518,0.0709656053366148
519,0.43494704992435
520,0.753742233101118
521,-0.541951609794844
522,-0.124482546020366
523,-0.151093813384451
524,-0.0571139216655969
525,-0.150819788027512
526,0.639002141807743
527,1.98281017318809
528,3.40044151125625
529,-0.0150114253626432
530,0.577192553215156
531,-0.122737375189363
532,0.504284480658956
533,-0.468707831441439
534,1.23068750276683
535,0.313224297021919
536,-0.470821594581183
537,-0.283062772044129
538,0.398071685847312
539,0.113752577206827
540,1.5776162044346
541,-0.724392172047172
542,-0.748637609560021
543,-0.48029691081759
544,-0.0180980585719026
545,-0.272617069009973
546,2.15939717287277
547,0.20782185467545
548,0.514716153920536
549,0.43510797519779
550,-0.463027025876295
551,-0.306377791085632
552,1.61168349861358
553,0.745819609830267
554,0.471527592222931
555,-0.743081519953692
556,0.804333207245822
557,0.601433224755699
558,0.387506540468019
559,-1.45734529897769
560,-0.840520965892133
561,0.748357521600451
562,0.416218908080612
563,-1.30560297349641
564,1.00286684509516
565,1.04842003833383
566,0.1202346648977
567,-0.424974636105768
568,0.257840481995353
569,-0.425172272545804
570,-0.48322511104284
571,-1.69426784920075
572,-0.449762344512639
573,0.00748535010053342
574,-0.116548870331368
575,0.326503521956023
576,-0.273690500325452
577,-0.879497124515183
578,0.529466054263517
579,1.18381634471874
580,2.01732929372251
581,-0.0332866972834966
582,-1.17114539163914
583,0.136875243480006
584,-0.628765495704842
585,1.28135944724841
586,0.0632051817801793
587,-0.346625878962825
588,0.0660041802647449
589,0.535537605419245
590,0.756589567082888
591,1.9876071710965
592,1.04588411158124
593,-0.107317122095785
594,1.19280102412209
595,-0.318994299775266
596,-0.257306099697407
597,-0.225037547839191
598,-0.212542508501701
599,1.39875209862932
600,0.444332414024884
601,0.230286628121545
602,-0.346600030437971
603,0.89562385768549
604,1.73677400454089
605,-1.07697180867913
606,-0.60305262034368
607,-0.3797437461867
608,0.621763181232438
609,0.551211008638242
610,0.170945965578362
611,0.864873749703876
612,-0.00862730061350625
613,-1.39582594357258
614,-2.1121967818774
615,-0.305415538946696
616,1.65579078455791
617,-1.01090780795202
618,0.0841538332071012
619,0.0618257897626373
620,1.19324192065486
621,1.12202032043767
622,0
623,0.281136331798826
624,-0.185935385045188
625,-2.49839537094682
626,0.377655467342453
627,0.417161820324563
628,1.04839303690245
629,-0.60987462338421
630,0.33443344334434
631,0.0404465691075995
632,1.79500418915495
633,0.478043038229092
634,1.35920295652836
635,-0.483484471174178
636,0.44286854169715
637,1.81254965004065
638,0.0290865440107257
639,-0.049848147772058
640,-0.0771184483952969
641,-1.65262520623153
642,0.0681368564003915
643,0.681374206393937
644,0.500459415213417
645,1.55098479645064
646,-0.20108034987979
647,1.16266290560403
648,0.835607943254701
649,0
650,1.75388192832739
651,-1.31424537874443
652,-0.325895990451108
653,1.1513172648254
654,0
655,0.857095983221656
656,-1.08897310319965
657,-0.721825899504402
658,-0.581122040105475
659,0.194539387471115
660,0.00224724151105526
661,0.139325842696625
662,-2.06633454512813
663,-1.8189234026562
664,0.405158772761016
665,-1.64989191325168
666,0.699105674147749
667,0.101861196517006
668,-1.60186070939545
669,-1.16376598867688
670,1.60805037754226
671,-0.7834707135705
672,1.81176403064882
673,-0.251331823776457
674,1.56830608813598
675,1.66882282842051
676,-0.488917267171385
677,0.0994555154270715
678,-2.15059179048099
679,0.319127033148048
680,-2.27575913055647
681,0.212876650867977
682,0.803021571083584
683,0.154032970615625
684,-0.515169671036808
685,-0.324359697833343
686,1.3692178141042
687,0.213074515067735
688,1.26636225266361
689,-1.31527223452914
690,-1.20861353890854
691,0.264698348244363
692,1.2589655759732
693,-2.6795935054316
694,-0.363435594603689
695,1.34484636178342
696,-2.18900363249083
697,-1.87196188994749
698,1.27607507839242
699,1.58037614028224
700,2.66569078757293
701,-0.311896140930157
702,-0.350981194747491
703,0.30689184659185
704,-1.06471609924172
705,3.21187122066331
706,0.438370056236748
707,-0.495660674373877
708,-0.353303107314684
709,-0.928510264065352
710,-0.459729301669309
711,0.523339043908844
712,0.99266937479574
713,-0.859932684839293
714,-0.0167882258576002
715,1.10634328358208
716,-0.226043954016186
717,-0.507670541237826
718,-0.41638783552681
719,0
720,0
721,1.59644963787053
722,0.358276414847336
723,0.809194055535989
724,0.0276949200252341
725,0.983578282301045
726,-0.613973975773641
727,0.180898068460866
728,-0.765171384847363
729,0.622316034645909
730,0.291601866251945
731,-1.10351293968094
732,0.00911622734049988
733,0.01458463417634
734,1.08092835887552
735,-0.426034542610232
736,1.47961678468589
737,0.696898311739291
738,-0.848922010828623
739,0.656442430579762
740,0.630851805319388
741,-0.22102421119502
742,-0.878096661375694
743,0.353725717599307
744,-0.721403870600679
745,-0.661726847395416
746,1.01723026722014
747,0.298035996323631
748,0
749,0.414142222933966
750,0.69241094567476
751,-0.213378150077426
752,-0.612845056015809
753,-0.373523318590552
754,-0.303679328877593
755,0
756,-2.27604657498759
757,-2.30574814557521
758,0.394842717865229
759,-1.54706430568499
760,0.802726240060592
761,0.355908646983694
762,-1.10979067438968
763,0.312733603959092
764,1.82291543841941
765,0.21816868005633
766,-1.46931719965427
767,0.56900272070548
768,-0.596567984962193
769,0.58372514241205
770,-2.75986900418924
771,0.192859404534595
772,-0.729252456378926
773,-1.25023514260495
774,-0.756609957553644
775,-2.233487547987
776,-1.47702902709398
777,2.44496903550189
778,1.37610789404119
779,-1.35054021608644
780,-0.228919688589424
781,1.08823882268256
782,0.998887377920643
783,-1.05755342848051
784,0.981765098844556
785,1.02955372937583
786,-1.31250909443662
787,-0.162682341839349
788,0.874796315714343
789,-0.0619784295544323
790,1.05624001992353
791,-1.009442076677
792,0.130822964311683
793,0.948689823278492
794,1.585446537661
795,0.637972180229518
796,0.609364371551657
797,-0.417398326650598
798,0.272516820134183
799,1.00999177148231
800,-0.187130800705693
801,0.891237332164296
802,-1.26610949836364
803,-0.0847406047950972
804,0.846719022360509
805,0.432582625139966
806,1.48646773074255
807,-0.127642309778775
808,-0.64678683421352
809,0.558194665221023
810,-0.296508148263197
811,-0.997103999413473
812,0.275391565149796
813,-0.470803273467479
814,-1.04669551224083
815,0.0281196396936911
816,0.857876439555083
817,0.646180289410725
818,-0.697880511040538
819,-0.353251775554975
820,-1.42128143891337
821,0.372864193208011
822,0.55297583971714
823,0.961096681637885
824,1.72279287478871
825,1.14764126395748
826,-0.446807358330459
827,0.0575749607855558
828,-0.965524740721946
829,0.530702998471932
830,-1.08219789021472
831,-0.714482885535506
832,0.445305295935716
833,0.480698258045464
834,-1.03392865341353
835,0.0106699820929812
836,0.0621576112922906
837,-1.80701388405998
838,0.528286209322193
839,-1.49857234098509
840,0.147798517247155
841,-1.97091238009093
842,0.389481096568978
843,0.272836776849505
844,1.18293524249691
845,-1.88334692203898
846,-0.045679186327352
847,0.654872161369857
848,-2.62176626287217
849,-0.68350462283242
850,0
851,-0.680717175248458
852,-2.12101555310836
853,0.972006021094374
854,0.623788420736648
855,3.58452117896311
856,1.91109852774631
857,-0.719927576148038
858,1.70793368971573
859,0.49523737239574
860,-1.08283141060741
861,-1.24070663014535
862,-0.659070922602645
863,-0.37890210803817
864,-1.54041452042087
865,0.299514033521775
866,-1.32450658545269
867,0.681413933912878
868,0.842021448655106
869,1.89945567690009
870,-0.158848541789769
871,0.223129832458602
872,-1.27142843314715
873,1.05200719639591
874,0.389061643470123
875,-1.2607580011501
876,0.63916213967603
877,1.67383143029431
878,0.347238829527718
879,-1.16156031343539
880,0.837645334117765
881,1.01241487489478
882,0
883,-0.959658367302496
884,-0.117594194862192
885,0.369469915959941
886,-1.14009155063894
887,-1.60324894250201
888,0.918604936153522
889,-0.122401993403887
890,-0.265043014779176
891,-0.710935138139879
892,1.02345499548187
893,-0.56098936356388
894,-0.154482434956038
895,1.21818662540762
896,-0.980524946063877
897,-0.144114040615739
898,-0.107140760454794
899,-0.864901927173878
900,-1.01522090317608
901,0.773092970793154
902,1.08016819125067
903,0.651170539065338
904,0.76281623771437
905,-0.159911106816757
906,0.656637262350035
907,0.737443273594351
908,0.322118826055839
909,-0.0604114639077169
910,0
911,0.465973022113486
912,-0.636260701071167
913,-1.08041614616611
914,1.10041066574125
915,-0.873416574891184
916,-0.493942352550747
917,0.192370898826444
918,-1.03429977326451
919,0.328546498591242
920,-0.232727626081042
921,0.422224494864643
922,-0.0155183116076874
923,-0.100884681049218
924,0.216538491416141
925,1.16804092745648
926,-0.32850472883994
927,0.20322957254526
928,-0.288643185239879
929,-1.38199653779572
930,-1.84459202480911
931,0.727261888794506
932,-0.0345223828335017
933,0.681805848137862
934,-0.501276466466416
935,-0.191080293121104
936,-0.0917757120018958
937,1.11713633804487
938,-0.438596491228072
939,1.93675617868392
940,0.343609536367739
941,0.380321138757278
942,-0.249879360347061
943,1.43789096552318
944,0.460855604872967
945,-0.404218917445331
946,0.44219805942538
947,0.33641399594988
948,-1.09717207760279
949,0.342319820459647
950,-0.816782979205299
951,-0.00761187071236513
952,-0.264532643137849
953,1.43970690658601
954,-0.416188559282171
955,-0.544959128065392
956,-0.389354478763571
957,1.39952808828085
958,-0.496894993912222
959,-1.06206062438582
960,-1.156072124384
961,-1.3860238170004
962,-0.581993474618614
963,-1.97991504794568
964,0.987834305248336
965,-1.72785424496602
966,2.44967428855096
967,-1.34882571075402
968,1.04900712703362
969,-1.81682910497731
970,0.276329615260273
971,-0.0423175935395093
972,-0.30642844543004
973,-2.17333056969673
974,0.0408251855220421
975,-0.364177346619343
976,-0.887589303304603
977,0.374012658889988
978,1.61086067175653
979,-1.79868291482028
980,1.0586570149737
981,1.5876297184438
982,0.351532294167911
983,0.199230453363342
984,0.110800801408528
985,0.106129751201545
986,-0.0782508165851348
987,0.597192890272114
988,-0.406312152198807
989,0
990,0
991,-1.43066782989325
992,-0.549467415661342
993,0.589028129308389
994,1.6554750349046
995,-0.439201086683105
996,1.44519623844728
997,1.04355016263442
998,-0.210498294322958
999,-0.311226380140794
1000,0
1001,0.9177630763894
1002,0.0746389585901008
1003,-0.188420944165568
1004,-0.635646338765583
1005,0.466549905502611
1006,0.985398763942569
1007,0.670515833926633
1008,1.06567978260133
1009,0.766388197909329
1010,-0.494672754946734
1011,0.829827915869985
1012,-0.965695756058726
1013,-0.248445420992904
1014,-0.930031672905274
1015,1.5718700651999
1016,-0.635232513222073
1017,1.07172854023181
1018,0
1019,-1.90751609778336
1020,0.171853745201411
1021,0.589582749388651
1022,0.88831877624358
1023,0.918593299840476
1024,0.636077084237741
1025,0
1026,1.00575790539781
1027,-0.810056773606549
1028,0.022932344902471
1029,-1.40603871402437
1030,0.97904288236299
1031,-0.166369801531163
1032,0.0277745086501247
1033,0.279550460269951
1034,-0.268446296661329
1035,1.36796137520823
1036,-0.639237186242236
1037,0.211179427759811
1038,0
1039,0
1040,-0.350602364701058
1041,-0.391604596324457
1042,-1.77032301701744
1043,0.161621957633984
1044,-0.269253537533176
1045,0.509324857350735
1046,0.497694886839906
1047,0.355428338538388
1048,-0.296557944494558
1049,2.46382646174248
1050,0.971632221950003
1051,0.44680665998289
1052,0.281202287901916
1053,-0.299956369982568
1054,-0.112594132341404
1055,0.461380490587571
1056,-0.801777083257627
1057,0.53120606673962
1058,-0.537053992374648
1059,0.596284897779742
1060,1.61526764821036
1061,0.00940851784483332
1062,0.246390380919537
1063,0.072841674375379
1064,-0.957862960845968
1065,0.207402464482342
1066,-0.506184449113845
1067,1.73385309732912
1068,-0.655227596017061
1069,0.0814368685286615
1070,0.352307884900838
1071,-0.341715080015681
1072,-0.6531389563188
1073,0.649783105639234
1074,-0.370184913623506
1075,-0.898835059503522
1076,1.2823705743046
1077,0.66659811421137
1078,0.101703647119433
1079,0.529297715545751
1080,0.165058741493285
1081,-0.468364469510052
1082,0.163348782852357
1083,-0.386712983833193
1084,0.152179989440593
1085,-0.754427777827005
1086,-0.448152264641943
1087,0.942935160316916
1088,-0.75822857904323
1089,0.381787013870549
1090,0.90602650305871
1091,0.154214610177283
1092,-0.00882390572540803
1093,-0.136782608311969
1094,0.154643502542773
1095,0.0657322974982222
1096,-0.0965497782441149
1097,1.52907897814276
1098,-0.0186898014534531
1099,0.229971003656049
1100,-0.697872118946219
1101,0.749948678526668
1102,-0.542342607926605
1103,-0.80334764509733
1104,-3.13219552493276
1105,0.386946344649886
1106,0.860834082703343
1107,-1.84227739894803
1108,-0.303984663836798
1109,0.779676226055748
1110,-0.193524647135501
1111,0
1112,0.66408436921086
1113,-0.907035630312891
1114,-0.693119906549733
1115,-0.870264433569967
1116,-0.945578262824387
1117,0.774446539791573
1118,0.286502349597884
1119,2.14749065855455
1120,-0.555729315401332
1121,-0.379697791553657
1122,0.551356198982411
1123,-0.977443266881151
1124,-1.28533286766633
1125,-1.45522596502987
1126,-0.0935347637538664
1127,1.22276441216522
1128,0.0934256378635423
1129,-1.43414506659696
1130,1.78502942694398
1131,0.746612333756658
1132,0.754931294326244
1133,-0.0742400703905965
1134,-0.49530151479712
1135,-0.0516202775511676
1136,0.26284602295521
1137,0.449806141831521
1138,-0.0723426661477733
1139,-0.352353067854294
1140,0.936646465389601
1141,0.0997653918866526
1142,-0.0318566994639058
1143,0.120638793794159
1144,-0.122766892951809
1145,0.337796311555638
1146,-0.0957345928557563
1147,-0.334710931468274
1148,0.124400213257503
1149,0.621683369287207
1150,1.67577298138331
1151,-0.225091971867952
1152,0.304960965888079
1153,0.231136792976994
1154,0.514867291957688
1155,-0.241776083580403
1156,0.365312151715114
1157,0.246767782703339
1158,-0.629467150782004
1159,0.755544938999031
1160,0
1161,0.0412697018922659
1162,0.202752519046467
1163,0.129201229820519
1164,-0.10366501764929
1165,-1.90906543365561
1166,0.0531193086455106
1167,1.18852696715936
1168,0.0123452979846173
1169,0.549297947847549
1170,0
1171,0
1172,-0.0162223069874234
1173,-0.286786760449731
1174,-0.580940234838823
1175,0
1176,2.07945361814312
1177,0.800797330675573
1178,0.285016636717716
1179,-0.735164886981798
1180,0.911187307290384
1181,0.629504099693579
1182,-0.474596741612687
1183,-0.398665134106158
1184,0.982848415687809
1185,0.318196687185912
1186,0.764383538439373
1187,-0.159702113531379
1188,0.588896419055152
1189,0.45865032934107
1190,-0.368244340950941
1191,0.0576985792770213
1192,1.82021795814669
1193,0.0139534120196405
1194,0.520717925991576
1195,-0.490262112658246
1196,0.754399639003989
1197,0.28134148178609
1198,0.386926512383279
1199,-0.514452807448251
1200,-1.74688288932884
1201,0.874695883881427
1202,0.182528158557482
1203,-1.26677120736316
1204,0.977818693007237
1205,-0.266111446488193
1206,0.308821167838125
1207,-0.341530895820774
1208,-0.0518994797694905
1209,-0.119925324849279
1210,-1.48539362931177
1211,-0.611073881722224
1212,1.20437756267355
1213,0.846938902976757
1214,1.139174129723
1215,-0.440494464221564
1216,0.424811274720871
1217,1.54588030656284
1218,-0.0711715153099202
1219,0.147675419889115
1220,-0.0811619824416909
1221,-0.57543137247017
1222,-0.0461068060116698
1223,0.323705783813089
1224,-1.23337285934386
1225,-1.18752041816401
1226,-0.183079033937805
1227,0.0707989516786744
1228,0.639635912287972
1229,1.04996587816448
1230,0.591944670463795
1231,0.49301328587894
1232,0.281317159944305
1233,0.545404197083954
1234,-1.01703574792841
1235,1.40976837215305
1236,-0.358676634324795
1237,0.719536431769741
1238,-0.826924372278415
1239,-0.542961477302695
1240,0.457950870709234
1241,0.29431170648806
1242,-0.741195561598185
1243,0.370754201613166
1244,0
1245,0
1246,0.482641320660337
1247,0.588654657262011
1248,-0.691719558598203
1249,0.742388721432774
1250,0.556052462857282
1251,0.25700667902504
1252,-1.07956597522102
1253,0.17302823217531
1254,0.462724528361691
1255,0.528814682198542
1256,-0.00588403739110177
1257,-0.952485563645489
1258,0.548153546363328
1259,0.0472686593032678
1260,-1.33510244578485
1261,-0.532328798828385
1262,0
1263,-1.0888098113238
1264,0.281485627603439
1265,0.0440861824197336
1266,0.132200265209104
1267,-0.42716580735549
1268,0.176789486702278
1269,1.15155611862849
1270,-0.107642195740731
1271,1.27667415766344
1272,0.245233763151664
1273,0
1274,0.70588699494949
1275,-0.403950961685384
1276,0.870974594607343
1277,-0.597865934511643
1278,-0.0878848394728404
1279,0.11702106771907
1280,0
1281,0.37732444803551
1282,-0.414981536838399
1283,-0.500288401549132
1284,-0.472044104772507
1285,0.799584754795313
1286,0.252752565851289
1287,0.0239176292532228
1288,0.313206822342349
1289,-0.898390790224379
1290,0.667578853562456
1291,0.710547756329905
1292,-0.0466726303916531
1293,-0.146698315109539
1294,-0.827315841364229
1295,0.18900546190419
1296,0.172960846527648
1297,-0.316351620127475
1298,-0.542803726571461
1299,0.61448057435769
1300,0.565590435594898
1301,0.631100738040513
1302,-0.244341364278078
1303,-0.787695465891147
1304,0.730464769966299
1305,0.116711535768199
1306,-0.315530962447153
1307,0.0389814915877862
1308,0.48396147012062
1309,-0.385847351807467
1310,-0.2834019129629
1311,0.0284988151519894
1312,0.419945048082937
1313,-0.429459774582208
1314,-0.506645328753486
1315,-0.76383794238456
1316,-2.11583316861039
1317,0.876824530085063
1318,0.315091144217261
1319,-0.287760021711714
1320,-1.20199331558828
1321,0.8305244052635
1322,-1.19293480444548
1323,0.218776559189626
1324,0.202880085696555
1325,0.110953185044793
1326,-0.218829001921317
1327,0.999659483387649
1328,0.508127633955446
1329,0.642930164206779
1330,0.01031639592739
1331,0.286052084490507
1332,0.541197042405628
1333,-0.26678103887211
1334,-0.0658873287225359
1335,-0.150811698566111
1336,0.652791067319325
1337,-0.0408540058531193
1338,-0.0730956806740624
1339,0.991446268803453
1340,-0.45600398760105
1341,0.229633251833739
1342,-1.08035533074172
1343,0.985622070358749
1344,0.105492650678651
1345,-0.300532371629736
1346,0.358985601428108
1347,-0.271104193728333
1348,-0.305087927905368
1349,-0.563001208392855
1350,0.151904327892405
1351,-0.378593884192036
1352,-0.10084113369162
1353,0.252159386900397
1354,0.40236125644113
1355,0.274113751307659
1356,0.747535994289539
1357,-0.00272503961040726
1358,0.75291003231206
1359,1.02239532619279
1360,0.602027156244023
1361,-0.144853701563352
1362,-0.199129617008642
1363,0.162520982755998
1364,0.61094055898776
1365,-0.65568805602878
1366,0.733181412860406
1367,0.744490092380312
1368,0.069843415568327
1369,-0.191372478386165
1370,-0.164294361357376
1371,-0.0433065084033291
1372,1.16601490389323
1373,0
1374,0.706068990686304
1375,0.0354996764352355
1376,-0.0964804950447484
1377,-0.642714423148072
1378,-0.063681695795148
1379,0.341715358931549
1380,0.302299930552707
1381,0.662759225867604
1382,-0.502808296520807
1383,0.459878893628973
1384,0.370193192272317
1385,0.224009737640962
1386,-0.436409661736792
1387,-1.57436051937363
1388,0.113853125734908
1389,0.329985010850353
1390,0.466034138673033
1391,-1.02947105976703
1392,-0.402915342926569
1393,0.250682998588991
1394,-0.0452946020813028
1395,0.319827428010733
1396,1.39730394627304
1397,0.703934967012265
1398,-0.403249393115157
1399,0.295127099201609
1400,-0.0677087717628755
1401,1.22910593164471
1402,0.239146164978288
1403,0.497363396508343
1404,0.582174192552043
1405,-1.13975576662144
1406,0.464481269052408
1407,-0.555807214708404
1408,-0.0285602730217493
1409,0.151159552885938
1410,1.12115314482555
1411,0.289231999771467
1412,-0.5255249909208
1413,1.28209717022327
1414,0.677108365610257
1415,0.162171269709765
1416,1.65763669369818
1417,-0.68499289841284
1418,0.469993647796341
1419,-2.13859032693828
1420,1.33343689210705
1421,0.719436992648848
1422,-1.88830661201335
1423,0.373013298735003
1424,-1.09485974414635
1425,0.901707170685095
1426,-1.14953047346857
1427,0.204023500089012
1428,0.376657202858333
1429,0.379137859623402
1430,0.301529867326855
1431,0
1432,0
1433,0
1434,0.531980352239203
1435,0.729219857163854
1436,0
1437,0
1438,-2.05758887804811
1439,1.50488689418997
1440,0.940885564007443
1441,-0.479551588125382
1442,0.964420061606064
1443,1.12290295033195
1444,-0.711004566365536
1445,1.40509841176208
1446,0.746081886376393
1447,-0.0765398611540125
1448,0.65713441019164
1449,0.358797377942133
1450,-0.255415099422318
1451,0.0490132335730475
1452,0.865476261889064
1453,0.351876509517179
1454,-1.79930727493021
1455,0.332592376526764
1456,1.19363084994402
1457,-1.00123172636523
1458,0.688136893543922
1459,0.633410411517987
1460,0.888830365078852
1461,0.0907103468528847
1462,1.54035234133556
1463,0.322660391109353
1464,1.17064241322589
1465,0.770554444922422
1466,0.179865148223946
1467,0.612887558946573
1468,1.42789963282581
1469,-0.236116996125102
1470,0.342549020211314
1471,-0.903904548661172
1472,-0.674439695062878
1473,-0.372385510931617
1474,0.209565573693582
1475,-0.722893822628823
1476,1.65721885286878
1477,0.361236368584805
1478,0.849301391054591
1479,-0.352626979325177
1480,-0.0705296469837857
1481,2.64979716086586
1482,0.907598898684325
1483,0.625101838273423
1484,0.675980038568547
1485,0.21231112059914
1486,0.121980757389606
1487,-1.41505996881329
1488,-0.431054872280034
1489,1.08289635431822
1490,-1.97339239606497
1491,-1.42398662315596
1492,0.490334661766356
1493,-1.77540747552726
1494,1.27778308177011
1495,0.427243866541804
1496,2.19102093218311
1497,1.90492839851493
1498,-0.912706950994702
1499,0
1500,0
1501,-3.70822488210972
1502,-2.14904341360248
1503,0.0585498327592582
1504,0.701253104749089
1505,3.32019719659389
1506,-0.437960134858217
1507,1.10061806479915
1508,-0.361987184821511
1509,-0.994457999510834
1510,-0.654366662247974
1511,2.17557437104248
1512,-0.644651941375862
1513,0.425984454255968
1514,-0.0178475816526968
1515,-0.975544448411281
1516,0.615609254869454
1517,0.536594105527177
1518,0.879748846851824
1519,-1.14588884407136
1520,0.458367212001543
1521,1.56835539111049
1522,0.356990653441769
1523,0
1524,1.54126273599584
1525,2.1371609931597
1526,-0.48153372839479
1527,-0.311961042913667
1528,0
1529,-0.11986035138305
1530,1.69619128214853
1531,-0.94207295012162
1532,0.822635975152353
1533,-0.660987524278478
1534,0.12370786989635
1535,0
1536,-1.4865826529869
1537,2.39463056708948
1538,-0.693256304855017
1539,1.29438614548139
1540,1.31401654462522
1541,-0.105741951484073
1542,-1.05935729232314
1543,0.242100038603654
1544,-1.99841557141207
1545,0.945061792501822
1546,1.64581247914581
1547,-0.109421461378323
1548,0.903989768840407
1549,0.432340009770393
1550,-0.862579144068554
1551,0.0695086149795188
1552,0.019339936150975
1553,1.77811305955822
1554,0.406993545901169
1555,-0.0626270863480882
1556,-0.769062564999656
1557,0.252070579762331
1558,1.25986447074971
1559,0.290663814737546
1560,-1.04921684870689
1561,0.327572363349238
1562,1.55407902538374
1563,0.0167560321715721
1564,-0.268051599932984
1565,-1.12942004031581
1566,1.80387534544413
1567,0.852447559741742
1568,1.86682456244682
1569,0.177677150464617
1570,1.4346053568397
1571,0.668190390547907
1572,-0.0776655666112513
1573,-0.653593148198262
1574,1.84095084548761
1575,1.6662985052647
1576,-0.0605959649364052
1577,2.02938391373244
1578,-0.468310884558287
1579,-1.71197765889375
1580,0.194097687768946
1581,3.80873245152127
1582,2.02855520704386
1583,-1.46642279500639
1584,1.11144028959476
1585,0.727016348711484
1586,-0.513601345362824
1587,1.84937295840282
1588,-1.19183790645618
1589,-1.55577548166848
1590,-0.795023265036954
1591,0.542940151074944
1592,0.887453593042786
1593,1.4625651601077
1594,-1.93695687521452
1595,-0.210947629257252
1596,1.02373561958391
1597,-3.20844498356371
1598,-0.980160771855976
1599,-2.81108703787125
1600,0.0725918986460128
1601,2.693264388379
1602,1.46714553329597
1603,-1.10820262798306
1604,-2.72711489936527
1605,-0.327372657170655
1606,-2.03716195498866
1607,-0.0418158599794549
1608,-2.36972167042834
1609,0.57371139443172
1610,2.09245903479522
1611,3.13533126260366
1612,-1.57852144753929
1613,0.77053171611936
1614,-0.481747580879599
1615,1.412717154633
1616,-0.646049873404253
1617,-1.86548164606767
1618,-3.42005958291957
1619,-2.40679238298922
1620,1.92066080002951
1621,3.26034427953783
1622,-0.631930905550726
1623,0.846253815698006
1624,-0.523970789502604
1625,2.8568487544752
1626,-0.12399770555428
1627,1.44631785266522
1628,-1.10866187258337
1629,0.734726292531174
1630,-0.449083333131794
1631,0.932097985677216
1632,2.60151291610606
1633,0.0748302830414493
1634,0
1635,1.4106329564926
1636,-0.35179770476268
1637,-1.01435122578072
1638,-2.04996016309695
1639,-0.366035713602175
1640,1.45631534209605
1641,-0.237617951042202
1642,-1.10575223653275
1643,-0.448589701148094
1644,-2.42799861202144
1645,0.496152288375873
1646,2.53658536585366
1647,-1.14105074452304
1648,-3.59963732102422
1649,0.127251419632923
1650,-2.76407530943579
1651,-5.82994738323961
1652,4.41535072921724
1653,-1.51786605580745
1654,0.127504748084761
1655,2.5060873920387
1656,-1.63550976809703
1657,1.4951912914817
1658,-0.716147019698588
1659,-2.58267171489401
1660,0.34962776351275
1661,0.172193210437799
1662,-0.998985217375004
1663,0.120622694375627
1664,-0.6831553185627
1665,3.80944609903036
1666,0.718681796625886
1667,0.852206215174278
1668,1.41633779566148
1669,0.256879147262956
1670,-2.78570540676981
1671,0.470760157615935
1672,1.99447292825716
1673,0.89230009192931
1674,0.25517608664376
1675,3.87303377575476
1676,-0.715476790630953
1677,-0.533395176252305
1678,2.09029217950449
1679,0.771446155029665
1680,0.389569183717775
1681,-0.499270461534085
1682,-1.68205907148812
1683,-2.42913012850099
1684,1.12555082530434
1685,-0.808240458306564
1686,3.00887547529463
1687,0.102642935106045
1688,0.200983495283524
1689,-2.58400353597956
1690,1.73080005424933
1691,0.175734570504704
1692,0
1693,0
1694,0
1695,3.22373021614939
1696,-0.977960722171956
1697,0
1698,0
1699,3.31463201003714
1700,1.20591523994575
1701,-1.28821924631249
1702,-0.460315822066271
1703,-1.06774685597628
1704,-1.30169273623313
1705,-2.43313078874402
1706,0.371737321749888
1707,-0.110843106402159
1708,-0.125198713758101
1709,1.83613431170324
1710,1.75061191962509
1711,0.484376638966899
1712,-1.40019439411899
1713,-0.275263676722803
1714,-0.391858959084845
1715,1.04638384144609
1716,1.16516733312395
1717,1.60424462181856
1718,1.35087987339491
1719,-0.0449991337666766
1720,1.96622195010501
1721,-0.015452947980954
1722,-0.440035503115366
1723,-0.32222653434606
1724,0.938656913000124
1725,-0.382418870993684
1726,0.864243421926014
1727,-0.135128613483904
1728,-0.946521221493435
1729,0.289397410281267
1730,0.290552403359268
1731,2.02532873559162
1732,-0.340578551330983
1733,-0.663101789811038
1734,0.042566381726572
1735,0.602876263083596
1736,-0.132518988604657
1737,2.17241641419899
1738,-0.187051766576407
1739,-0.0408877758327653
1740,1.86967655618191
1741,-0.460095114208159
1742,-1.45179657199523
1743,-0.300606329362207
1744,1.84521492936904
1745,1.38954502793578
1746,0.483133805077363
1747,0.210006965883647
1748,-0.488235257824821
1749,0.693785689042636
1750,0.684490090800138
1751,0.821919483691058
1752,-0.755371610077815
1753,0.842611361807455
1754,1.92427741110444
1755,-0.615044914333729
1756,1.00156956441098
1757,0.982949440698211
1758,-1.66460375469533
1759,0.753628952077934
1760,0.0590104403086933
1761,0.539656678941736
1762,0.747461866692833
1763,0.850769665163997
1764,1.45355123729494
1765,1.74275643660837
1766,-0.677529840681346
1767,-0.79703635065832
1768,0.852421046636342
1769,0
1770,0
1771,1.04908466280764
1772,-0.162817298127038
1773,-1.23655592957209
1774,0.63593785719549
1775,1.52629335996681
1776,-0.631110239962429
1777,-1.14481372585509
1778,-0.935756398382614
1779,-2.24510077775687
1780,-2.75463511921655
1781,2.16222807238478
1782,-0.529850045393354
1783,3.09669931940673
1784,0
1785,1.84155246001416
1786,-2.08983185799261
1787,0.735142168305836
1788,-1.89434375130588
1789,2.04689741698274
1790,1.48256084210368
1791,-0.765225519981305
1792,1.20897091461278
1793,0.0394639602828706
1794,0.748030836733915
1795,-1.3048754134876
1796,1.82159793100609
1797,1.35103841205662
1798,0
1799,0.284340766450675
1800,1.12600109580323
1801,0.848106200133758
1802,-3.06761302082134
1803,0.740458908920627
1804,0.90115772348276
1805,0
1806,0.482995290615973
1807,1.01346208605921
1808,-0.621230333911305
1809,2.12956124294874
1810,1.08825712913228
1811,-0.229477885969531
1812,0.440786522497438
1813,0
1814,-2.89487206900239
1815,-0.88966391658114
1816,0.725107682163828
1817,2.15450459024034
1818,-0.921845152999468
1819,-0.802651720859282
1820,0.0689200633568365
1821,1.77457592008654
1822,0.627311536895858
1823,1.76889565036997
1824,-0.275705316373132
1825,1.07725249510688
1826,-1.54877286293781
1827,1.17565899726628
1828,-0.0906859137367211
1829,0.95340507861783
1830,-0.32525643928909
1831,0.569162882905916
1832,0.71972663440365
1833,-0.299889182224633
1834,0.00666573346397303
1835,0.367757330151774
1836,1.30476432393483
1837,0.0688310198462938
1838,0.0311164245590412
1839,0.898166339227235
1840,0.376935383896448
1841,-0.0321689467822073
1842,-1.6653999773613
1843,-0.613210417177124
1844,-0.0536084794054092
1845,-3.08298209774558
1846,0.224960926490558
1847,-0.660926592495648
1848,1.33116248108511
1849,-0.764264780328905
1850,-1.48109854824702
1851,-0.964259366373543
1852,-1.81737108084004
1853,-1.5432511037852
1854,1.26987113159627
1855,-2.46306034667542
1856,-3.19846605487115
1857,1.91381404447404
1858,-0.592358556063366
1859,2.21642082303928
