"x","uniform","Epanechnikov","Gaussian"
-1.5,0,0,0.129517595665892
-1.495,0,0,0.130490998291897
-1.49,0,0,0.131468429872231
-1.485,0,0,0.132449871531428
-1.48,0,0,0.133435303951002
-1.475,0,0,0.134424707368079
-1.47,0,0,0.135418061574071
-1.465,0,0,0.136415345913403
-1.46,0,0,0.137416539282282
-1.455,0,0,0.138421620127511
-1.45,0,0,0.13943056644536
-1.445,0,0,0.140443355780475
-1.44,0,0,0.141459965224839
-1.435,0,0,0.142480371416786
-1.43,0,0,0.143504550540062
-1.425,0,0,0.144532478322933
-1.42,0,0,0.145564130037348
-1.415,0,0,0.146599480498153
-1.41,0,0,0.147638504062356
-1.405,0,0,0.148681174628442
-1.4,0,0,0.149727465635745
-1.395,0,0,0.150777350063868
-1.39,0,0,0.151830800432162
-1.385,0,0,0.152887788799254
-1.38,0,0,0.153948286762634
-1.375,0,0,0.155012265458293
-1.37,0,0,0.156079695560421
-1.365,0,0,0.157150547281153
-1.36,0,0,0.158224790370383
-1.355,0,0,0.159302394115621
-1.35,0,0,0.16038332734192
-1.345,0,0,0.161467558411849
-1.34,0,0,0.162555055225534
-1.335,0,0,0.163645785220751
-1.33,0,0,0.164739715373077
-1.325,0,0,0.165836812196105
-1.32,0,0,0.166937041741714
-1.315,0,0,0.168040369600401
-1.31,0,0,0.169146760901672
-1.305,0,0,0.170256180314495
-1.3,0,0,0.171368592047807
-1.295,0,0,0.172483959851097
-1.29,0,0,0.173602247015033
-1.285,0,0,0.17472341637216
-1.28,0,0,0.175847430297662
-1.275,0,0,0.17697425071018
-1.27,0,0,0.178103839072694
-1.265,0,0,0.179236156393472
-1.26,0,0,0.18037116322708
-1.255,0,0,0.181508819675451
-1.25,0,0,0.182649085389022
-1.245,0,0,0.183791919567936
-1.24,0,0,0.184937280963305
-1.235,0,0,0.186085127878537
-1.23,0,0,0.18723541817073
-1.225,0,0,0.188388109252126
-1.22,0,0,0.18954315809164
-1.215,0,0,0.190700521216439
-1.21,0,0,0.191860154713599
-1.205,0,0,0.193022014231821
-1.2,0,0,0.194186054983213
-1.195,0,0,0.19535223174514
-1.19,0,0,0.196520498862137
-1.185,0,0,0.197690810247888
-1.18,0,0,0.198863119387276
-1.175,0,0,0.200037379338488
-1.17,0,0,0.201213542735197
-1.165,0,0,0.202391561788807
-1.16,0,0,0.203571388290759
-1.155,0,0,0.20475297361491
-1.15,0,0,0.205936268719975
-1.145,0,0,0.207121224152033
-1.14,0,0,0.208307790047108
-1.135,0,0,0.209495916133804
-1.13,0,0,0.210685551736015
-1.125,0,0,0.211876645775699
-1.12,0,0,0.213069146775718
-1.115,0,0,0.214263002862741
-1.11,0,0,0.21545816177022
-1.105,0,0,0.216654570841425
-1.1,0,0,0.217852177032551
-1.095,0,0,0.219050926915882
-1.09,0,0,0.220250766683033
-1.085,0,0,0.221451642148247
-1.08,0,0,0.222653498751761
-1.075,0,0,0.223856281563239
-1.07,0,0,0.22505993528527
-1.065,0,0,0.226264404256924
-1.06,0,0,0.227469632457386
-1.055,0,0,0.228675563509641
-1.05,0,0,0.229882140684233
-1.045,0,0,0.231089306903081
-1.04,0,0,0.232297004743366
-1.035,0,0,0.233505176441475
-1.03,0,0,0.234713763897012
-1.025,0,0,0.235922708676873
-1.02,0,0,0.23713195201938
-1.015,0,0,0.238341434838481
-1.01,0,0,0.239551097728013
-1.005,0,0,0.240760880966021
-1,0.5,0,0.241970724519143
-0.995,0.5,0.00748124999999997,0.243180568047061
-0.99,0.5,0.014925,0.244390350907
-0.985,0.5,0.02233125,0.2456000121583
-0.98,0.5,0.0297000000000001,0.246809490567043
-0.975,0.5,0.03703125,0.248018724610737
-0.97,0.5,0.044325,0.249227652483066
-0.965,0.5,0.05158125,0.250436212098691
-0.96,0.5,0.0588,0.251644341098117
-0.955,0.5,0.06598125,0.252851976852613
-0.95,0.5,0.073125,0.254059056469189
-0.945,0.5,0.08023125,0.255265516795637
-0.94,0.5,0.0873,0.25647129442562
-0.935,0.5,0.0943312500000001,0.257676325703821
-0.93,0.5,0.101325,0.258880546731149
-0.925,0.5,0.10828125,0.260083893369996
-0.92,0.5,0.1152,0.261286301249553
-0.915,0.5,0.12208125,0.262487705771179
-0.91,0.5,0.128925,0.263688042113818
-0.905,0.5,0.13573125,0.264887245239478
-0.9,0.5,0.1425,0.266085249898755
-0.895,0.5,0.14923125,0.26728199063641
-0.89,0.5,0.155925,0.268477401797002
-0.885,0.5,0.16258125,0.269671417530565
-0.88,0.5,0.1692,0.270863971798338
-0.875,0.5,0.17578125,0.272054998378544
-0.87,0.5,0.182325,0.273244430872216
-0.865,0.5,0.18883125,0.274432202709077
-0.86,0.5,0.1953,0.275618247153457
-0.855,0.5,0.20173125,0.276802497310263
-0.85,0.5,0.208125,0.277984886130996
-0.845,0.5,0.21448125,0.279165346419812
-0.84,0.5,0.2208,0.280343810839621
-0.835,0.5,0.22708125,0.281520211918239
-0.83,0.5,0.233325,0.28269448205458
-0.825,0.5,0.23953125,0.283866553524887
-0.82,0.5,0.2457,0.285036358489007
-0.815,0.5,0.25183125,0.286203828996707
-0.81,0.5,0.257925,0.287368896994028
-0.805,0.5,0.26398125,0.288531494329683
-0.8,0.5,0.27,0.289691552761483
-0.795,0.5,0.27598125,0.290849003962814
-0.79,0.5,0.281925,0.292003779529141
-0.785,0.5,0.28783125,0.29315581098455
-0.78,0.5,0.2937,0.294305029788325
-0.775,0.5,0.29953125,0.295451367341563
-0.77,0.5,0.305325,0.296594754993816
-0.765,0.5,0.31108125,0.297735124049769
-0.76,0.5,0.3168,0.298872405775953
-0.755,0.5,0.32248125,0.300006531407477
-0.75,0.5,0.328125,0.301137432154804
-0.745,0.5,0.33373125,0.302265039210549
-0.74,0.5,0.3393,0.3033892837563
-0.735,0.5,0.34483125,0.304510096969478
-0.73,0.5,0.350325,0.30562741003021
-0.725,0.5,0.35578125,0.30674115412824
-0.72,0.5,0.3612,0.307851260469853
-0.715,0.5,0.36658125,0.308957660284829
-0.71,0.5,0.371925,0.310060284833416
-0.705,0.5,0.37723125,0.311159065413329
-0.7,0.5,0.3825,0.312253933366761
-0.695,0.5,0.38773125,0.313344820087424
-0.69,0.5,0.392925,0.314431657027597
-0.685,0.5,0.39808125,0.315514375705203
-0.68,0.5,0.4032,0.316592907710893
-0.675,0.5,0.40828125,0.317667184715148
-0.67,0.5,0.413325,0.318737138475402
-0.665,0.5,0.41833125,0.319802700843165
-0.66,0.5,0.4233,0.320863803771173
-0.655,0.5,0.42823125,0.321920379320538
-0.65,0.5,0.433125,0.322972359667914
-0.645,0.5,0.43798125,0.324019677112673
-0.64,0.5,0.4428,0.325062264084082
-0.635,0.5,0.44758125,0.326100053148497
-0.63,0.5,0.452325,0.327132977016554
-0.625,0.5,0.45703125,0.328160968550375
-0.62,0.5,0.4617,0.329183960770765
-0.615,0.5,0.46633125,0.330201886864423
-0.61,0.5,0.470925,0.331214680191153
-0.605,0.5,0.47548125,0.332222274291067
-0.6,0.5,0.48,0.3332246028918
-0.595,0.5,0.48448125,0.334221599915714
-0.59,0.5,0.488925,0.335213199487106
-0.585,0.5,0.49333125,0.336199335939407
-0.58,0.5,0.4977,0.337179943822381
-0.575,0.5,0.50203125,0.338154957909311
-0.57,0.5,0.506325,0.339124313204192
-0.565,0.5,0.51058125,0.340087944948898
-0.56,0.5,0.5148,0.341045788630353
-0.555,0.5,0.51898125,0.341997779987687
-0.55,0.5,0.523125,0.342943855019384
-0.545,0.5,0.52723125,0.343883949990409
-0.54,0.5,0.5313,0.344818001439333
-0.535,0.5,0.53533125,0.345745946185435
-0.53,0.5,0.539325,0.346667721335792
-0.525,0.5,0.54328125,0.347583264292348
-0.52,0.5,0.5472,0.348492512758974
-0.515,0.5,0.55108125,0.3493954047485
-0.51,0.5,0.554925,0.350291878589726
-0.505,0.5,0.55873125,0.351181872934423
-0.5,0.5,0.5625,0.3520653267643
-0.495,0.5,0.56623125,0.35294217939795
-0.49,0.5,0.569925,0.35381237049778
-0.485,0.5,0.57358125,0.354675840076899
-0.48,0.5,0.5772,0.355532528505997
-0.475,0.5,0.58078125,0.356382376520183
-0.47,0.5,0.584325,0.357225325225801
-0.465,0.5,0.58783125,0.358061316107211
-0.46,0.5,0.5913,0.358890291033545
-0.455,0.5,0.59473125,0.359712192265424
-0.45,0.5,0.598125,0.360526962461648
-0.445,0.5,0.60148125,0.361334544685846
-0.44,0.5,0.6048,0.362134882413092
-0.435,0.5,0.60808125,0.362927919536491
-0.43,0.5,0.611325,0.363713600373713
-0.425,0.5,0.61453125,0.364491869673506
-0.42,0.5,0.6177,0.365262672622154
-0.415,0.5,0.62083125,0.366025954849901
-0.41,0.5,0.623925,0.366781662437336
-0.405,0.5,0.62698125,0.367529741921728
-0.4,0.5,0.63,0.368270140303323
-0.395,0.5,0.63298125,0.369002805051591
-0.39,0.5,0.635925,0.369727684111432
-0.385,0.5,0.63883125,0.370444725909331
-0.38,0.5,0.6417,0.371153879359466
-0.375,0.5,0.64453125,0.371855093869769
-0.37,0.5,0.647325,0.372548319347933
-0.365,0.5,0.65008125,0.373233506207373
-0.36,0.5,0.6528,0.373910605373128
-0.355,0.5,0.65548125,0.374579568287718
-0.35,0.5,0.658125,0.375240346916938
-0.345,0.5,0.66073125,0.375892893755607
-0.34,0.5,0.6633,0.376537161833254
-0.335,0.5,0.66583125,0.377173104719746
-0.33,0.5,0.668325,0.377800676530865
-0.325,0.5,0.67078125,0.378419831933819
-0.32,0.5,0.6732,0.379030526152702
-0.315,0.5,0.67558125,0.379632714973878
-0.31,0.5,0.677925,0.380226354751325
-0.305,0.5,0.68023125,0.380811402411894
-0.3,0.5,0.6825,0.381387815460524
-0.295,0.5,0.68473125,0.381955551985378
-0.29,0.5,0.686925,0.382514570662924
-0.285,0.5,0.68908125,0.383064830762944
-0.28,0.5,0.6912,0.383606292153479
-0.275,0.5,0.69328125,0.384138915305705
-0.27,0.5,0.695325,0.384662661298743
-0.265,0.5,0.69733125,0.385177491824395
-0.26,0.5,0.6993,0.385683369191816
-0.255,0.5,0.70123125,0.386180256332108
-0.25,0.5,0.703125,0.386668116802849
-0.245,0.5,0.70498125,0.387146914792546
-0.24,0.5,0.7068,0.387616615125014
-0.235,0.5,0.70858125,0.388077183263685
-0.23,0.5,0.710325,0.388528585315836
-0.225,0.5,0.71203125,0.388970788036749
-0.22,0.5,0.7137,0.38940375883379
-0.215,0.5,0.71533125,0.389827465770411
-0.21,0.5,0.716925,0.390241877570074
-0.205,0.5,0.71848125,0.390646963620105
-0.2,0.5,0.72,0.391042693975456
-0.195,0.5,0.72148125,0.391429039362396
-0.19,0.5,0.722925,0.391805971182121
-0.185,0.5,0.72433125,0.392173461514282
-0.18,0.5,0.7257,0.392531483120429
-0.175,0.5,0.72703125,0.392880009447379
-0.17,0.5,0.728325,0.393219014630497
-0.165,0.5,0.72958125,0.393548473496894
-0.16,0.5,0.7308,0.393868361568541
-0.155,0.5,0.73198125,0.394178655065305
-0.15,0.5,0.733125,0.394479330907889
-0.145,0.5,0.73423125,0.394770366720698
-0.14,0.5,0.7353,0.395051740834611
-0.135,0.5,0.73633125,0.395323432289671
-0.13,0.5,0.737325,0.395585420837687
-0.125,0.5,0.73828125,0.39583768694475
-0.12,0.5,0.7392,0.396080211793656
-0.115,0.5,0.74008125,0.396312977286253
-0.11,0.5,0.740925,0.396535966045686
-0.105,0.5,0.74173125,0.396749161418559
-0.0999999999999999,0.5,0.7425,0.396952547477012
-0.095,0.5,0.74323125,0.3971461090207
-0.0900000000000001,0.5,0.743925,0.397329831578688
-0.085,0.5,0.74458125,0.397503701411257
-0.0800000000000001,0.5,0.7452,0.397667705511609
-0.075,0.5,0.74578125,0.397821831607497
-0.0700000000000001,0.5,0.746325,0.397966068162751
-0.065,0.5,0.74683125,0.398100404378717
-0.06,0.5,0.7473,0.398224830195607
-0.0549999999999999,0.5,0.74773125,0.398339336293751
-0.05,0.5,0.748125,0.398443914094764
-0.0449999999999999,0.5,0.74848125,0.398538555762615
-0.04,0.5,0.7488,0.398623254204605
-0.0349999999999999,0.5,0.74908125,0.398698003072256
-0.03,0.5,0.749325,0.3987627967621
-0.0249999999999999,0.5,0.74953125,0.398817630416382
-0.02,0.5,0.7497,0.398862499923666
-0.0149999999999999,0.5,0.74983125,0.39889740191935
-0.01,0.5,0.749925,0.398922333786082
-0.00499999999999989,0.5,0.74998125,0.398937293654095
0,0.5,0.75,0.398942280401433
0.00500000000000012,0.5,0.74998125,0.398937293654095
0.01,0.5,0.749925,0.398922333786082
0.0150000000000001,0.5,0.74983125,0.39889740191935
0.02,0.5,0.7497,0.398862499923666
0.0250000000000001,0.5,0.74953125,0.398817630416382
0.03,0.5,0.749325,0.3987627967621
0.0350000000000001,0.5,0.74908125,0.398698003072256
0.04,0.5,0.7488,0.398623254204605
0.0449999999999999,0.5,0.74848125,0.398538555762615
0.05,0.5,0.748125,0.398443914094764
0.0549999999999999,0.5,0.74773125,0.398339336293751
0.06,0.5,0.7473,0.398224830195607
0.065,0.5,0.74683125,0.398100404378717
0.0700000000000001,0.5,0.746325,0.397966068162751
0.075,0.5,0.74578125,0.397821831607497
0.0800000000000001,0.5,0.7452,0.397667705511609
0.085,0.5,0.74458125,0.397503701411257
0.0900000000000001,0.5,0.743925,0.397329831578688
0.095,0.5,0.74323125,0.3971461090207
0.1,0.5,0.7425,0.396952547477012
0.105,0.5,0.74173125,0.396749161418559
0.11,0.5,0.740925,0.396535966045686
0.115,0.5,0.74008125,0.396312977286253
0.12,0.5,0.7392,0.396080211793656
0.125,0.5,0.73828125,0.39583768694475
0.13,0.5,0.737325,0.395585420837687
0.135,0.5,0.73633125,0.395323432289671
0.14,0.5,0.7353,0.395051740834611
0.145,0.5,0.73423125,0.394770366720698
0.15,0.5,0.733125,0.394479330907889
0.155,0.5,0.73198125,0.394178655065305
0.16,0.5,0.7308,0.393868361568541
0.165,0.5,0.72958125,0.393548473496894
0.17,0.5,0.728325,0.393219014630497
0.175,0.5,0.72703125,0.392880009447379
0.18,0.5,0.7257,0.392531483120429
0.185,0.5,0.72433125,0.392173461514282
0.19,0.5,0.722925,0.391805971182121
0.195,0.5,0.72148125,0.391429039362396
0.2,0.5,0.72,0.391042693975456
0.205,0.5,0.71848125,0.390646963620105
0.21,0.5,0.716925,0.390241877570074
0.215,0.5,0.71533125,0.389827465770411
0.22,0.5,0.7137,0.38940375883379
0.225,0.5,0.71203125,0.388970788036749
0.23,0.5,0.710325,0.388528585315836
0.235,0.5,0.70858125,0.388077183263685
0.24,0.5,0.7068,0.387616615125014
0.245,0.5,0.70498125,0.387146914792546
0.25,0.5,0.703125,0.386668116802849
0.255,0.5,0.70123125,0.386180256332108
0.26,0.5,0.6993,0.385683369191816
0.265,0.5,0.69733125,0.385177491824395
0.27,0.5,0.695325,0.384662661298743
0.275,0.5,0.69328125,0.384138915305705
0.28,0.5,0.6912,0.383606292153479
0.285,0.5,0.68908125,0.383064830762944
0.29,0.5,0.686925,0.382514570662924
0.295,0.5,0.68473125,0.381955551985378
0.3,0.5,0.6825,0.381387815460524
0.305,0.5,0.68023125,0.380811402411894
0.31,0.5,0.677925,0.380226354751325
0.315,0.5,0.67558125,0.379632714973878
0.32,0.5,0.6732,0.379030526152702
0.325,0.5,0.67078125,0.378419831933819
0.33,0.5,0.668325,0.377800676530865
0.335,0.5,0.66583125,0.377173104719746
0.34,0.5,0.6633,0.376537161833254
0.345,0.5,0.66073125,0.375892893755607
0.35,0.5,0.658125,0.375240346916938
0.355,0.5,0.65548125,0.374579568287718
0.36,0.5,0.6528,0.373910605373128
0.365,0.5,0.65008125,0.373233506207373
0.37,0.5,0.647325,0.372548319347933
0.375,0.5,0.64453125,0.371855093869769
0.38,0.5,0.6417,0.371153879359466
0.385,0.5,0.63883125,0.370444725909331
0.39,0.5,0.635925,0.369727684111432
0.395,0.5,0.63298125,0.369002805051591
0.4,0.5,0.63,0.368270140303323
0.405,0.5,0.62698125,0.367529741921728
0.41,0.5,0.623925,0.366781662437336
0.415,0.5,0.62083125,0.366025954849901
0.42,0.5,0.6177,0.365262672622154
0.425,0.5,0.61453125,0.364491869673506
0.43,0.5,0.611325,0.363713600373713
0.435,0.5,0.60808125,0.362927919536491
0.44,0.5,0.6048,0.362134882413092
0.445,0.5,0.60148125,0.361334544685846
0.45,0.5,0.598125,0.360526962461648
0.455,0.5,0.59473125,0.359712192265424
0.46,0.5,0.5913,0.358890291033545
0.465,0.5,0.58783125,0.358061316107211
0.47,0.5,0.584325,0.357225325225801
0.475,0.5,0.58078125,0.356382376520183
0.48,0.5,0.5772,0.355532528505997
0.485,0.5,0.57358125,0.354675840076899
0.49,0.5,0.569925,0.35381237049778
0.495,0.5,0.56623125,0.35294217939795
0.5,0.5,0.5625,0.3520653267643
0.505,0.5,0.55873125,0.351181872934423
0.51,0.5,0.554925,0.350291878589726
0.515,0.5,0.55108125,0.3493954047485
0.52,0.5,0.5472,0.348492512758974
0.525,0.5,0.54328125,0.347583264292348
0.53,0.5,0.539325,0.346667721335792
0.535,0.5,0.53533125,0.345745946185435
0.54,0.5,0.5313,0.344818001439333
0.545,0.5,0.52723125,0.343883949990409
0.55,0.5,0.523125,0.342943855019384
0.555,0.5,0.51898125,0.341997779987687
0.56,0.5,0.5148,0.341045788630353
0.565,0.5,0.51058125,0.340087944948898
0.57,0.5,0.506325,0.339124313204192
0.575,0.5,0.50203125,0.338154957909311
0.58,0.5,0.4977,0.337179943822381
0.585,0.5,0.49333125,0.336199335939407
0.59,0.5,0.488925,0.335213199487106
0.595,0.5,0.48448125,0.334221599915714
0.6,0.5,0.48,0.3332246028918
0.605,0.5,0.47548125,0.332222274291067
0.61,0.5,0.470925,0.331214680191153
0.615,0.5,0.46633125,0.330201886864423
0.62,0.5,0.4617,0.329183960770765
0.625,0.5,0.45703125,0.328160968550375
0.63,0.5,0.452325,0.327132977016554
0.635,0.5,0.44758125,0.326100053148497
0.64,0.5,0.4428,0.325062264084082
0.645,0.5,0.43798125,0.324019677112673
0.65,0.5,0.433125,0.322972359667914
0.655,0.5,0.42823125,0.321920379320538
0.66,0.5,0.4233,0.320863803771172
0.665,0.5,0.41833125,0.319802700843165
0.67,0.5,0.413325,0.318737138475402
0.675,0.5,0.40828125,0.317667184715148
0.68,0.5,0.4032,0.316592907710893
0.685,0.5,0.39808125,0.315514375705203
0.69,0.5,0.392925,0.314431657027597
0.695,0.5,0.38773125,0.313344820087424
0.7,0.5,0.3825,0.312253933366761
0.705,0.5,0.37723125,0.311159065413329
0.71,0.5,0.371925,0.310060284833416
0.715,0.5,0.36658125,0.308957660284829
0.72,0.5,0.3612,0.307851260469853
0.725,0.5,0.35578125,0.30674115412824
0.73,0.5,0.350325,0.30562741003021
0.735,0.5,0.34483125,0.304510096969478
0.74,0.5,0.3393,0.3033892837563
0.745,0.5,0.33373125,0.302265039210549
0.75,0.5,0.328125,0.301137432154804
0.755,0.5,0.32248125,0.300006531407477
0.76,0.5,0.3168,0.298872405775953
0.765,0.5,0.31108125,0.297735124049769
0.77,0.5,0.305325,0.296594754993816
0.775,0.5,0.29953125,0.295451367341563
0.78,0.5,0.2937,0.294305029788325
0.785,0.5,0.28783125,0.29315581098455
0.79,0.5,0.281925,0.292003779529141
0.795,0.5,0.27598125,0.290849003962814
0.8,0.5,0.27,0.289691552761483
0.805,0.5,0.26398125,0.288531494329683
0.81,0.5,0.257925,0.287368896994028
0.815,0.5,0.25183125,0.286203828996707
0.82,0.5,0.2457,0.285036358489007
0.825,0.5,0.23953125,0.283866553524887
0.83,0.5,0.233325,0.28269448205458
0.835,0.5,0.22708125,0.281520211918239
0.84,0.5,0.2208,0.280343810839621
0.845,0.5,0.21448125,0.279165346419812
0.85,0.5,0.208125,0.277984886130996
0.855,0.5,0.20173125,0.276802497310263
0.86,0.5,0.1953,0.275618247153457
0.865,0.5,0.18883125,0.274432202709077
0.87,0.5,0.182325,0.273244430872216
0.875,0.5,0.17578125,0.272054998378544
0.88,0.5,0.1692,0.270863971798338
0.885,0.5,0.16258125,0.269671417530565
0.89,0.5,0.155925,0.268477401797002
0.895,0.5,0.14923125,0.26728199063641
0.9,0.5,0.1425,0.266085249898755
0.905,0.5,0.13573125,0.264887245239478
0.91,0.5,0.128925,0.263688042113818
0.915,0.5,0.12208125,0.262487705771179
0.92,0.5,0.1152,0.261286301249553
0.925,0.5,0.10828125,0.260083893369996
0.93,0.5,0.101325,0.258880546731149
0.935,0.5,0.0943312499999999,0.257676325703821
0.94,0.5,0.0873,0.25647129442562
0.945,0.5,0.0802312500000002,0.255265516795637
0.95,0.5,0.0731249999999998,0.254059056469189
0.955,0.5,0.0659812499999999,0.252851976852613
0.96,0.5,0.0588,0.251644341098117
0.965,0.5,0.0515812500000002,0.250436212098691
0.97,0.5,0.0443249999999997,0.249227652483066
0.975,0.5,0.0370312499999999,0.248018724610737
0.98,0.5,0.0297000000000001,0.246809490567043
0.985,0.5,0.0223312500000002,0.2456000121583
0.99,0.5,0.0149249999999997,0.244390350907
0.995,0.5,0.0074812499999998,0.243180568047061
1,0.5,0,0.241970724519143
1.005,0,0,0.240760880966021
1.01,0,0,0.239551097728013
1.015,0,0,0.238341434838481
1.02,0,0,0.23713195201938
1.025,0,0,0.235922708676873
1.03,0,0,0.234713763897012
1.035,0,0,0.233505176441475
1.04,0,0,0.232297004743366
1.045,0,0,0.231089306903081
1.05,0,0,0.229882140684233
1.055,0,0,0.228675563509641
1.06,0,0,0.227469632457386
1.065,0,0,0.226264404256924
1.07,0,0,0.22505993528527
1.075,0,0,0.223856281563239
1.08,0,0,0.222653498751761
1.085,0,0,0.221451642148247
1.09,0,0,0.220250766683033
1.095,0,0,0.219050926915882
1.1,0,0,0.217852177032551
1.105,0,0,0.216654570841425
1.11,0,0,0.21545816177022
1.115,0,0,0.214263002862741
1.12,0,0,0.213069146775718
1.125,0,0,0.211876645775699
1.13,0,0,0.210685551736015
1.135,0,0,0.209495916133804
1.14,0,0,0.208307790047108
1.145,0,0,0.207121224152033
1.15,0,0,0.205936268719975
1.155,0,0,0.20475297361491
1.16,0,0,0.203571388290759
1.165,0,0,0.202391561788807
1.17,0,0,0.201213542735197
1.175,0,0,0.200037379338488
1.18,0,0,0.198863119387276
1.185,0,0,0.197690810247888
1.19,0,0,0.196520498862137
1.195,0,0,0.19535223174514
1.2,0,0,0.194186054983213
1.205,0,0,0.193022014231821
1.21,0,0,0.191860154713599
1.215,0,0,0.190700521216439
1.22,0,0,0.18954315809164
1.225,0,0,0.188388109252126
1.23,0,0,0.18723541817073
1.235,0,0,0.186085127878537
1.24,0,0,0.184937280963305
1.245,0,0,0.183791919567936
1.25,0,0,0.182649085389022
1.255,0,0,0.181508819675451
1.26,0,0,0.18037116322708
1.265,0,0,0.179236156393472
1.27,0,0,0.178103839072694
1.275,0,0,0.17697425071018
1.28,0,0,0.175847430297662
1.285,0,0,0.17472341637216
1.29,0,0,0.173602247015033
1.295,0,0,0.172483959851097
1.3,0,0,0.171368592047807
1.305,0,0,0.170256180314494
1.31,0,0,0.169146760901672
1.315,0,0,0.168040369600401
1.32,0,0,0.166937041741714
1.325,0,0,0.165836812196105
1.33,0,0,0.164739715373077
1.335,0,0,0.163645785220751
1.34,0,0,0.162555055225534
1.345,0,0,0.161467558411849
1.35,0,0,0.16038332734192
1.355,0,0,0.159302394115621
1.36,0,0,0.158224790370383
1.365,0,0,0.157150547281153
1.37,0,0,0.156079695560421
1.375,0,0,0.155012265458293
1.38,0,0,0.153948286762634
1.385,0,0,0.152887788799254
1.39,0,0,0.151830800432162
1.395,0,0,0.150777350063868
1.4,0,0,0.149727465635745
1.405,0,0,0.148681174628442
1.41,0,0,0.147638504062356
1.415,0,0,0.146599480498153
1.42,0,0,0.145564130037348
1.425,0,0,0.144532478322933
1.43,0,0,0.143504550540062
1.435,0,0,0.142480371416786
1.44,0,0,0.141459965224839
1.445,0,0,0.140443355780475
1.45,0,0,0.13943056644536
1.455,0,0,0.138421620127511
1.46,0,0,0.137416539282282
1.465,0,0,0.136415345913404
1.47,0,0,0.135418061574071
1.475,0,0,0.134424707368079
1.48,0,0,0.133435303951002
1.485,0,0,0.132449871531428
1.49,0,0,0.131468429872231
1.495,0,0,0.130490998291897
1.5,0,0,0.129517595665892
