"t","SIMULATED_AR2"
1,-1.2010677657855
2,-0.0945767400986265
3,2.09189203081181
4,1.85265380055522
5,-0.479139303468983
6,0.22800909231165
7,0.366953723802992
8,0.318508424199495
9,0.506918515832618
10,-0.250615313291946
11,-0.336550592225877
12,0.603194871952462
13,1.46838648092526
14,0.0192623367613264
15,-1.43166418748159
16,-0.797145120074074
17,-0.951819667060628
18,-3.00110213477817
19,-2.54979302430965
20,-1.19111972796382
21,1.86531922020692
22,2.61072779752369
23,1.86430341563119
24,-1.0416142627159
25,-2.44199442068287
26,-0.0807300045844629
27,1.09939231476643
28,-0.204322897347748
29,-0.404061412792073
30,-0.662656161617977
31,-1.20189174831331
32,-0.56980672252739
33,1.2248224733809
34,-0.248832085796508
35,-2.40695030364211
36,-1.83632942306828
37,0.182448342032768
38,2.30466158877349
39,2.8470602357533
40,0.446802974289046
41,-1.94819105281936
42,-2.83840101240892
43,-1.17651088024578
44,0.307531368215108
45,0.00613980265066856
46,0.193747089054615
47,0.236602897682006
48,-0.772377515155752
49,0.0423540686378911
50,0.0884287841339962
51,-0.14854900580569
52,-0.101344146082419
53,-0.48603846804213
54,-0.988991764971177
55,0.903527848700652
56,1.50221285412697
57,-1.26512777498967
58,-0.921622897201644
59,-1.48801159474903
60,0.428671354715976
61,0.129425066174577
62,-0.0450532015949028
63,-1.64233412675459
64,-3.26974556641035
65,-0.146950118381973
66,0.514992718985929
67,-1.20604645576192
68,-0.411273416385733
69,-0.829276044962023
70,-0.286001883150134
71,1.00815671957707
72,1.15197254871378
73,0.810726175432596
74,-0.228239407844623
75,-0.958086040045274
76,0.776545292344087
77,1.41414179116462
78,0.19322925314258
79,0.2750906366352
80,0.951854819674768
81,0.830323269868525
82,1.70104826368986
83,0.748870063978194
84,-0.102386335563589
85,-1.21176910062657
86,0.412444233728951
87,-0.47418084412506
88,0.132376075634607
89,1.132787877637
90,1.60977429984506
91,-0.758510821757087
92,-1.10007896895205
93,-1.31755321075322
94,0.908708967220544
95,0.205639774867094
96,0.00894446790792971
97,-0.163057452554565
98,-0.59429659988357
99,-0.560353892510387
100,-0.497733931612952
101,-1.01879631186037
102,0.60100411735004
103,0.359416926692785
104,-0.205838281204294
105,0.916486115865122
106,-0.976267509376612
107,-3.22479481431078
108,-3.58497780101944
109,-1.50907510868552
110,1.24626829267014
111,1.24799100721046
112,0.577304649198524
113,-1.13041094457589
114,-0.567725443706182
115,0.155351503654631
116,-0.701277283544542
117,0.310520747577185
118,0.968447819808243
119,-1.09760996078127
120,-0.162447267088011
121,0.133807823114276
122,1.97663761511534
123,1.30972382186254
124,-0.810661401346848
125,0.937646099985536
126,1.0080492728762
127,-0.125178002877281
128,0.574539739131922
129,1.55790900706827
130,-0.0939033095244724
131,0.0959497057024098
132,-1.89987620499059
133,-1.52886779799411
134,0.223494545680415
135,1.00385762708264
136,1.47742702072711
137,-0.00636499124731955
138,-0.513151047191072
139,-0.46711535452868
140,1.19780827554541
141,0.185261835784452
142,1.17308535054479
143,1.48340802645015
144,1.22321016681665
145,-0.202059265272786
146,-0.510119583432196
147,-0.0732598058107652
148,-2.2957206042309
149,-1.69015742566261
150,-1.41078783244389
151,-2.08046173736833
152,-0.104440111495189
153,-0.945657108131242
154,-0.923997459166873
155,-1.75488394037308
156,1.1614718667054
157,2.37459625108605
158,0.629968355360303
159,0.621543466579876
160,-0.212580386307088
161,-0.209797794341724
162,-0.471090226427356
163,1.76722357656556
164,1.80813885988152
165,-0.263511445323734
166,-0.928337006934147
167,0.682546280015731
168,1.07009385798283
169,0.831433957044139
170,1.25269139728344
171,-0.990686323833625
172,-1.71909470270262
173,-1.29227228898122
174,0.620098277504892
175,-0.738958690706272
176,-1.13953127548203
177,0.730879098365291
178,1.08033663915454
179,-0.00620934787546967
180,-0.188858265342372
181,0.247737058643766
182,0.241118549947397
183,-0.189700854627154
184,-0.600954575419029
185,-1.40524545694151
186,-0.665089353725271
187,0.877186357633828
188,1.56539247333381
189,2.57206652945413
190,1.7983550841191
191,-1.10237669119862
192,-0.825500622622555
193,0.214008317856771
194,1.72653719023371
195,-0.958002468684645
196,-0.786647392566659
197,-0.117261227678379
198,0.345047651184062
199,1.11147974445876
200,0.31753126463019
201,0.217944402146073
202,-0.442445638081339
203,0.240082370013435
204,1.73841453611137
205,2.42381127992554
206,0.634536366716215
207,-2.35159034070249
208,-1.66252371478833
209,0.0273830745154666
210,0.706214008070309
211,-0.235814708938542
212,-1.48397659453362
213,-1.39657483126975
214,0.818944958738206
215,2.44004599649903
216,0.338451557531902
217,0.114401320567896
218,-0.663800414796156
219,-0.578679161045881
220,-0.397615511544843
221,-0.79643392893222
222,0.422412395263254
223,-0.03593848967537
224,-0.632320524812533
225,-0.0824050096879888
226,0.0297420091302428
227,0.386028474973778
228,-0.428490102254166
229,-0.442140978059716
230,0.631204166541598
231,-0.315470912600506
232,-0.872386552737435
233,-0.525049531882679
234,0.12001367053549
235,0.567205098999646
236,-0.274578839611327
237,-0.262166697481118
238,0.452814551892628
239,-1.997047095523
240,-0.853374111488326
241,0.892235782119156
242,0.209228578728641
243,-1.60203328239632
244,-0.469154226077292
245,0.034198783303369
246,1.14785787035593
247,1.72304116330079
248,1.58966383955242
249,-1.37530695199465
250,1.12668258482546
251,0.853712164718201
252,-0.0381708544007874
253,-1.11051580913778
254,-0.280154403145461
255,0.30092382698414
256,0.579396942026092
257,-0.923968102904827
258,-0.532792919349164
259,0.626324020043825
260,2.21590121148354
261,2.95640194152393
262,0.824796194126805
263,-2.92019859079276
264,-1.50724621957194
265,-0.0964536636838581
266,2.22936561412918
267,1.52019587068162
268,1.0505543564397
269,0.743807216255501
270,-0.33263327588747
271,-0.188772785326679
272,0.900322775711744
273,2.01523133712678
274,0.515592320842167
275,-1.05932163492234
276,-1.70142868826915
277,0.424004827719756
278,1.46133839036713
279,-0.105087473674493
280,-2.71673374694443
281,-1.2598273225256
282,-0.629667563283782
283,2.49696650390941
284,3.95957789771
285,2.52819183629572
286,0.60844902584095
287,0.567962275677218
288,-0.625913445500847
289,-1.60321593726553
290,-0.835155820697915
291,-0.74264560880067
292,-0.637687463628438
293,0.933786968431609
294,0.399924485243336
295,-3.89940195730313
296,-3.06860817238286
297,1.13239607720378
298,2.61811630505425
299,-0.151614615738231
300,-0.794037136889279
301,0.309993061886242
302,2.0954043772957
303,-0.851673708441962
304,-0.177968517725225
305,0.658031193867895
306,0.209771814195665
307,-0.0390324625195028
308,-1.5607188892532
309,0.0698801101549002
310,-0.601380065993916
311,1.17291364950165
312,0.375833675617346
313,1.22289180779384
314,1.50941634911881
315,-0.768753268431609
316,-0.451447825815915
317,-1.76679925692505
318,-0.00561802547617887
319,0.617907097031383
320,-0.646447696276414
321,-0.33845067341357
322,0.218802352256653
323,1.2843150977448
324,0.796905725372559
325,0.440547390118766
326,0.617925061209312
327,0.746469721063537
328,0.349942394482552
329,0.591724233522
330,0.59936311920421
331,-0.83806998541729
332,-1.46814570597338
333,-0.362368893047008
334,-0.661369114757996
335,0.0295682510878155
336,0.138468227189435
337,-0.236237541864766
338,-0.754747100953305
339,-2.67175280920973
340,-0.671408356674146
341,2.08068622602194
342,2.84105588069511
343,-0.682238585597825
344,-1.41278665295394
345,-2.20358170209407
346,0.324775733292282
347,-0.218217658582148
348,1.74812709347913
349,-0.605581096899101
350,-0.434641643719921
351,1.78714033285309
352,0.540324743650313
353,0.183323227591315
354,1.02412157415594
355,0.597580815602883
356,-0.236884469172782
357,1.17597567554002
358,2.26610872333377
359,3.56816770310954
360,1.83227276722466
361,0.820603699973423
362,1.03230710747419
363,-0.732401583078311
364,-3.48636482117065
365,-1.22867928658917
366,1.86525791088422
367,0.887320154142126
368,1.20014606356453
369,0.825712439002784
370,1.33432867122911
371,0.336799754382899
372,0.178104071278523
373,-1.30812803848383
374,-1.14849989965391
375,-0.584631163601943
376,-0.313804926722624
377,-2.09604931917883
378,-1.22447719828661
379,0.717089529916805
380,0.0653106501190666
381,-0.770204213988174
382,0.412039721690606
383,0.493550401105658
384,0.425588822340801
385,0.305314836486143
386,0.383525862545175
387,0.902370876853666
388,0.399219708018757
389,-0.488680383567708
390,-1.95762848877993
391,-0.682182699366529
392,0.987615963435226
393,1.41031789406456
394,-0.85623620111432
395,0.122606508178585
396,-0.911963151273847
397,-1.90393187862532
398,0.477994763783204
399,0.389033023739734
400,-1.55877371704355
401,-1.45073654822382
402,0.181687359672863
403,1.29256726637551
404,0.764626724486053
405,-0.700980061991487
406,-1.46948201268804
407,-0.482788605059716
408,0.81202735273806
409,2.05332757419398
410,1.40580279833503
411,0.13158175533981
412,0.0834122456665716
413,0.435919216306103
414,-0.676234336256185
415,-2.40238185179384
416,-2.16162047024588
417,-0.51323178018703
418,0.27689016447984
419,0.692568588451715
420,-0.0833784610475372
421,-0.547178291661177
422,-0.839888419116772
423,1.43804617486261
424,0.768462147761929
425,-1.07830363538856
426,-0.132757495033538
427,-0.999423478345934
428,-1.08563044672567
429,-1.48958555446361
430,-0.0528605455034102
431,1.91374483082154
432,1.0921141825762
433,-0.641580323294667
434,-1.8821426702656
435,0.412845982883194
436,1.095546219663
437,0.682246457351188
438,-0.754163367913478
439,-1.68997236288685
440,-0.278030496059548
441,1.13021441241447
442,-0.323775064820493
443,0.176042850528377
444,-0.0372667505728661
445,-0.830805099957915
446,-0.06789319187628
447,-0.84309923696962
448,-1.47937558939946
449,1.01846574857116
450,2.08023935483587
451,0.417932502711704
452,-1.92842248574233
453,-2.76462736767413
454,-0.159714113158005
455,1.14067090244602
456,-0.829659227101937
457,-0.701219600279498
458,0.101801611407239
459,-0.180229528466907
460,1.92717039179473
461,0.750213291902537
462,-1.89439007560717
463,-0.844227603975918
464,-0.582337532267154
465,-0.405537351596264
466,-0.69361437971493
467,-0.531438360470836
468,-0.519769278103405
469,-0.6909876452894
470,-1.38360873058415
471,0.37204641878532
472,0.912734539530678
473,0.0755194882230852
474,2.16976313462921
475,1.518353431198
476,-0.713476231065566
477,0.461768605537288
478,1.24591280271402
479,1.56573537538432
480,0.95784968796823
481,-0.247846478581717
482,-0.110569906626753
483,-0.135983091755054
484,-0.512384442252348
485,-0.811667459244049
486,0.70886769321394
487,0.706995801796968
488,1.80611318721057
489,0.529836691146922
490,2.21107413341563
491,1.40467001599755
492,-0.058948731212283
493,-1.03465605914881
494,-0.196659475965556
495,2.1357302619913
496,1.40350634095997
497,1.69338038035835
498,0.769524752042944
499,0.513868739299448
500,0.680293310344818
501,-0.317104820449288
502,0.0122473600260711
503,1.00545101068696
504,-0.398028764064151
505,-0.0871845592175533
506,-1.18983870657724
507,1.1272821552802
508,2.17192964610458
509,2.64908757267392
510,-0.324297541593001
511,-1.78158546218833
512,-1.25705170994289
513,-1.09554778427346
514,-0.0226704134759039
515,1.94637293746894
516,1.43476428925584
517,-0.762564450627735
518,-2.08690497347303
519,-0.808071422350899
520,0.896000654991091
521,-0.169604190866459
522,-0.601065929882589
523,1.65520748161138
524,-0.360247280709952
525,0.526625725434531
526,0.457774341290251
527,0.368918748926139
528,0.959616752435375
529,0.549781808797852
530,0.325847527797854
531,1.64629194678792
532,0.626128159773977
533,-1.08046281569737
534,-0.676531048733435
535,0.392075688048484
536,-0.513768870539661
537,0.199256194020577
538,1.02146817824074
539,1.98133927732763
540,0.981915456637537
541,-0.341964285025179
542,-0.38137234596983
543,1.66262058392175
544,1.28614837792298
545,0.388650417953926
546,-1.67152448218465
547,-1.42871492608507
548,-0.298554722765707
549,0.988522971821274
550,1.4546369559012
551,0.765510432919407
552,-1.39075088707241
553,0.820643145031179
554,2.53676668637783
555,1.82561800855391
556,-0.996748390593798
557,-0.686474093380698
558,0.229516485514709
559,2.17598233109782
560,0.218121031612584
561,0.344179399303061
562,-0.615245777059972
563,-0.755390927433302
564,0.78538400322629
565,1.98847518060813
566,1.48494045363824
567,0.356989155615275
568,-0.755531361712478
569,-0.138129588286781
570,0.106416252900437
571,-0.300969955216606
572,-0.496672716994395
573,-1.76098770966891
574,-1.48873755296969
575,0.0703053051397746
576,-0.100084217410563
577,-0.925166899952036
578,-1.99920099254893
579,-1.67718266909128
580,-2.31222225425597
581,-0.528831843868847
582,-0.408658356820357
583,1.95011076045252
584,2.00912233438842
585,0.578933421032046
586,-0.132938884933899
587,0.609462541225716
588,-0.661117766913243
589,1.53703723556294
590,-0.0426775245266046
591,-0.442731677210968
592,-0.341077458855225
593,-0.246591449255064
594,0.434161651578625
595,0.822293821547966
596,0.96940063757544
597,0.0899460323844801
598,0.635566819810402
599,-1.24369560848233
600,-1.15220916225233
601,-0.32549805488837
602,1.17774106505548
603,1.18325815640805
604,-0.168804132163067
605,-0.914033200838801
606,0.756193998431493
607,2.1939272905723
608,0.741352621285358
609,0.0805796107874306
610,0.176585275874965
611,0.338779557475607
612,-0.152183895328229
613,-2.06818425338986
614,-0.621121156625816
615,-0.0437498333030652
616,-0.476410394011452
617,1.10816524780069
618,-0.880045801314558
619,0.118265600081278
620,0.820809474319998
621,0.403943297437118
622,0.649336846304408
623,-0.357372514790872
624,-0.0799993631648845
625,-0.55438848804048
626,0.353755109439808
627,0.586123487599229
628,-0.599127291504401
629,-0.553841820284358
630,-0.206225361245453
631,1.68312185763441
632,2.03622786470498
633,2.00868967596054
634,0.441464729330552
635,-0.537306521467186
636,-0.605971464201339
637,1.10280977190373
638,-0.288098219560018
639,0.53651661001546
640,-0.172462110285566
641,1.0027467744828
642,-1.09320944886772
643,-1.49145073498499
644,0.392773762947638
645,2.05963624200646
646,2.11609954300777
647,1.52203146258526
648,0.837673235575982
649,-0.479898601906727
650,-1.03526100994944
651,-0.637664355351867
652,-0.270974649465986
653,-0.236821288264601
654,0.273137092304654
655,-1.44611525876385
656,-1.42999672744499
657,-0.723559453335176
658,0.172186779039099
659,1.18566335773526
660,-0.729035086166344
661,-2.76929291778365
662,-2.0032179187179
663,-1.70746293118615
664,-0.911182263742915
665,0.142499455451582
666,0.597543228146431
667,1.0479072172841
668,-1.01088923211676
669,-1.3286241082122
670,0.432964235830821
671,1.25022777819208
672,1.77274194450993
673,1.62932311043079
674,0.448660870108497
675,-1.17318778039193
676,-2.03585805151136
677,-3.2533028706626
678,-1.69150413210365
679,-0.0606647538077248
680,0.860215805537065
681,0.615149285117095
682,0.905362495411618
683,0.697994501021707
684,-0.994147661910166
685,-0.812013293692256
686,2.44124591931528
687,0.924918484203629
688,-1.64880470998295
689,-1.84497722294446
690,-0.683260507453207
691,-0.408946192460729
692,0.425002226463945
693,0.187812316664351
694,-0.133753806834432
695,0.349250841220607
696,0.490074203387995
697,-0.346770825177131
698,-0.253675064756081
699,2.15790770202851
700,0.384731087544415
701,-1.85480416031012
702,-1.26720944736096
703,-1.03965367200059
704,-1.63422921021344
705,-0.485328092544107
706,-1.12207576168893
707,-0.330598880993205
708,-0.468892133535705
709,-0.362086333206225
710,0.405407850599232
711,0.751775110114692
712,-0.374083155228867
713,-1.86426896859517
714,-2.59701342788341
715,-2.93687106579737
716,-1.788672473005
717,-0.523070742590585
718,1.69636581415203
719,1.30895718151234
720,0.587243531869454
721,-0.096970345766314
722,1.29110572305662
723,1.17269850833698
724,0.248507235608645
725,0.0320842497746665
726,0.00791325779001605
727,0.621486677142307
728,1.75605879521427
729,-0.494081130598898
730,-0.318517739957611
731,-1.06847257680929
732,0.397648986884173
733,1.224516356486
734,1.1199477999179
735,-2.49539376812012
736,-3.13745434324236
737,-1.60977458103476
738,0.405839125966552
739,-0.760830221675101
740,0.366990462753612
741,1.2084642982072
742,1.71656219305227
743,3.53684135488957
744,2.51726264708356
745,0.637335337965918
746,-1.48190675441812
747,-2.62375468491657
748,-3.79937943074475
749,-0.811983270246356
750,3.28359495262656
751,1.40370172290488
752,0.234748462989026
753,-1.93868945355035
754,-0.056355996608461
755,2.02812460909723
756,1.19570209031923
757,-0.42996625963846
758,-0.671431107224353
759,-0.699850359481949
760,-0.0607850994518627
761,0.358337472968364
762,-0.448616049717009
763,0.455577444077354
764,-0.899880943550497
765,-1.45256182180794
766,-0.888072437738402
767,0.141708687241958
768,0.660359012909688
769,1.12492341428368
770,1.05796071804763
771,0.473840363072871
772,-0.0987885462882147
773,-2.58351228049602
774,-2.51211437815434
775,-0.484422925672096
776,1.33100566729173
777,-0.681462811914063
778,-0.673347155920081
779,0.750785276396353
780,-0.0227058679294421
781,-2.32671015345919
782,-0.733496152874543
783,0.684096269988552
784,1.11645896657114
785,1.50038584965485
786,0.56659169332604
787,-1.13466318909051
788,-0.808444424683771
789,-0.191753074029011
790,-0.595325968884165
791,-1.1056264165431
792,-1.10085539474539
793,0.260533533946176
794,-0.234677060524142
795,-1.36981222229115
796,-1.48492860216367
797,0.835150596042102
798,1.38192039047048
799,1.68686677718709
800,2.59120436632264
801,1.23958061889923
802,-2.46024709787126
803,-2.25315216180898
804,0.430839109351556
805,1.59385570016249
806,-0.802714383033946
807,-0.381511456916333
808,0.374307879953266
809,0.46980917923843
810,-0.262179295055673
811,-0.85280075023694
812,-1.8426423231227
813,-0.719700948565873
814,0.162841585478078
815,-0.573655824856657
816,-3.61025650979708
817,-3.54349916288758
818,-1.06237111607658
819,1.08521378000963
820,0.680394907140909
821,0.238502865197178
822,0.788523322012362
823,1.52969448423057
824,0.865318542602101
825,-0.126413867144228
826,-0.720104090060013
827,-0.172304986688516
828,0.656535480338936
829,-1.08078897986886
830,-2.15541547449438
831,-1.91754165916642
832,0.806670856359353
833,0.534881338475874
834,0.520770584748855
835,0.178440440072123
836,0.209004111373538
837,-1.48453552294674
838,-1.23764979686318
839,1.34042449523885
840,1.2210604658449
841,1.58312124255635
842,-0.40905889992042
843,-0.308014563739861
844,-0.0789195921815422
845,-0.367426829492053
846,0.744171870845687
847,0.506252923185819
848,0.575961945300702
849,-0.584895258328873
850,0.348626922489728
851,-0.39473240167628
852,0.143185025170981
853,2.52148776395981
854,1.08564604375708
855,0.206415191345138
856,-0.956950785686837
857,-1.8044758932823
858,-1.44258866829838
859,0.0991964877004555
860,0.784013002791158
861,0.373219134244302
862,-0.721445521157512
863,-0.993252485491175
864,1.81117156335251
865,0.905691959563443
866,-1.82517797341121
867,-1.18834771396912
868,2.41231585116801
869,2.14666371874424
870,0.0864344060241049
871,0.327264601225921
872,-0.102789640570843
873,-2.18786850257963
874,-1.33475182286797
875,0.41165364957704
876,0.269998499067563
877,-0.402194633028227
878,-0.491360301848688
879,1.54003946173041
880,0.266152971413545
881,0.0786533733995013
882,-0.406399484137296
883,1.64774171947119
884,1.09475805649467
885,-0.0643443246648625
886,-1.32388909902504
887,-0.860864127450787
888,1.0246371126377
889,0.680978443517197
890,0.0422081601712819
891,-0.701971617917377
892,-0.510800868760349
893,-1.57083027750336
894,-0.254277081148394
895,0.831204482728603
896,2.64577989533311
897,1.35203692258546
898,-0.638595694034116
899,-1.38638710409691
900,-0.602164569613908
901,0.257735860469537
902,-0.934311177635398
903,-1.4521596180348
904,-1.78714893564512
905,-0.679240715782077
906,-0.279867202108772
907,2.01056415820519
908,2.30138475447111
909,-0.200100525990564
910,-2.3756224023967
911,0.245831262466936
912,3.14085753966419
913,2.53366087905439
914,0.930116922947284
915,-2.35050889975394
916,-2.17047457032724
917,0.580699520714257
918,0.100311195242424
919,0.666310280314978
920,0.9409838565351
921,0.685934611534561
922,1.0719048109147
923,0.204922888231721
924,0.215796678645291
925,-0.926617793036361
926,-1.04037455958893
927,-0.441464776218611
928,1.19498135595195
929,-0.877251929209914
930,-1.84200831300798
931,-1.81627617931728
932,-0.00535499884829987
933,0.136623552021577
934,-0.137967290300098
935,0.0192461367577409
936,-0.080078846205932
937,0.812563573788965
938,0.500138914473996
939,0.409120287149311
940,0.665604504162692
941,0.717066717239705
942,0.624213453843957
943,-0.108284958217356
944,-0.984802799861572
945,-0.425848385617633
946,0.162227053830729
947,-0.201320868657218
948,-0.3377920507806
949,1.62221956206044
950,2.09152363491951
951,1.69198362499483
952,0.985588102873131
953,-0.773715152307968
954,0.268432998964626
955,1.53647196054793
956,1.25662768274754
957,-0.240592328249546
958,-0.368446510647288
959,0.796853288256953
960,3.17108367533033
961,3.11506634072113
962,0.915923876271669
963,-2.47421029249786
964,-2.15888390540156
965,1.29286118095562
966,-0.393774884759154
967,-0.825276943567773
968,-0.420867944981795
969,0.251426588267153
970,0.942513095164195
971,-0.936548987865377
972,-2.75237060404994
973,-3.11491719356977
974,-2.53488411801655
975,-1.68227408751669
976,0.933772179367829
977,0.628820285333048
978,-0.353064764459887
979,-1.0066676516935
980,-0.306472794027447
981,-0.792913579746926
982,-0.413335644636984
983,0.251812442281169
984,1.44899857790503
985,1.45889869794472
986,0.161575145016405
987,0.466638613405661
988,0.112011171385564
989,-0.626484443796435
990,-0.317726974786713
991,-0.362534130181011
992,0.523619747308662
993,-0.777377414490958
994,0.459271259911852
995,-0.0372033091239434
996,0.865704449873045
997,-0.169931643215927
998,-0.779117913795918
999,-1.73956667808236
1000,0.0350523603685864
